
===== launch ft s2_c075 at 2026-06-11 15:53:22 =====
✓ Initialized. View run at 
https://modal.com/apps/reichers-shai-c9-dmitry/main/ap-JcMB1UQqCy6sjLzPyJ3TXx
✓ Created objects.
├── 🔨 Created mount 
│   /Users/dmitrymanning-coe/Documents/Research/Simplex/error-correct-sprint/clo
│   ud/modal_sft_s2.py
├── 🔨 Created mount 
│   /Users/dmitrymanning-coe/Documents/Research/Simplex/error-correct-sprint/exp
│   eriments/data
└── 🔨 Created function train.
smoke=False | model=Qwen/Qwen2.5-7B-Instruct | 4000 examples | run_name=s2_c075

[1AMap:   0%|          | 0/4000 [00:00<?, ? examples/s]
[1AMap:  26%|██▌       | 1039/4000 [00:00<00:00, 10324.36 examples/s]
[1AMap:  54%|█████▍    | 2178/4000 [00:00<00:00, 10942.18 examples/s]
[1AMap:  83%|████████▎ | 3323/4000 [00:00<00:00, 11168.03 examples/s]
[1AMap: 100%|██████████| 4000/4000 [00:00<00:00, 11081.30 examples/s]

[1ALoading checkpoint shards:   0%|          | 0/4 [00:00<?, ?it/s]
[1ALoading checkpoint shards:  25%|██▌       | 1/4 [00:01<00:04,  1.64s/it]
[1ALoading checkpoint shards:  50%|█████     | 2/4 [00:02<00:02,  1.45s/it]
[1ALoading checkpoint shards:  75%|███████▌  | 3/4 [00:04<00:01,  1.38s/it]
[1ALoading checkpoint shards: 100%|██████████| 4/4 [00:05<00:00,  1.30s/it]
[1ALoading checkpoint shards: 100%|██████████| 4/4 [00:05<00:00,  1.36s/it]
average_tokens_across_devices is set to True but it is invalid when world size is1. Turn it to False automatically.

[1AAdding EOS to train dataset:   0%|          | 0/4000 [00:00<?, ? examples/s]
[1AAdding EOS to train dataset: 100%|██████████| 4000/4000 [00:00<00:00, 47176.04 examples/s]

[1ATokenizing train dataset:   0%|          | 0/4000 [00:00<?, ? examples/s]
[1ATokenizing train dataset:   6%|▌         | 238/4000 [00:00<00:01, 2364.25 examples/s]
[1ATokenizing train dataset:  13%|█▎        | 507/4000 [00:00<00:01, 2546.54 examples/s]
[1ATokenizing train dataset:  19%|█▉        | 776/4000 [00:00<00:01, 2605.53 examples/s]
[1ATokenizing train dataset:  28%|██▊       | 1139/4000 [00:00<00:01, 2487.98 examples/s]
[1ATokenizing train dataset:  35%|███▌      | 1413/4000 [00:00<00:01, 2564.71 examples/s]
[1ATokenizing train dataset:  42%|████▏     | 1682/4000 [00:00<00:00, 2600.73 examples/s]
[1ATokenizing train dataset:  49%|████▉     | 1953/4000 [00:00<00:00, 2633.60 examples/s]
[1ATokenizing train dataset:  58%|█████▊    | 2320/4000 [00:00<00:00, 2554.39 examples/s]
[1ATokenizing train dataset:  65%|██████▌   | 2601/4000 [00:01<00:00, 2622.79 examples/s]
[1ATokenizing train dataset:  72%|███████▏  | 2878/4000 [00:01<00:00, 2660.63 examples/s]
[1ATokenizing train dataset:  82%|████████▏ | 3275/4000 [00:01<00:00, 2554.45 examples/s]
[1ATokenizing train dataset:  89%|████████▊ | 3547/4000 [00:01<00:00, 2594.64 examples/s]
[1ATokenizing train dataset:  96%|█████████▌| 3828/4000 [00:01<00:00, 2649.30 examples/s]
[1ATokenizing train dataset: 100%|██████████| 4000/4000 [00:01<00:00, 2575.34 examples/s]

[1ATruncating train dataset:   0%|          | 0/4000 [00:00<?, ? examples/s]
[1ATruncating train dataset: 100%|██████████| 4000/4000 [00:00<00:00, 597990.31 examples/s]
Detected kernel version 4.4.0, which is below the recommended minimum of 5.5.0; this can cause the process to hang. It is recommended to upgrade the kernel to the minimum version or higher.
No label_names provided for model class `PeftModelForCausalLM`. Since `PeftModel` hides base models input arguments, if label_names is not given, label_names can't be set automatically within `Trainer`. Note that empty label_names list will be used instead.

[1A  0%|          | 0/500 [00:00<?, ?it/s]
[1A  0%|          | 1/500 [00:04<40:02,  4.82s/it]
[1A                                               
{'loss': 3.0124, 'grad_norm': 1.1313493251800537, 'learning_rate': 0.0001, 'num_tokens': 2752.0, 'mean_token_accuracy': 0.432722058147192, 'epoch': 0.0}
[1A
[1A  0%|          | 1/500 [00:04<40:02,  4.82s/it]
[1A  0%|          | 2/500 [00:09<38:04,  4.59s/it]
[1A                                               
{'loss': 3.0946, 'grad_norm': 1.0831300020217896, 'learning_rate': 9.98e-05, 'num_tokens': 5019.0, 'mean_token_accuracy': 0.4190991800278425, 'epoch': 0.01}
[1A
[1A  0%|          | 2/500 [00:09<38:04,  4.59s/it]
[1A  1%|          | 3/500 [00:13<37:23,  4.51s/it]
[1A                                               
{'loss': 2.946, 'grad_norm': 1.2610962390899658, 'learning_rate': 9.960000000000001e-05, 'num_tokens': 7597.0, 'mean_token_accuracy': 0.4469801243394613, 'epoch': 0.01}
[1A
[1A  1%|          | 3/500 [00:13<37:23,  4.51s/it]
[1A  1%|          | 4/500 [00:17<36:30,  4.42s/it]
[1A                                               
{'loss': 2.5519, 'grad_norm': 1.1607023477554321, 'learning_rate': 9.94e-05, 'num_tokens': 10399.0, 'mean_token_accuracy': 0.46139913983643055, 'epoch': 0.02}
[1A
[1A  1%|          | 4/500 [00:17<36:30,  4.42s/it]
[1A  1%|          | 5/500 [00:22<36:23,  4.41s/it]
[1A                                               
{'loss': 2.4569, 'grad_norm': 1.1289232969284058, 'learning_rate': 9.92e-05, 'num_tokens': 12980.0, 'mean_token_accuracy': 0.47594666481018066, 'epoch': 0.02}
[1A
[1A  1%|          | 5/500 [00:22<36:23,  4.41s/it]
[1A  1%|          | 6/500 [00:26<36:09,  4.39s/it]
[1A                                               
{'loss': 2.2198, 'grad_norm': 0.8801183104515076, 'learning_rate': 9.900000000000001e-05, 'num_tokens': 15743.0, 'mean_token_accuracy': 0.4718131870031357, 'epoch': 0.02}
[1A
[1A  1%|          | 6/500 [00:26<36:09,  4.39s/it]
[1A  1%|▏         | 7/500 [00:30<35:22,  4.30s/it]
[1A                                               
{'loss': 2.0133, 'grad_norm': 0.8484450578689575, 'learning_rate': 9.88e-05, 'num_tokens': 18645.0, 'mean_token_accuracy': 0.4896391034126282, 'epoch': 0.03}
[1A
[1A  1%|▏         | 7/500 [00:30<35:22,  4.30s/it]
[1A  2%|▏         | 8/500 [00:35<35:11,  4.29s/it]
[1A                                               
{'loss': 1.8679, 'grad_norm': 0.881837010383606, 'learning_rate': 9.86e-05, 'num_tokens': 21532.0, 'mean_token_accuracy': 0.5036733560264111, 'epoch': 0.03}
[1A
[1A  2%|▏         | 8/500 [00:35<35:11,  4.29s/it]
[1A  2%|▏         | 9/500 [00:39<35:03,  4.28s/it]
[1A                                               
{'loss': 1.8198, 'grad_norm': 0.8119938969612122, 'learning_rate': 9.84e-05, 'num_tokens': 24258.0, 'mean_token_accuracy': 0.5236975066363811, 'epoch': 0.04}
[1A
[1A  2%|▏         | 9/500 [00:39<35:03,  4.28s/it]
[1A  2%|▏         | 10/500 [00:43<34:35,  4.24s/it]
[1A                                                
{'loss': 1.7126, 'grad_norm': 0.8490975499153137, 'learning_rate': 9.82e-05, 'num_tokens': 27028.0, 'mean_token_accuracy': 0.5433700308203697, 'epoch': 0.04}
[1A
[1A  2%|▏         | 10/500 [00:43<34:35,  4.24s/it]
[1A  2%|▏         | 11/500 [00:47<34:36,  4.25s/it]
[1A                                                
{'loss': 1.6966, 'grad_norm': 0.779330313205719, 'learning_rate': 9.8e-05, 'num_tokens': 29389.0, 'mean_token_accuracy': 0.5227497667074203, 'epoch': 0.04}
[1A
[1A  2%|▏         | 11/500 [00:47<34:36,  4.25s/it]
[1A  2%|▏         | 12/500 [00:51<34:32,  4.25s/it]
[1A                                                
{'loss': 1.5409, 'grad_norm': 0.8172924518585205, 'learning_rate': 9.78e-05, 'num_tokens': 31939.0, 'mean_token_accuracy': 0.5665401536971331, 'epoch': 0.05}
[1A
[1A  2%|▏         | 12/500 [00:51<34:32,  4.25s/it]
[1A  3%|▎         | 13/500 [00:56<34:05,  4.20s/it]
[1A                                                
{'loss': 1.5091, 'grad_norm': 0.7084418535232544, 'learning_rate': 9.76e-05, 'num_tokens': 34342.0, 'mean_token_accuracy': 0.5720439404249191, 'epoch': 0.05}
[1A
[1A  3%|▎         | 13/500 [00:56<34:05,  4.20s/it]
[1A  3%|▎         | 14/500 [01:00<34:09,  4.22s/it]
[1A                                                
{'loss': 1.3492, 'grad_norm': 0.6848807334899902, 'learning_rate': 9.74e-05, 'num_tokens': 37097.0, 'mean_token_accuracy': 0.5988307930529118, 'epoch': 0.06}
[1A
[1A  3%|▎         | 14/500 [01:00<34:09,  4.22s/it]
[1A  3%|▎         | 15/500 [01:04<34:14,  4.24s/it]
[1A                                                
{'loss': 1.1986, 'grad_norm': 0.7425421476364136, 'learning_rate': 9.72e-05, 'num_tokens': 40139.0, 'mean_token_accuracy': 0.6730855591595173, 'epoch': 0.06}
[1A
[1A  3%|▎         | 15/500 [01:04<34:14,  4.24s/it]
[1A  3%|▎         | 16/500 [01:08<33:58,  4.21s/it]
[1A                                                
{'loss': 1.2518, 'grad_norm': 0.6470906734466553, 'learning_rate': 9.7e-05, 'num_tokens': 42861.0, 'mean_token_accuracy': 0.6242055539041758, 'epoch': 0.06}
[1A
[1A  3%|▎         | 16/500 [01:08<33:58,  4.21s/it]
[1A  3%|▎         | 17/500 [01:13<34:02,  4.23s/it]
[1A                                                
{'loss': 1.1491, 'grad_norm': 0.6575404405593872, 'learning_rate': 9.680000000000001e-05, 'num_tokens': 45489.0, 'mean_token_accuracy': 0.6607743669301271, 'epoch': 0.07}
[1A
[1A  3%|▎         | 17/500 [01:13<34:02,  4.23s/it]
[1A  4%|▎         | 18/500 [01:17<34:06,  4.25s/it]
[1A                                                
{'loss': 1.1217, 'grad_norm': 0.565392017364502, 'learning_rate': 9.66e-05, 'num_tokens': 48030.0, 'mean_token_accuracy': 0.6485506165772676, 'epoch': 0.07}
[1A
[1A  4%|▎         | 18/500 [01:17<34:06,  4.25s/it]
[1A  4%|▍         | 19/500 [01:21<33:41,  4.20s/it]
[1A                                                
{'loss': 1.1007, 'grad_norm': 0.5208962559700012, 'learning_rate': 9.64e-05, 'num_tokens': 50709.0, 'mean_token_accuracy': 0.665776789188385, 'epoch': 0.08}
[1A
[1A  4%|▍         | 19/500 [01:21<33:41,  4.20s/it]
[1A  4%|▍         | 20/500 [01:25<33:55,  4.24s/it]
[1A                                                
{'loss': 1.0075, 'grad_norm': 0.5614548921585083, 'learning_rate': 9.620000000000001e-05, 'num_tokens': 53769.0, 'mean_token_accuracy': 0.7070062197744846, 'epoch': 0.08}
[1A
[1A  4%|▍         | 20/500 [01:25<33:55,  4.24s/it]
[1A  4%|▍         | 21/500 [01:30<34:13,  4.29s/it]
[1A                                                
{'loss': 1.2513, 'grad_norm': 0.5693381428718567, 'learning_rate': 9.6e-05, 'num_tokens': 56112.0, 'mean_token_accuracy': 0.6009104643017054, 'epoch': 0.08}
[1A
[1A  4%|▍         | 21/500 [01:30<34:13,  4.29s/it]
[1A  4%|▍         | 22/500 [01:34<33:54,  4.26s/it]
[1A                                                
{'loss': 1.0971, 'grad_norm': 0.5780535936355591, 'learning_rate': 9.58e-05, 'num_tokens': 58725.0, 'mean_token_accuracy': 0.6483658142387867, 'epoch': 0.09}
[1A
[1A  4%|▍         | 22/500 [01:34<33:54,  4.26s/it]
[1A  5%|▍         | 23/500 [01:38<34:08,  4.29s/it]
[1A                                                
{'loss': 1.0921, 'grad_norm': 0.5401598215103149, 'learning_rate': 9.56e-05, 'num_tokens': 61150.0, 'mean_token_accuracy': 0.654687374830246, 'epoch': 0.09}
[1A
[1A  5%|▍         | 23/500 [01:38<34:08,  4.29s/it]
[1A  5%|▍         | 24/500 [01:43<34:09,  4.31s/it]
[1A                                                
{'loss': 1.1032, 'grad_norm': 0.4939779043197632, 'learning_rate': 9.54e-05, 'num_tokens': 63646.0, 'mean_token_accuracy': 0.6452791932970285, 'epoch': 0.1}
[1A
[1A  5%|▍         | 24/500 [01:43<34:09,  4.31s/it]
[1A  5%|▌         | 25/500 [01:47<33:51,  4.28s/it]
[1A                                                
{'loss': 1.0282, 'grad_norm': 0.4571100175380707, 'learning_rate': 9.52e-05, 'num_tokens': 66402.0, 'mean_token_accuracy': 0.683203674852848, 'epoch': 0.1}
[1A
[1A  5%|▌         | 25/500 [01:47<33:51,  4.28s/it]
[1A  5%|▌         | 26/500 [01:51<34:01,  4.31s/it]
[1A                                                
{'loss': 0.9807, 'grad_norm': 0.4651259779930115, 'learning_rate': 9.5e-05, 'num_tokens': 69036.0, 'mean_token_accuracy': 0.688774548470974, 'epoch': 0.1}
[1A
[1A  5%|▌         | 26/500 [01:51<34:01,  4.31s/it]
[1A  5%|▌         | 27/500 [01:56<34:05,  4.33s/it]
[1A                                                
{'loss': 1.1488, 'grad_norm': 0.5320972800254822, 'learning_rate': 9.48e-05, 'num_tokens': 71433.0, 'mean_token_accuracy': 0.6371994558721781, 'epoch': 0.11}
[1A
[1A  5%|▌         | 27/500 [01:56<34:05,  4.33s/it]
[1A  6%|▌         | 28/500 [02:00<33:48,  4.30s/it]
[1A                                                
{'loss': 0.9399, 'grad_norm': 0.44529688358306885, 'learning_rate': 9.46e-05, 'num_tokens': 74222.0, 'mean_token_accuracy': 0.7040332481265068, 'epoch': 0.11}
[1A
[1A  6%|▌         | 28/500 [02:00<33:48,  4.30s/it]
[1A  6%|▌         | 29/500 [02:04<33:56,  4.32s/it]
[1A                                                
{'loss': 0.9383, 'grad_norm': 0.4413473606109619, 'learning_rate': 9.44e-05, 'num_tokens': 76746.0, 'mean_token_accuracy': 0.6917360294610262, 'epoch': 0.12}
[1A
[1A  6%|▌         | 29/500 [02:04<33:56,  4.32s/it]
[1A  6%|▌         | 30/500 [02:09<34:01,  4.34s/it]
[1A                                                
{'loss': 0.9565, 'grad_norm': 0.45477038621902466, 'learning_rate': 9.42e-05, 'num_tokens': 79448.0, 'mean_token_accuracy': 0.6901141870766878, 'epoch': 0.12}
[1A
[1A  6%|▌         | 30/500 [02:09<34:01,  4.34s/it]
[1A  6%|▌         | 31/500 [02:13<34:00,  4.35s/it]
[1A                                                
{'loss': 0.9393, 'grad_norm': 0.4376426935195923, 'learning_rate': 9.4e-05, 'num_tokens': 82082.0, 'mean_token_accuracy': 0.6866512596607208, 'epoch': 0.12}
[1A
[1A  6%|▌         | 31/500 [02:13<34:00,  4.35s/it]
[1A  6%|▋         | 32/500 [02:17<33:37,  4.31s/it]
[1A                                                
{'loss': 0.9021, 'grad_norm': 0.41337358951568604, 'learning_rate': 9.38e-05, 'num_tokens': 84970.0, 'mean_token_accuracy': 0.7214923687279224, 'epoch': 0.13}
[1A
[1A  6%|▋         | 32/500 [02:17<33:37,  4.31s/it]
[1A  7%|▋         | 33/500 [02:21<33:39,  4.32s/it]
[1A                                                
{'loss': 0.932, 'grad_norm': 0.4649892747402191, 'learning_rate': 9.360000000000001e-05, 'num_tokens': 87572.0, 'mean_token_accuracy': 0.6940980777144432, 'epoch': 0.13}
[1A
[1A  7%|▋         | 33/500 [02:21<33:39,  4.32s/it]
[1A  7%|▋         | 34/500 [02:26<33:22,  4.30s/it]
[1A                                                
{'loss': 1.0203, 'grad_norm': 0.5171257853507996, 'learning_rate': 9.340000000000001e-05, 'num_tokens': 89936.0, 'mean_token_accuracy': 0.6247660685330629, 'epoch': 0.14}
[1A
[1A  7%|▋         | 34/500 [02:26<33:22,  4.30s/it]
[1A  7%|▋         | 35/500 [02:30<33:42,  4.35s/it]
[1A                                                
{'loss': 1.0848, 'grad_norm': 0.5572604537010193, 'learning_rate': 9.320000000000002e-05, 'num_tokens': 92364.0, 'mean_token_accuracy': 0.6477519739419222, 'epoch': 0.14}
[1A
[1A  7%|▋         | 35/500 [02:30<33:42,  4.35s/it]
[1A  7%|▋         | 36/500 [02:35<33:45,  4.36s/it]
[1A                                                
{'loss': 0.9682, 'grad_norm': 0.4332507252693176, 'learning_rate': 9.300000000000001e-05, 'num_tokens': 94868.0, 'mean_token_accuracy': 0.6731120776385069, 'epoch': 0.14}
[1A
[1A  7%|▋         | 36/500 [02:35<33:45,  4.36s/it]
[1A  7%|▋         | 37/500 [02:39<33:15,  4.31s/it]
[1A                                                
{'loss': 1.0504, 'grad_norm': 0.5173853635787964, 'learning_rate': 9.28e-05, 'num_tokens': 97271.0, 'mean_token_accuracy': 0.6426710244268179, 'epoch': 0.15}
[1A
[1A  7%|▋         | 37/500 [02:39<33:15,  4.31s/it]
[1A  8%|▊         | 38/500 [02:43<33:35,  4.36s/it]
[1A                                                
{'loss': 0.9242, 'grad_norm': 0.3914477229118347, 'learning_rate': 9.260000000000001e-05, 'num_tokens': 99924.0, 'mean_token_accuracy': 0.6999334953725338, 'epoch': 0.15}
[1A
[1A  8%|▊         | 38/500 [02:43<33:35,  4.36s/it]
[1A  8%|▊         | 39/500 [02:48<33:26,  4.35s/it]
[1A                                                
{'loss': 0.8167, 'grad_norm': 0.3960915803909302, 'learning_rate': 9.240000000000001e-05, 'num_tokens': 102881.0, 'mean_token_accuracy': 0.7483274191617966, 'epoch': 0.16}
[1A
[1A  8%|▊         | 39/500 [02:48<33:26,  4.35s/it]
[1A  8%|▊         | 40/500 [02:52<33:17,  4.34s/it]
[1A                                                
{'loss': 0.9266, 'grad_norm': 0.4217770993709564, 'learning_rate': 9.22e-05, 'num_tokens': 105373.0, 'mean_token_accuracy': 0.6855578348040581, 'epoch': 0.16}
[1A
[1A  8%|▊         | 40/500 [02:52<33:17,  4.34s/it]
[1A  8%|▊         | 41/500 [02:56<32:54,  4.30s/it]
[1A                                                
{'loss': 0.836, 'grad_norm': 0.4484853446483612, 'learning_rate': 9.200000000000001e-05, 'num_tokens': 107949.0, 'mean_token_accuracy': 0.722118902951479, 'epoch': 0.16}
[1A
[1A  8%|▊         | 41/500 [02:56<32:54,  4.30s/it]
[1A  8%|▊         | 42/500 [03:00<32:44,  4.29s/it]
[1A                                                
{'loss': 0.9838, 'grad_norm': 0.5077513456344604, 'learning_rate': 9.180000000000001e-05, 'num_tokens': 110326.0, 'mean_token_accuracy': 0.6741923168301582, 'epoch': 0.17}
[1A
[1A  8%|▊         | 42/500 [03:00<32:44,  4.29s/it]
[1A  9%|▊         | 43/500 [03:05<32:45,  4.30s/it]
[1A                                                
{'loss': 0.9141, 'grad_norm': 0.3914095163345337, 'learning_rate': 9.16e-05, 'num_tokens': 112937.0, 'mean_token_accuracy': 0.6926805097609758, 'epoch': 0.17}
[1A
[1A  9%|▊         | 43/500 [03:05<32:45,  4.30s/it]
[1A  9%|▉         | 44/500 [03:09<32:31,  4.28s/it]
[1A                                                
{'loss': 0.9048, 'grad_norm': 0.4133492708206177, 'learning_rate': 9.140000000000001e-05, 'num_tokens': 115491.0, 'mean_token_accuracy': 0.6933522466570139, 'epoch': 0.18}
[1A
[1A  9%|▉         | 44/500 [03:09<32:31,  4.28s/it]
[1A  9%|▉         | 45/500 [03:13<32:50,  4.33s/it]
[1A                                                
{'loss': 0.8197, 'grad_norm': 0.42547711730003357, 'learning_rate': 9.120000000000001e-05, 'num_tokens': 118396.0, 'mean_token_accuracy': 0.7251255512237549, 'epoch': 0.18}
[1A
[1A  9%|▉         | 45/500 [03:13<32:50,  4.33s/it]
[1A  9%|▉         | 46/500 [03:18<33:15,  4.40s/it]
[1A                                                
{'loss': 0.9648, 'grad_norm': 0.39586323499679565, 'learning_rate': 9.1e-05, 'num_tokens': 121020.0, 'mean_token_accuracy': 0.6853335183113813, 'epoch': 0.18}
[1A
[1A  9%|▉         | 46/500 [03:18<33:15,  4.40s/it]
[1A  9%|▉         | 47/500 [03:22<33:34,  4.45s/it]
[1A                                                
{'loss': 0.8661, 'grad_norm': 0.3603396713733673, 'learning_rate': 9.080000000000001e-05, 'num_tokens': 123868.0, 'mean_token_accuracy': 0.7255858071148396, 'epoch': 0.19}
[1A
[1A  9%|▉         | 47/500 [03:22<33:34,  4.45s/it]
[1A 10%|▉         | 48/500 [03:27<34:09,  4.53s/it]
[1A                                                
{'loss': 1.0129, 'grad_norm': 0.5183218121528625, 'learning_rate': 9.06e-05, 'num_tokens': 126272.0, 'mean_token_accuracy': 0.6659257560968399, 'epoch': 0.19}
[1A
[1A 10%|▉         | 48/500 [03:27<34:09,  4.53s/it]
[1A 10%|▉         | 49/500 [03:32<33:43,  4.49s/it]
[1A                                                
{'loss': 0.861, 'grad_norm': 0.42816415429115295, 'learning_rate': 9.04e-05, 'num_tokens': 128921.0, 'mean_token_accuracy': 0.7438143230974674, 'epoch': 0.2}
[1A
[1A 10%|▉         | 49/500 [03:32<33:43,  4.49s/it]
[1A 10%|█         | 50/500 [03:36<32:51,  4.38s/it]
[1A                                                
{'loss': 0.8663, 'grad_norm': 0.41423341631889343, 'learning_rate': 9.020000000000001e-05, 'num_tokens': 131715.0, 'mean_token_accuracy': 0.7180982530117035, 'epoch': 0.2}
[1A
[1A 10%|█         | 50/500 [03:36<32:51,  4.38s/it]
[1A 10%|█         | 51/500 [03:40<32:42,  4.37s/it]
[1A                                                
{'loss': 0.8753, 'grad_norm': 0.3726094663143158, 'learning_rate': 9e-05, 'num_tokens': 134449.0, 'mean_token_accuracy': 0.7189386636018753, 'epoch': 0.2}
[1A
[1A 10%|█         | 51/500 [03:40<32:42,  4.37s/it]
[1A 10%|█         | 52/500 [03:44<32:29,  4.35s/it]
[1A                                                
{'loss': 0.81, 'grad_norm': 0.3731708824634552, 'learning_rate': 8.98e-05, 'num_tokens': 137440.0, 'mean_token_accuracy': 0.7597089782357216, 'epoch': 0.21}
[1A
[1A 10%|█         | 52/500 [03:44<32:29,  4.35s/it]
[1A 11%|█         | 53/500 [03:49<31:56,  4.29s/it]
[1A                                                
{'loss': 0.8955, 'grad_norm': 0.4053720235824585, 'learning_rate': 8.960000000000001e-05, 'num_tokens': 140089.0, 'mean_token_accuracy': 0.6999303232878447, 'epoch': 0.21}
[1A
[1A 11%|█         | 53/500 [03:49<31:56,  4.29s/it]
[1A 11%|█         | 54/500 [03:53<31:56,  4.30s/it]
[1A                                                
{'loss': 0.8383, 'grad_norm': 0.3703234791755676, 'learning_rate': 8.94e-05, 'num_tokens': 142985.0, 'mean_token_accuracy': 0.7357483170926571, 'epoch': 0.22}
[1A
[1A 11%|█         | 54/500 [03:53<31:56,  4.30s/it]
[1A 11%|█         | 55/500 [03:57<32:12,  4.34s/it]
[1A                                                
{'loss': 0.9269, 'grad_norm': 0.42445147037506104, 'learning_rate': 8.92e-05, 'num_tokens': 145411.0, 'mean_token_accuracy': 0.6687976736575365, 'epoch': 0.22}
[1A
[1A 11%|█         | 55/500 [03:57<32:12,  4.34s/it]
[1A 11%|█         | 56/500 [04:01<31:39,  4.28s/it]
[1A                                                
{'loss': 0.893, 'grad_norm': 0.37767156958580017, 'learning_rate': 8.900000000000001e-05, 'num_tokens': 148127.0, 'mean_token_accuracy': 0.7001040950417519, 'epoch': 0.22}
[1A
[1A 11%|█         | 56/500 [04:01<31:39,  4.28s/it]
[1A 11%|█▏        | 57/500 [04:06<31:32,  4.27s/it]
[1A                                                
{'loss': 0.9368, 'grad_norm': 0.419241726398468, 'learning_rate': 8.88e-05, 'num_tokens': 150722.0, 'mean_token_accuracy': 0.6918768975883722, 'epoch': 0.23}
[1A
[1A 11%|█▏        | 57/500 [04:06<31:32,  4.27s/it]
[1A 12%|█▏        | 58/500 [04:10<32:06,  4.36s/it]
[1A                                                
{'loss': 0.8529, 'grad_norm': 0.41348034143447876, 'learning_rate': 8.86e-05, 'num_tokens': 153415.0, 'mean_token_accuracy': 0.7067002393305302, 'epoch': 0.23}
[1A
[1A 12%|█▏        | 58/500 [04:10<32:06,  4.36s/it]
[1A 12%|█▏        | 59/500 [04:15<31:53,  4.34s/it]
[1A                                                
{'loss': 0.8068, 'grad_norm': 0.3929372727870941, 'learning_rate': 8.840000000000001e-05, 'num_tokens': 156270.0, 'mean_token_accuracy': 0.7293571811169386, 'epoch': 0.24}
[1A
[1A 12%|█▏        | 59/500 [04:15<31:53,  4.34s/it]
[1A 12%|█▏        | 60/500 [04:19<32:13,  4.39s/it]
[1A                                                
{'loss': 0.8395, 'grad_norm': 0.3831651210784912, 'learning_rate': 8.82e-05, 'num_tokens': 159103.0, 'mean_token_accuracy': 0.7323726508766413, 'epoch': 0.24}
[1A
[1A 12%|█▏        | 60/500 [04:19<32:13,  4.39s/it]
[1A 12%|█▏        | 61/500 [04:23<32:09,  4.40s/it]
[1A                                                
{'loss': 0.8921, 'grad_norm': 0.4025750756263733, 'learning_rate': 8.800000000000001e-05, 'num_tokens': 161571.0, 'mean_token_accuracy': 0.689299289137125, 'epoch': 0.24}
[1A
[1A 12%|█▏        | 61/500 [04:23<32:09,  4.40s/it]
[1A 12%|█▏        | 62/500 [04:28<31:37,  4.33s/it]
[1A                                                
{'loss': 0.8214, 'grad_norm': 0.407107412815094, 'learning_rate': 8.78e-05, 'num_tokens': 164266.0, 'mean_token_accuracy': 0.7305074222385883, 'epoch': 0.25}
[1A
[1A 12%|█▏        | 62/500 [04:28<31:37,  4.33s/it]
[1A 13%|█▎        | 63/500 [04:32<31:32,  4.33s/it]
[1A                                                
{'loss': 0.8074, 'grad_norm': 0.40141570568084717, 'learning_rate': 8.76e-05, 'num_tokens': 167060.0, 'mean_token_accuracy': 0.7357688881456852, 'epoch': 0.25}
[1A
[1A 13%|█▎        | 63/500 [04:32<31:32,  4.33s/it]
[1A 13%|█▎        | 64/500 [04:36<31:22,  4.32s/it]
[1A                                                
{'loss': 0.8424, 'grad_norm': 0.4228765368461609, 'learning_rate': 8.740000000000001e-05, 'num_tokens': 169808.0, 'mean_token_accuracy': 0.7271118257194757, 'epoch': 0.26}
[1A
[1A 13%|█▎        | 64/500 [04:36<31:22,  4.32s/it]
[1A 13%|█▎        | 65/500 [04:40<30:53,  4.26s/it]
[1A                                                
{'loss': 0.8175, 'grad_norm': 0.3983026444911957, 'learning_rate': 8.72e-05, 'num_tokens': 172669.0, 'mean_token_accuracy': 0.726657822728157, 'epoch': 0.26}
[1A
[1A 13%|█▎        | 65/500 [04:40<30:53,  4.26s/it]
[1A 13%|█▎        | 66/500 [04:45<30:56,  4.28s/it]
[1A                                                
{'loss': 0.8186, 'grad_norm': 0.40206390619277954, 'learning_rate': 8.7e-05, 'num_tokens': 175365.0, 'mean_token_accuracy': 0.7311374470591545, 'epoch': 0.26}
[1A
[1A 13%|█▎        | 66/500 [04:45<30:56,  4.28s/it]
[1A 13%|█▎        | 67/500 [04:49<30:54,  4.28s/it]
[1A                                                
{'loss': 0.807, 'grad_norm': 0.40478217601776123, 'learning_rate': 8.680000000000001e-05, 'num_tokens': 178296.0, 'mean_token_accuracy': 0.7383689321577549, 'epoch': 0.27}
[1A
[1A 13%|█▎        | 67/500 [04:49<30:54,  4.28s/it]
[1A 14%|█▎        | 68/500 [04:53<30:54,  4.29s/it]
[1A                                                
{'loss': 0.9352, 'grad_norm': 0.4872027635574341, 'learning_rate': 8.66e-05, 'num_tokens': 180705.0, 'mean_token_accuracy': 0.6898257806897163, 'epoch': 0.27}
[1A
[1A 14%|█▎        | 68/500 [04:53<30:54,  4.29s/it]
[1A 14%|█▍        | 69/500 [04:57<30:29,  4.24s/it]
[1A                                                
{'loss': 0.8536, 'grad_norm': 0.4398002028465271, 'learning_rate': 8.64e-05, 'num_tokens': 183176.0, 'mean_token_accuracy': 0.7017347514629364, 'epoch': 0.28}
[1A
[1A 14%|█▍        | 69/500 [04:57<30:29,  4.24s/it]
[1A 14%|█▍        | 70/500 [05:02<30:34,  4.27s/it]
[1A                                                
{'loss': 0.8667, 'grad_norm': 0.41684767603874207, 'learning_rate': 8.620000000000001e-05, 'num_tokens': 185849.0, 'mean_token_accuracy': 0.703779574483633, 'epoch': 0.28}
[1A
[1A 14%|█▍        | 70/500 [05:02<30:34,  4.27s/it]
[1A 14%|█▍        | 71/500 [05:06<30:16,  4.23s/it]
[1A                                                
{'loss': 0.8282, 'grad_norm': 0.45076680183410645, 'learning_rate': 8.6e-05, 'num_tokens': 188385.0, 'mean_token_accuracy': 0.7040965855121613, 'epoch': 0.28}
[1A
[1A 14%|█▍        | 71/500 [05:06<30:16,  4.23s/it]
[1A 14%|█▍        | 72/500 [05:10<30:20,  4.25s/it]
[1A                                                
{'loss': 0.8728, 'grad_norm': 0.43225109577178955, 'learning_rate': 8.58e-05, 'num_tokens': 191135.0, 'mean_token_accuracy': 0.7144498862326145, 'epoch': 0.29}
[1A
[1A 14%|█▍        | 72/500 [05:10<30:20,  4.25s/it]
[1A 15%|█▍        | 73/500 [05:15<30:27,  4.28s/it]
[1A                                                
{'loss': 0.9285, 'grad_norm': 0.47856399416923523, 'learning_rate': 8.560000000000001e-05, 'num_tokens': 193715.0, 'mean_token_accuracy': 0.7040162663906813, 'epoch': 0.29}
[1A
[1A 15%|█▍        | 73/500 [05:15<30:27,  4.28s/it]
[1A 15%|█▍        | 74/500 [05:19<30:08,  4.25s/it]
[1A                                                
{'loss': 0.7847, 'grad_norm': 0.4051361382007599, 'learning_rate': 8.54e-05, 'num_tokens': 196428.0, 'mean_token_accuracy': 0.7272442281246185, 'epoch': 0.3}
[1A
[1A 15%|█▍        | 74/500 [05:19<30:08,  4.25s/it]
[1A 15%|█▌        | 75/500 [05:23<30:18,  4.28s/it]
[1A                                                
{'loss': 0.8341, 'grad_norm': 0.4399143159389496, 'learning_rate': 8.52e-05, 'num_tokens': 199086.0, 'mean_token_accuracy': 0.7235941290855408, 'epoch': 0.3}
[1A
[1A 15%|█▌        | 75/500 [05:23<30:18,  4.28s/it]
[1A 15%|█▌        | 76/500 [05:27<30:16,  4.29s/it]
[1A                                                
{'loss': 0.7485, 'grad_norm': 0.36418288946151733, 'learning_rate': 8.5e-05, 'num_tokens': 202086.0, 'mean_token_accuracy': 0.7584748044610023, 'epoch': 0.3}
[1A
[1A 15%|█▌        | 76/500 [05:27<30:16,  4.29s/it]
[1A 15%|█▌        | 77/500 [05:32<30:15,  4.29s/it]
[1A                                                
{'loss': 0.8405, 'grad_norm': 0.4416273236274719, 'learning_rate': 8.48e-05, 'num_tokens': 204680.0, 'mean_token_accuracy': 0.7177262231707573, 'epoch': 0.31}
[1A
[1A 15%|█▌        | 77/500 [05:32<30:15,  4.29s/it]
[1A 16%|█▌        | 78/500 [05:36<29:53,  4.25s/it]
[1A                                                
{'loss': 0.8148, 'grad_norm': 0.4747501611709595, 'learning_rate': 8.46e-05, 'num_tokens': 207292.0, 'mean_token_accuracy': 0.7191665973514318, 'epoch': 0.31}
[1A
[1A 16%|█▌        | 78/500 [05:36<29:53,  4.25s/it]
[1A 16%|█▌        | 79/500 [05:40<30:00,  4.28s/it]
[1A                                                
{'loss': 0.7982, 'grad_norm': 0.41903096437454224, 'learning_rate': 8.44e-05, 'num_tokens': 210124.0, 'mean_token_accuracy': 0.7390423491597176, 'epoch': 0.32}
[1A
[1A 16%|█▌        | 79/500 [05:40<30:00,  4.28s/it]
[1A 16%|█▌        | 80/500 [05:44<30:00,  4.29s/it]
[1A                                                
{'loss': 0.7729, 'grad_norm': 0.44881367683410645, 'learning_rate': 8.42e-05, 'num_tokens': 212635.0, 'mean_token_accuracy': 0.7234653439372778, 'epoch': 0.32}
[1A
[1A 16%|█▌        | 80/500 [05:44<30:00,  4.29s/it]
[1A 16%|█▌        | 81/500 [05:49<29:43,  4.26s/it]
[1A                                                
{'loss': 0.8069, 'grad_norm': 0.47654080390930176, 'learning_rate': 8.4e-05, 'num_tokens': 215481.0, 'mean_token_accuracy': 0.7291023544967175, 'epoch': 0.32}
[1A
[1A 16%|█▌        | 81/500 [05:49<29:43,  4.26s/it]
[1A 16%|█▋        | 82/500 [05:53<29:47,  4.28s/it]
[1A                                                
{'loss': 0.8037, 'grad_norm': 0.4160430133342743, 'learning_rate': 8.38e-05, 'num_tokens': 218304.0, 'mean_token_accuracy': 0.7416076958179474, 'epoch': 0.33}
[1A
[1A 16%|█▋        | 82/500 [05:53<29:47,  4.28s/it]
[1A 17%|█▋        | 83/500 [05:57<29:50,  4.29s/it]
[1A                                                
{'loss': 0.8445, 'grad_norm': 0.43233224749565125, 'learning_rate': 8.36e-05, 'num_tokens': 221134.0, 'mean_token_accuracy': 0.7287915386259556, 'epoch': 0.33}
[1A
[1A 17%|█▋        | 83/500 [05:57<29:50,  4.29s/it]
[1A 17%|█▋        | 84/500 [06:01<29:32,  4.26s/it]
[1A                                                
{'loss': 0.7643, 'grad_norm': 0.42841094732284546, 'learning_rate': 8.34e-05, 'num_tokens': 223728.0, 'mean_token_accuracy': 0.7466819994151592, 'epoch': 0.34}
[1A
[1A 17%|█▋        | 84/500 [06:02<29:32,  4.26s/it]
[1A 17%|█▋        | 85/500 [06:06<29:40,  4.29s/it]
[1A                                                
{'loss': 0.8652, 'grad_norm': 0.4396936595439911, 'learning_rate': 8.32e-05, 'num_tokens': 226196.0, 'mean_token_accuracy': 0.6718183159828186, 'epoch': 0.34}
[1A
[1A 17%|█▋        | 85/500 [06:06<29:40,  4.29s/it]
[1A 17%|█▋        | 86/500 [06:10<29:46,  4.32s/it]
[1A                                                
{'loss': 0.7595, 'grad_norm': 0.43415367603302, 'learning_rate': 8.3e-05, 'num_tokens': 228962.0, 'mean_token_accuracy': 0.7406310513615608, 'epoch': 0.34}
[1A
[1A 17%|█▋        | 86/500 [06:10<29:46,  4.32s/it]
[1A 17%|█▋        | 87/500 [06:14<29:28,  4.28s/it]
[1A                                                
{'loss': 0.8204, 'grad_norm': 0.47677096724510193, 'learning_rate': 8.28e-05, 'num_tokens': 231605.0, 'mean_token_accuracy': 0.7221540417522192, 'epoch': 0.35}
[1A
[1A 17%|█▋        | 87/500 [06:14<29:28,  4.28s/it]
[1A 18%|█▊        | 88/500 [06:19<29:30,  4.30s/it]
[1A                                                
{'loss': 0.8543, 'grad_norm': 0.45899859070777893, 'learning_rate': 8.26e-05, 'num_tokens': 234250.0, 'mean_token_accuracy': 0.7050481401383877, 'epoch': 0.35}
[1A
[1A 18%|█▊        | 88/500 [06:19<29:30,  4.30s/it]
[1A 18%|█▊        | 89/500 [06:23<29:36,  4.32s/it]
[1A                                                
{'loss': 0.7687, 'grad_norm': 0.4615275263786316, 'learning_rate': 8.24e-05, 'num_tokens': 237210.0, 'mean_token_accuracy': 0.7585924491286278, 'epoch': 0.36}
[1A
[1A 18%|█▊        | 89/500 [06:23<29:36,  4.32s/it]
[1A 18%|█▊        | 90/500 [06:27<29:09,  4.27s/it]
[1A                                                
{'loss': 0.7543, 'grad_norm': 0.47294557094573975, 'learning_rate': 8.22e-05, 'num_tokens': 239987.0, 'mean_token_accuracy': 0.7502730898559093, 'epoch': 0.36}
[1A
[1A 18%|█▊        | 90/500 [06:27<29:09,  4.27s/it]
[1A 18%|█▊        | 91/500 [06:32<29:16,  4.29s/it]
[1A                                                
{'loss': 0.7652, 'grad_norm': 0.4395882487297058, 'learning_rate': 8.2e-05, 'num_tokens': 242846.0, 'mean_token_accuracy': 0.7488781586289406, 'epoch': 0.36}
[1A
[1A 18%|█▊        | 91/500 [06:32<29:16,  4.29s/it]
[1A 18%|█▊        | 92/500 [06:36<29:27,  4.33s/it]
[1A                                                
{'loss': 0.9851, 'grad_norm': 0.5566620230674744, 'learning_rate': 8.18e-05, 'num_tokens': 245126.0, 'mean_token_accuracy': 0.6779362671077251, 'epoch': 0.37}
[1A
[1A 18%|█▊        | 92/500 [06:36<29:27,  4.33s/it]
[1A 19%|█▊        | 93/500 [06:40<29:07,  4.29s/it]
[1A                                                
{'loss': 0.7696, 'grad_norm': 0.43255266547203064, 'learning_rate': 8.16e-05, 'num_tokens': 247917.0, 'mean_token_accuracy': 0.7363898511976004, 'epoch': 0.37}
[1A
[1A 19%|█▊        | 93/500 [06:40<29:07,  4.29s/it]
[1A 19%|█▉        | 94/500 [06:45<29:06,  4.30s/it]
[1A                                                
{'loss': 0.9002, 'grad_norm': 0.4627268612384796, 'learning_rate': 8.14e-05, 'num_tokens': 250239.0, 'mean_token_accuracy': 0.6781307049095631, 'epoch': 0.38}
[1A
[1A 19%|█▉        | 94/500 [06:45<29:06,  4.30s/it]
[1A 19%|█▉        | 95/500 [06:49<29:10,  4.32s/it]
[1A                                                
{'loss': 0.7859, 'grad_norm': 0.4365870952606201, 'learning_rate': 8.120000000000001e-05, 'num_tokens': 253112.0, 'mean_token_accuracy': 0.7411296498030424, 'epoch': 0.38}
[1A
[1A 19%|█▉        | 95/500 [06:49<29:10,  4.32s/it]
[1A 19%|█▉        | 96/500 [06:53<28:46,  4.27s/it]
[1A                                                
{'loss': 0.8063, 'grad_norm': 0.4651218056678772, 'learning_rate': 8.1e-05, 'num_tokens': 255697.0, 'mean_token_accuracy': 0.7077050823718309, 'epoch': 0.38}
[1A
[1A 19%|█▉        | 96/500 [06:53<28:46,  4.27s/it]
[1A 19%|█▉        | 97/500 [06:57<28:47,  4.29s/it]
[1A                                                
{'loss': 0.8329, 'grad_norm': 0.4864039123058319, 'learning_rate': 8.080000000000001e-05, 'num_tokens': 258174.0, 'mean_token_accuracy': 0.7120458222925663, 'epoch': 0.39}
[1A
[1A 19%|█▉        | 97/500 [06:57<28:47,  4.29s/it]
[1A 20%|█▉        | 98/500 [07:02<28:53,  4.31s/it]
[1A                                                
{'loss': 0.8951, 'grad_norm': 0.5489255785942078, 'learning_rate': 8.060000000000001e-05, 'num_tokens': 260660.0, 'mean_token_accuracy': 0.6945342272520065, 'epoch': 0.39}
[1A
[1A 20%|█▉        | 98/500 [07:02<28:53,  4.31s/it]
[1A 20%|█▉        | 99/500 [07:06<28:38,  4.29s/it]
[1A                                                
{'loss': 0.7877, 'grad_norm': 0.42352625727653503, 'learning_rate': 8.04e-05, 'num_tokens': 263424.0, 'mean_token_accuracy': 0.7295164410024881, 'epoch': 0.4}
[1A
[1A 20%|█▉        | 99/500 [07:06<28:38,  4.29s/it]
[1A 20%|██        | 100/500 [07:10<28:47,  4.32s/it]
[1A                                                 
{'loss': 0.8306, 'grad_norm': 0.5327746868133545, 'learning_rate': 8.020000000000001e-05, 'num_tokens': 265900.0, 'mean_token_accuracy': 0.7093442194163799, 'epoch': 0.4}
[1A
[1A 20%|██        | 100/500 [07:10<28:47,  4.32s/it]
[1A 20%|██        | 101/500 [07:15<28:43,  4.32s/it]
[1A                                                 
{'loss': 0.8311, 'grad_norm': 0.45565611124038696, 'learning_rate': 8e-05, 'num_tokens': 268638.0, 'mean_token_accuracy': 0.7276595234870911, 'epoch': 0.4}
[1A
[1A 20%|██        | 101/500 [07:15<28:43,  4.32s/it]
[1A 20%|██        | 102/500 [07:19<28:29,  4.29s/it]
[1A                                                 
{'loss': 0.7872, 'grad_norm': 0.4681433439254761, 'learning_rate': 7.98e-05, 'num_tokens': 271278.0, 'mean_token_accuracy': 0.7451565079391003, 'epoch': 0.41}
[1A
[1A 20%|██        | 102/500 [07:19<28:29,  4.29s/it]
[1A 21%|██        | 103/500 [07:23<28:33,  4.32s/it]
[1A                                                 
{'loss': 0.8173, 'grad_norm': 0.498873770236969, 'learning_rate': 7.960000000000001e-05, 'num_tokens': 273789.0, 'mean_token_accuracy': 0.7052370309829712, 'epoch': 0.41}
[1A
[1A 21%|██        | 103/500 [07:23<28:33,  4.32s/it]
[1A 21%|██        | 104/500 [07:28<28:36,  4.34s/it]
[1A                                                 
{'loss': 0.806, 'grad_norm': 0.468766987323761, 'learning_rate': 7.94e-05, 'num_tokens': 276569.0, 'mean_token_accuracy': 0.7309789042919874, 'epoch': 0.42}
[1A
[1A 21%|██        | 104/500 [07:28<28:36,  4.34s/it]
[1A 21%|██        | 105/500 [07:32<28:39,  4.35s/it]
[1A                                                 
{'loss': 0.7915, 'grad_norm': 0.5018945932388306, 'learning_rate': 7.920000000000001e-05, 'num_tokens': 279094.0, 'mean_token_accuracy': 0.7090038415044546, 'epoch': 0.42}
[1A
[1A 21%|██        | 105/500 [07:32<28:39,  4.35s/it]
[1A 21%|██        | 106/500 [07:36<28:13,  4.30s/it]
[1A                                                 
{'loss': 0.8426, 'grad_norm': 0.48616158962249756, 'learning_rate': 7.900000000000001e-05, 'num_tokens': 281737.0, 'mean_token_accuracy': 0.7038908023387194, 'epoch': 0.42}
[1A
[1A 21%|██        | 106/500 [07:36<28:13,  4.30s/it]
[1A 21%|██▏       | 107/500 [07:41<28:12,  4.31s/it]
[1A                                                 
{'loss': 0.778, 'grad_norm': 0.4736374318599701, 'learning_rate': 7.88e-05, 'num_tokens': 284505.0, 'mean_token_accuracy': 0.7477284744381905, 'epoch': 0.43}
[1A
[1A 21%|██▏       | 107/500 [07:41<28:12,  4.31s/it]
[1A 22%|██▏       | 108/500 [07:45<27:47,  4.25s/it]
[1A                                                 
{'loss': 0.8499, 'grad_norm': 0.46378716826438904, 'learning_rate': 7.860000000000001e-05, 'num_tokens': 287101.0, 'mean_token_accuracy': 0.7269006781280041, 'epoch': 0.43}
[1A
[1A 22%|██▏       | 108/500 [07:45<27:47,  4.25s/it]
[1A 22%|██▏       | 109/500 [07:49<27:53,  4.28s/it]
[1A                                                 
{'loss': 0.817, 'grad_norm': 0.5500473976135254, 'learning_rate': 7.840000000000001e-05, 'num_tokens': 289579.0, 'mean_token_accuracy': 0.7061240673065186, 'epoch': 0.44}
[1A
[1A 22%|██▏       | 109/500 [07:49<27:53,  4.28s/it]
[1A 22%|██▏       | 110/500 [07:53<27:53,  4.29s/it]
[1A                                                 
{'loss': 0.7698, 'grad_norm': 0.4850108325481415, 'learning_rate': 7.82e-05, 'num_tokens': 292069.0, 'mean_token_accuracy': 0.7256698571145535, 'epoch': 0.44}
[1A
[1A 22%|██▏       | 110/500 [07:53<27:53,  4.29s/it]
[1A 22%|██▏       | 111/500 [07:58<27:35,  4.26s/it]
[1A                                                 
{'loss': 0.8264, 'grad_norm': 0.4748513400554657, 'learning_rate': 7.800000000000001e-05, 'num_tokens': 294579.0, 'mean_token_accuracy': 0.7162401434034109, 'epoch': 0.44}
[1A
[1A 22%|██▏       | 111/500 [07:58<27:35,  4.26s/it]
[1A 22%|██▏       | 112/500 [08:02<27:41,  4.28s/it]
[1A                                                 
{'loss': 0.8435, 'grad_norm': 0.5502039194107056, 'learning_rate': 7.780000000000001e-05, 'num_tokens': 297057.0, 'mean_token_accuracy': 0.7068002391606569, 'epoch': 0.45}
[1A
[1A 22%|██▏       | 112/500 [08:02<27:41,  4.28s/it]
[1A 23%|██▎       | 113/500 [08:06<27:42,  4.30s/it]
[1A                                                 
{'loss': 0.8262, 'grad_norm': 0.48645099997520447, 'learning_rate': 7.76e-05, 'num_tokens': 299989.0, 'mean_token_accuracy': 0.7327850162982941, 'epoch': 0.45}
[1A
[1A 23%|██▎       | 113/500 [08:06<27:42,  4.30s/it]
[1A 23%|██▎       | 114/500 [08:11<27:48,  4.32s/it]
[1A                                                 
{'loss': 0.8122, 'grad_norm': 0.5311799645423889, 'learning_rate': 7.740000000000001e-05, 'num_tokens': 302547.0, 'mean_token_accuracy': 0.7129282187670469, 'epoch': 0.46}
[1A
[1A 23%|██▎       | 114/500 [08:11<27:48,  4.32s/it]
[1A 23%|██▎       | 115/500 [08:15<27:25,  4.28s/it]
[1A                                                 
{'loss': 0.6927, 'grad_norm': 0.5186646580696106, 'learning_rate': 7.72e-05, 'num_tokens': 305388.0, 'mean_token_accuracy': 0.7687707860022783, 'epoch': 0.46}
[1A
[1A 23%|██▎       | 115/500 [08:15<27:25,  4.28s/it]
[1A 23%|██▎       | 116/500 [08:19<27:36,  4.31s/it]
[1A                                                 
{'loss': 0.7929, 'grad_norm': 0.45838403701782227, 'learning_rate': 7.7e-05, 'num_tokens': 307874.0, 'mean_token_accuracy': 0.7203626446425915, 'epoch': 0.46}
[1A
[1A 23%|██▎       | 116/500 [08:19<27:36,  4.31s/it]
[1A 23%|██▎       | 117/500 [08:24<27:36,  4.32s/it]
[1A                                                 
{'loss': 0.7301, 'grad_norm': 0.4370422959327698, 'learning_rate': 7.680000000000001e-05, 'num_tokens': 310660.0, 'mean_token_accuracy': 0.7580313608050346, 'epoch': 0.47}
[1A
[1A 23%|██▎       | 117/500 [08:24<27:36,  4.32s/it]
[1A 24%|██▎       | 118/500 [08:28<27:18,  4.29s/it]
[1A                                                 
{'loss': 0.7853, 'grad_norm': 0.4937909245491028, 'learning_rate': 7.66e-05, 'num_tokens': 313412.0, 'mean_token_accuracy': 0.7255516685545444, 'epoch': 0.47}
[1A
[1A 24%|██▎       | 118/500 [08:28<27:18,  4.29s/it]
[1A 24%|██▍       | 119/500 [08:32<27:23,  4.31s/it]
[1A                                                 
{'loss': 0.8397, 'grad_norm': 0.556186318397522, 'learning_rate': 7.64e-05, 'num_tokens': 315860.0, 'mean_token_accuracy': 0.710665313526988, 'epoch': 0.48}
[1A
[1A 24%|██▍       | 119/500 [08:32<27:23,  4.31s/it]
[1A 24%|██▍       | 120/500 [08:36<27:18,  4.31s/it]
[1A                                                 
{'loss': 0.8285, 'grad_norm': 0.5055093169212341, 'learning_rate': 7.620000000000001e-05, 'num_tokens': 318670.0, 'mean_token_accuracy': 0.7314772568643093, 'epoch': 0.48}
[1A
[1A 24%|██▍       | 120/500 [08:36<27:18,  4.31s/it]
[1A 24%|██▍       | 121/500 [08:41<26:59,  4.27s/it]
[1A                                                 
{'loss': 0.7807, 'grad_norm': 0.4709285795688629, 'learning_rate': 7.6e-05, 'num_tokens': 321452.0, 'mean_token_accuracy': 0.7280432991683483, 'epoch': 0.48}
[1A
[1A 24%|██▍       | 121/500 [08:41<26:59,  4.27s/it]
[1A 24%|██▍       | 122/500 [08:45<27:00,  4.29s/it]
[1A                                                 
{'loss': 0.8179, 'grad_norm': 0.49094274640083313, 'learning_rate': 7.58e-05, 'num_tokens': 323948.0, 'mean_token_accuracy': 0.7207332570105791, 'epoch': 0.49}
[1A
[1A 24%|██▍       | 122/500 [08:45<27:00,  4.29s/it]
[1A 25%|██▍       | 123/500 [08:49<27:06,  4.31s/it]
[1A                                                 
{'loss': 0.8173, 'grad_norm': 0.5075693130493164, 'learning_rate': 7.560000000000001e-05, 'num_tokens': 326714.0, 'mean_token_accuracy': 0.732070866972208, 'epoch': 0.49}
[1A
[1A 25%|██▍       | 123/500 [08:49<27:06,  4.31s/it]
[1A 25%|██▍       | 124/500 [08:54<26:45,  4.27s/it]
[1A                                                 
{'loss': 0.7928, 'grad_norm': 0.4964706301689148, 'learning_rate': 7.54e-05, 'num_tokens': 329456.0, 'mean_token_accuracy': 0.7430964298546314, 'epoch': 0.5}
[1A
[1A 25%|██▍       | 124/500 [08:54<26:45,  4.27s/it]
[1A 25%|██▌       | 125/500 [08:58<26:45,  4.28s/it]
[1A                                                 
{'loss': 0.7748, 'grad_norm': 0.5606016516685486, 'learning_rate': 7.52e-05, 'num_tokens': 332320.0, 'mean_token_accuracy': 0.7390971928834915, 'epoch': 0.5}
[1A
[1A 25%|██▌       | 125/500 [08:58<26:45,  4.28s/it]
[1A 25%|██▌       | 126/500 [09:02<26:49,  4.30s/it]
[1A                                                 
{'loss': 0.9083, 'grad_norm': 0.5133088827133179, 'learning_rate': 7.500000000000001e-05, 'num_tokens': 334649.0, 'mean_token_accuracy': 0.6684728749096394, 'epoch': 0.5}
[1A
[1A 25%|██▌       | 126/500 [09:02<26:49,  4.30s/it]
[1A 25%|██▌       | 127/500 [09:06<26:32,  4.27s/it]
[1A                                                 
{'loss': 0.812, 'grad_norm': 0.46047690510749817, 'learning_rate': 7.48e-05, 'num_tokens': 337260.0, 'mean_token_accuracy': 0.7371060065925121, 'epoch': 0.51}
[1A
[1A 25%|██▌       | 127/500 [09:06<26:32,  4.27s/it]
[1A 26%|██▌       | 128/500 [09:11<26:37,  4.29s/it]
[1A                                                 
{'loss': 0.8144, 'grad_norm': 0.43909716606140137, 'learning_rate': 7.46e-05, 'num_tokens': 339994.0, 'mean_token_accuracy': 0.7329894546419382, 'epoch': 0.51}
[1A
[1A 26%|██▌       | 128/500 [09:11<26:37,  4.29s/it]
[1A 26%|██▌       | 129/500 [09:15<26:33,  4.30s/it]
[1A                                                 
{'loss': 0.8638, 'grad_norm': 0.5248757004737854, 'learning_rate': 7.44e-05, 'num_tokens': 342553.0, 'mean_token_accuracy': 0.7050771117210388, 'epoch': 0.52}
[1A
[1A 26%|██▌       | 129/500 [09:15<26:33,  4.30s/it]
[1A 26%|██▌       | 130/500 [09:19<26:13,  4.25s/it]
[1A                                                 
{'loss': 0.7897, 'grad_norm': 0.43294888734817505, 'learning_rate': 7.42e-05, 'num_tokens': 345468.0, 'mean_token_accuracy': 0.7425042167305946, 'epoch': 0.52}
[1A
[1A 26%|██▌       | 130/500 [09:19<26:13,  4.25s/it]
[1A 26%|██▌       | 131/500 [09:24<26:19,  4.28s/it]
[1A                                                 
{'loss': 0.8076, 'grad_norm': 0.6195626854896545, 'learning_rate': 7.4e-05, 'num_tokens': 347851.0, 'mean_token_accuracy': 0.7145204041153193, 'epoch': 0.52}
[1A
[1A 26%|██▌       | 131/500 [09:24<26:19,  4.28s/it]
[1A 26%|██▋       | 132/500 [09:28<26:21,  4.30s/it]
[1A                                                 
{'loss': 0.6905, 'grad_norm': 0.4008636772632599, 'learning_rate': 7.38e-05, 'num_tokens': 350835.0, 'mean_token_accuracy': 0.7803821749985218, 'epoch': 0.53}
[1A
[1A 26%|██▋       | 132/500 [09:28<26:21,  4.30s/it]
[1A 27%|██▋       | 133/500 [09:32<26:01,  4.25s/it]
[1A                                                 
{'loss': 0.7454, 'grad_norm': 0.4675419330596924, 'learning_rate': 7.36e-05, 'num_tokens': 353560.0, 'mean_token_accuracy': 0.7475337143987417, 'epoch': 0.53}
[1A
[1A 27%|██▋       | 133/500 [09:32<26:01,  4.25s/it]
[1A 27%|██▋       | 134/500 [09:36<26:04,  4.28s/it]
[1A                                                 
{'loss': 0.7436, 'grad_norm': 0.45619991421699524, 'learning_rate': 7.340000000000001e-05, 'num_tokens': 356313.0, 'mean_token_accuracy': 0.7451304569840431, 'epoch': 0.54}
[1A
[1A 27%|██▋       | 134/500 [09:36<26:04,  4.28s/it]
[1A 27%|██▋       | 135/500 [09:41<26:02,  4.28s/it]
[1A                                                 
{'loss': 0.7602, 'grad_norm': 0.4612213373184204, 'learning_rate': 7.32e-05, 'num_tokens': 358923.0, 'mean_token_accuracy': 0.7543946467339993, 'epoch': 0.54}
[1A
[1A 27%|██▋       | 135/500 [09:41<26:02,  4.28s/it]
[1A 27%|██▋       | 136/500 [09:45<25:43,  4.24s/it]
[1A                                                 
{'loss': 0.8447, 'grad_norm': 0.5360608100891113, 'learning_rate': 7.3e-05, 'num_tokens': 361499.0, 'mean_token_accuracy': 0.6998473405838013, 'epoch': 0.54}
[1A
[1A 27%|██▋       | 136/500 [09:45<25:43,  4.24s/it]
[1A 27%|██▋       | 137/500 [09:49<25:45,  4.26s/it]
[1A                                                 
{'loss': 0.7109, 'grad_norm': 0.4882068932056427, 'learning_rate': 7.280000000000001e-05, 'num_tokens': 364275.0, 'mean_token_accuracy': 0.7725397385656834, 'epoch': 0.55}
[1A
[1A 27%|██▋       | 137/500 [09:49<25:45,  4.26s/it]
[1A 28%|██▊       | 138/500 [09:53<25:49,  4.28s/it]
[1A                                                 
{'loss': 0.7421, 'grad_norm': 0.4604571759700775, 'learning_rate': 7.26e-05, 'num_tokens': 367245.0, 'mean_token_accuracy': 0.7684797681868076, 'epoch': 0.55}
[1A
[1A 28%|██▊       | 138/500 [09:53<25:49,  4.28s/it]
[1A 28%|██▊       | 139/500 [09:58<25:32,  4.24s/it]
[1A                                                 
{'loss': 0.7524, 'grad_norm': 0.4733045995235443, 'learning_rate': 7.24e-05, 'num_tokens': 370063.0, 'mean_token_accuracy': 0.7512718252837658, 'epoch': 0.56}
[1A
[1A 28%|██▊       | 139/500 [09:58<25:32,  4.24s/it]
[1A 28%|██▊       | 140/500 [10:02<25:38,  4.27s/it]
[1A                                                 
{'loss': 0.8238, 'grad_norm': 0.47401124238967896, 'learning_rate': 7.22e-05, 'num_tokens': 372666.0, 'mean_token_accuracy': 0.7109190747141838, 'epoch': 0.56}
[1A
[1A 28%|██▊       | 140/500 [10:02<25:38,  4.27s/it]
[1A 28%|██▊       | 141/500 [10:06<25:39,  4.29s/it]
[1A                                                 
{'loss': 0.7311, 'grad_norm': 0.4686337113380432, 'learning_rate': 7.2e-05, 'num_tokens': 375560.0, 'mean_token_accuracy': 0.7440994568169117, 'epoch': 0.56}
[1A
[1A 28%|██▊       | 141/500 [10:06<25:39,  4.29s/it]
[1A 28%|██▊       | 142/500 [10:11<25:38,  4.30s/it]
[1A                                                 
{'loss': 0.7953, 'grad_norm': 0.5310045480728149, 'learning_rate': 7.18e-05, 'num_tokens': 378033.0, 'mean_token_accuracy': 0.7244169600307941, 'epoch': 0.57}
[1A
[1A 28%|██▊       | 142/500 [10:11<25:38,  4.30s/it]
[1A 29%|██▊       | 143/500 [10:15<25:19,  4.26s/it]
[1A                                                 
{'loss': 0.7802, 'grad_norm': 0.4710141122341156, 'learning_rate': 7.16e-05, 'num_tokens': 380819.0, 'mean_token_accuracy': 0.737447626888752, 'epoch': 0.57}
[1A
[1A 29%|██▊       | 143/500 [10:15<25:19,  4.26s/it]
[1A 29%|██▉       | 144/500 [10:19<25:29,  4.30s/it]
[1A                                                 
{'loss': 0.8022, 'grad_norm': 0.47053635120391846, 'learning_rate': 7.14e-05, 'num_tokens': 383683.0, 'mean_token_accuracy': 0.7336520161479712, 'epoch': 0.58}
[1A
[1A 29%|██▉       | 144/500 [10:19<25:29,  4.30s/it]
[1A 29%|██▉       | 145/500 [10:23<25:13,  4.26s/it]
[1A                                                 
{'loss': 0.926, 'grad_norm': 0.5520875453948975, 'learning_rate': 7.12e-05, 'num_tokens': 386086.0, 'mean_token_accuracy': 0.6880095340311527, 'epoch': 0.58}
[1A
[1A 29%|██▉       | 145/500 [10:23<25:13,  4.26s/it]
[1A 29%|██▉       | 146/500 [10:28<25:18,  4.29s/it]
[1A                                                 
{'loss': 0.7664, 'grad_norm': 0.5359885096549988, 'learning_rate': 7.1e-05, 'num_tokens': 388807.0, 'mean_token_accuracy': 0.7458448968827724, 'epoch': 0.58}
[1A
[1A 29%|██▉       | 146/500 [10:28<25:18,  4.29s/it]
[1A 29%|██▉       | 147/500 [10:32<25:19,  4.30s/it]
[1A                                                 
{'loss': 0.8464, 'grad_norm': 0.5237687826156616, 'learning_rate': 7.08e-05, 'num_tokens': 391333.0, 'mean_token_accuracy': 0.7055874280631542, 'epoch': 0.59}
[1A
[1A 29%|██▉       | 147/500 [10:32<25:19,  4.30s/it]
[1A 30%|██▉       | 148/500 [10:36<24:58,  4.26s/it]
[1A                                                 
{'loss': 0.8164, 'grad_norm': 0.5053003430366516, 'learning_rate': 7.06e-05, 'num_tokens': 394139.0, 'mean_token_accuracy': 0.7335059270262718, 'epoch': 0.59}
[1A
[1A 30%|██▉       | 148/500 [10:36<24:58,  4.26s/it]
[1A 30%|██▉       | 149/500 [10:40<24:57,  4.27s/it]
[1A                                                 
{'loss': 0.8547, 'grad_norm': 0.5233798027038574, 'learning_rate': 7.04e-05, 'num_tokens': 396496.0, 'mean_token_accuracy': 0.7121351044625044, 'epoch': 0.6}
[1A
[1A 30%|██▉       | 149/500 [10:40<24:57,  4.27s/it]
[1A 30%|███       | 150/500 [10:45<25:01,  4.29s/it]
[1A                                                 
{'loss': 0.7797, 'grad_norm': 0.4614432752132416, 'learning_rate': 7.02e-05, 'num_tokens': 399210.0, 'mean_token_accuracy': 0.7333018686622381, 'epoch': 0.6}
[1A
[1A 30%|███       | 150/500 [10:45<25:01,  4.29s/it]
[1A 30%|███       | 151/500 [10:49<25:09,  4.32s/it]
[1A                                                 
{'loss': 0.8328, 'grad_norm': 0.49172985553741455, 'learning_rate': 7e-05, 'num_tokens': 401931.0, 'mean_token_accuracy': 0.7168604414910078, 'epoch': 0.6}
[1A
[1A 30%|███       | 151/500 [10:49<25:09,  4.32s/it]
[1A 30%|███       | 152/500 [10:53<24:49,  4.28s/it]
[1A                                                 
{'loss': 0.8405, 'grad_norm': 0.5216318368911743, 'learning_rate': 6.98e-05, 'num_tokens': 404432.0, 'mean_token_accuracy': 0.6780386753380299, 'epoch': 0.61}
[1A
[1A 30%|███       | 152/500 [10:53<24:49,  4.28s/it]
[1A 31%|███       | 153/500 [10:58<24:45,  4.28s/it]
[1A                                                 
{'loss': 0.7212, 'grad_norm': 0.42098334431648254, 'learning_rate': 6.96e-05, 'num_tokens': 407301.0, 'mean_token_accuracy': 0.7534127086400986, 'epoch': 0.61}
[1A
[1A 31%|███       | 153/500 [10:58<24:45,  4.28s/it]
[1A 31%|███       | 154/500 [11:02<24:43,  4.29s/it]
[1A                                                 
{'loss': 0.8079, 'grad_norm': 0.48499584197998047, 'learning_rate': 6.939999999999999e-05, 'num_tokens': 409853.0, 'mean_token_accuracy': 0.7224211804568768, 'epoch': 0.62}
[1A
[1A 31%|███       | 154/500 [11:02<24:43,  4.29s/it]
[1A 31%|███       | 155/500 [11:06<24:21,  4.24s/it]
[1A                                                 
{'loss': 0.8274, 'grad_norm': 0.4868805706501007, 'learning_rate': 6.92e-05, 'num_tokens': 412589.0, 'mean_token_accuracy': 0.7198622897267342, 'epoch': 0.62}
[1A
[1A 31%|███       | 155/500 [11:06<24:21,  4.24s/it]
[1A 31%|███       | 156/500 [11:10<24:24,  4.26s/it]
[1A                                                 
{'loss': 0.7279, 'grad_norm': 0.4610699713230133, 'learning_rate': 6.9e-05, 'num_tokens': 415434.0, 'mean_token_accuracy': 0.7454599998891354, 'epoch': 0.62}
[1A
[1A 31%|███       | 156/500 [11:10<24:24,  4.26s/it]
[1A 31%|███▏      | 157/500 [11:15<24:21,  4.26s/it]
[1A                                                 
{'loss': 0.8714, 'grad_norm': 0.4854314625263214, 'learning_rate': 6.879999999999999e-05, 'num_tokens': 417895.0, 'mean_token_accuracy': 0.6756021156907082, 'epoch': 0.63}
[1A
[1A 31%|███▏      | 157/500 [11:15<24:21,  4.26s/it]
[1A 32%|███▏      | 158/500 [11:19<24:00,  4.21s/it]
[1A                                                 
{'loss': 0.7326, 'grad_norm': 0.44450488686561584, 'learning_rate': 6.860000000000001e-05, 'num_tokens': 420769.0, 'mean_token_accuracy': 0.769103180617094, 'epoch': 0.63}
[1A
[1A 32%|███▏      | 158/500 [11:19<24:00,  4.21s/it]
[1A 32%|███▏      | 159/500 [11:23<24:02,  4.23s/it]
[1A                                                 
{'loss': 0.6758, 'grad_norm': 0.4694277346134186, 'learning_rate': 6.840000000000001e-05, 'num_tokens': 423691.0, 'mean_token_accuracy': 0.7724794819951057, 'epoch': 0.64}
[1A
[1A 32%|███▏      | 159/500 [11:23<24:02,  4.23s/it]
[1A 32%|███▏      | 160/500 [11:27<24:08,  4.26s/it]
[1A                                                 
{'loss': 0.6416, 'grad_norm': 0.44910186529159546, 'learning_rate': 6.82e-05, 'num_tokens': 426537.0, 'mean_token_accuracy': 0.767796466127038, 'epoch': 0.64}
[1A
[1A 32%|███▏      | 160/500 [11:27<24:08,  4.26s/it]
[1A 32%|███▏      | 161/500 [11:31<23:52,  4.23s/it]
[1A                                                 
{'loss': 0.8689, 'grad_norm': 0.5275073051452637, 'learning_rate': 6.800000000000001e-05, 'num_tokens': 428981.0, 'mean_token_accuracy': 0.6788751780986786, 'epoch': 0.64}
[1A
[1A 32%|███▏      | 161/500 [11:31<23:52,  4.23s/it]
[1A 32%|███▏      | 162/500 [11:36<23:56,  4.25s/it]
[1A                                                 
{'loss': 0.7292, 'grad_norm': 0.4754737615585327, 'learning_rate': 6.780000000000001e-05, 'num_tokens': 431879.0, 'mean_token_accuracy': 0.7590175606310368, 'epoch': 0.65}
[1A
[1A 32%|███▏      | 162/500 [11:36<23:56,  4.25s/it]
[1A 33%|███▎      | 163/500 [11:40<23:59,  4.27s/it]
[1A                                                 
{'loss': 0.76, 'grad_norm': 0.5063430666923523, 'learning_rate': 6.76e-05, 'num_tokens': 434622.0, 'mean_token_accuracy': 0.7527028061449528, 'epoch': 0.65}
[1A
[1A 33%|███▎      | 163/500 [11:40<23:59,  4.27s/it]
[1A 33%|███▎      | 164/500 [11:44<23:42,  4.23s/it]
[1A                                                 
{'loss': 0.7729, 'grad_norm': 0.5209905505180359, 'learning_rate': 6.740000000000001e-05, 'num_tokens': 437417.0, 'mean_token_accuracy': 0.7366147637367249, 'epoch': 0.66}
[1A
[1A 33%|███▎      | 164/500 [11:44<23:42,  4.23s/it]
[1A 33%|███▎      | 165/500 [11:48<23:42,  4.25s/it]
[1A                                                 
{'loss': 0.7626, 'grad_norm': 0.48349303007125854, 'learning_rate': 6.720000000000001e-05, 'num_tokens': 440199.0, 'mean_token_accuracy': 0.7423477098345757, 'epoch': 0.66}
[1A
[1A 33%|███▎      | 165/500 [11:49<23:42,  4.25s/it]
[1A 33%|███▎      | 166/500 [11:53<23:43,  4.26s/it]
[1A                                                 
{'loss': 0.7614, 'grad_norm': 0.5163123607635498, 'learning_rate': 6.7e-05, 'num_tokens': 442716.0, 'mean_token_accuracy': 0.7239768207073212, 'epoch': 0.66}
[1A
[1A 33%|███▎      | 166/500 [11:53<23:43,  4.26s/it]
[1A 33%|███▎      | 167/500 [11:57<23:26,  4.23s/it]
[1A                                                 
{'loss': 0.7769, 'grad_norm': 0.5646404027938843, 'learning_rate': 6.680000000000001e-05, 'num_tokens': 445519.0, 'mean_token_accuracy': 0.7648585736751556, 'epoch': 0.67}
[1A
[1A 33%|███▎      | 167/500 [11:57<23:26,  4.23s/it]
[1A 34%|███▎      | 168/500 [12:01<23:30,  4.25s/it]
[1A                                                 
{'loss': 0.7615, 'grad_norm': 0.4776902496814728, 'learning_rate': 6.66e-05, 'num_tokens': 448175.0, 'mean_token_accuracy': 0.733735267072916, 'epoch': 0.67}
[1A
[1A 34%|███▎      | 168/500 [12:01<23:30,  4.25s/it]
[1A 34%|███▍      | 169/500 [12:06<23:33,  4.27s/it]
[1A                                                 
{'loss': 0.7358, 'grad_norm': 0.4942171275615692, 'learning_rate': 6.64e-05, 'num_tokens': 450840.0, 'mean_token_accuracy': 0.757935430854559, 'epoch': 0.68}
[1A
[1A 34%|███▍      | 169/500 [12:06<23:33,  4.27s/it]
[1A 34%|███▍      | 170/500 [12:10<23:17,  4.23s/it]
[1A                                                 
{'loss': 0.7687, 'grad_norm': 0.46044185757637024, 'learning_rate': 6.620000000000001e-05, 'num_tokens': 453745.0, 'mean_token_accuracy': 0.7495091296732426, 'epoch': 0.68}
[1A
[1A 34%|███▍      | 170/500 [12:10<23:17,  4.23s/it]
[1A 34%|███▍      | 171/500 [12:14<23:25,  4.27s/it]
[1A                                                 
{'loss': 0.7869, 'grad_norm': 0.5177700519561768, 'learning_rate': 6.6e-05, 'num_tokens': 456278.0, 'mean_token_accuracy': 0.6996975988149643, 'epoch': 0.68}
[1A
[1A 34%|███▍      | 171/500 [12:14<23:25,  4.27s/it]
[1A 34%|███▍      | 172/500 [12:18<23:26,  4.29s/it]
[1A                                                 
{'loss': 0.8109, 'grad_norm': 0.5086503624916077, 'learning_rate': 6.58e-05, 'num_tokens': 458743.0, 'mean_token_accuracy': 0.7316008061170578, 'epoch': 0.69}
[1A
[1A 34%|███▍      | 172/500 [12:18<23:26,  4.29s/it]
[1A 35%|███▍      | 173/500 [12:23<23:10,  4.25s/it]
[1A                                                 
{'loss': 0.7612, 'grad_norm': 0.47501131892204285, 'learning_rate': 6.560000000000001e-05, 'num_tokens': 461375.0, 'mean_token_accuracy': 0.7267116084694862, 'epoch': 0.69}
[1A
[1A 35%|███▍      | 173/500 [12:23<23:10,  4.25s/it]
[1A 35%|███▍      | 174/500 [12:27<23:13,  4.28s/it]
[1A                                                 
{'loss': 0.8402, 'grad_norm': 0.531154990196228, 'learning_rate': 6.54e-05, 'num_tokens': 463725.0, 'mean_token_accuracy': 0.6993545759469271, 'epoch': 0.7}
[1A
[1A 35%|███▍      | 174/500 [12:27<23:13,  4.28s/it]
[1A 35%|███▌      | 175/500 [12:31<23:16,  4.30s/it]
[1A                                                 
{'loss': 0.8017, 'grad_norm': 0.5697785019874573, 'learning_rate': 6.52e-05, 'num_tokens': 466188.0, 'mean_token_accuracy': 0.702686931937933, 'epoch': 0.7}
[1A
[1A 35%|███▌      | 175/500 [12:31<23:16,  4.30s/it]
[1A 35%|███▌      | 176/500 [12:35<23:07,  4.28s/it]
[1A                                                 
{'loss': 0.7415, 'grad_norm': 0.47933220863342285, 'learning_rate': 6.500000000000001e-05, 'num_tokens': 469220.0, 'mean_token_accuracy': 0.7698991149663925, 'epoch': 0.7}
[1A
[1A 35%|███▌      | 176/500 [12:35<23:07,  4.28s/it]
[1A 35%|███▌      | 177/500 [12:40<23:06,  4.29s/it]
[1A                                                 
{'loss': 0.7879, 'grad_norm': 0.5386050343513489, 'learning_rate': 6.48e-05, 'num_tokens': 472030.0, 'mean_token_accuracy': 0.7202061731368303, 'epoch': 0.71}
[1A
[1A 35%|███▌      | 177/500 [12:40<23:06,  4.29s/it]
[1A 36%|███▌      | 178/500 [12:44<23:04,  4.30s/it]
[1A                                                 
{'loss': 0.731, 'grad_norm': 0.5225577354431152, 'learning_rate': 6.460000000000001e-05, 'num_tokens': 474488.0, 'mean_token_accuracy': 0.7264775261282921, 'epoch': 0.71}
[1A
[1A 36%|███▌      | 178/500 [12:44<23:04,  4.30s/it]
[1A 36%|███▌      | 179/500 [12:48<23:03,  4.31s/it]
[1A                                                 
{'loss': 0.7485, 'grad_norm': 0.49986395239830017, 'learning_rate': 6.440000000000001e-05, 'num_tokens': 477257.0, 'mean_token_accuracy': 0.7544630691409111, 'epoch': 0.72}
[1A
[1A 36%|███▌      | 179/500 [12:48<23:03,  4.31s/it]
[1A 36%|███▌      | 180/500 [12:53<22:46,  4.27s/it]
[1A                                                 
{'loss': 0.8149, 'grad_norm': 0.5536022782325745, 'learning_rate': 6.42e-05, 'num_tokens': 479935.0, 'mean_token_accuracy': 0.7263867724686861, 'epoch': 0.72}
[1A
[1A 36%|███▌      | 180/500 [12:53<22:46,  4.27s/it]
[1A 36%|███▌      | 181/500 [12:57<22:47,  4.29s/it]
[1A                                                 
{'loss': 0.7253, 'grad_norm': 0.5136127471923828, 'learning_rate': 6.400000000000001e-05, 'num_tokens': 482809.0, 'mean_token_accuracy': 0.7670976258814335, 'epoch': 0.72}
[1A
[1A 36%|███▌      | 181/500 [12:57<22:47,  4.29s/it]
[1A 36%|███▋      | 182/500 [13:01<22:34,  4.26s/it]
[1A                                                 
{'loss': 0.7255, 'grad_norm': 0.511421263217926, 'learning_rate': 6.38e-05, 'num_tokens': 485538.0, 'mean_token_accuracy': 0.7596693783998489, 'epoch': 0.73}
[1A
[1A 36%|███▋      | 182/500 [13:01<22:34,  4.26s/it]
[1A 37%|███▋      | 183/500 [13:06<22:38,  4.29s/it]
[1A                                                 
{'loss': 0.7046, 'grad_norm': 0.4666537940502167, 'learning_rate': 6.36e-05, 'num_tokens': 488542.0, 'mean_token_accuracy': 0.7759542055428028, 'epoch': 0.73}
[1A
[1A 37%|███▋      | 183/500 [13:06<22:38,  4.29s/it]
[1A 37%|███▋      | 184/500 [13:10<22:38,  4.30s/it]
[1A                                                 
{'loss': 0.8116, 'grad_norm': 0.5075043439865112, 'learning_rate': 6.340000000000001e-05, 'num_tokens': 491243.0, 'mean_token_accuracy': 0.7356224544346333, 'epoch': 0.74}
[1A
[1A 37%|███▋      | 184/500 [13:10<22:38,  4.30s/it]
[1A 37%|███▋      | 185/500 [13:14<22:18,  4.25s/it]
[1A                                                 
{'loss': 0.7915, 'grad_norm': 0.5142149329185486, 'learning_rate': 6.32e-05, 'num_tokens': 493863.0, 'mean_token_accuracy': 0.7249908708035946, 'epoch': 0.74}
[1A
[1A 37%|███▋      | 185/500 [13:14<22:18,  4.25s/it]
[1A 37%|███▋      | 186/500 [13:18<22:24,  4.28s/it]
[1A                                                 
{'loss': 0.7246, 'grad_norm': 0.4958931505680084, 'learning_rate': 6.3e-05, 'num_tokens': 496636.0, 'mean_token_accuracy': 0.7478214614093304, 'epoch': 0.74}
[1A
[1A 37%|███▋      | 186/500 [13:18<22:24,  4.28s/it]
[1A 37%|███▋      | 187/500 [13:23<22:29,  4.31s/it]
[1A                                                 
{'loss': 0.7438, 'grad_norm': 0.48075199127197266, 'learning_rate': 6.280000000000001e-05, 'num_tokens': 499493.0, 'mean_token_accuracy': 0.758806087076664, 'epoch': 0.75}
[1A
[1A 37%|███▋      | 187/500 [13:23<22:29,  4.31s/it]
[1A 38%|███▊      | 188/500 [13:27<22:25,  4.31s/it]
[1A                                                 
{'loss': 0.8261, 'grad_norm': 0.5192764401435852, 'learning_rate': 6.26e-05, 'num_tokens': 501886.0, 'mean_token_accuracy': 0.6960495691746473, 'epoch': 0.75}
[1A
[1A 38%|███▊      | 188/500 [13:27<22:25,  4.31s/it]
[1A 38%|███▊      | 189/500 [13:31<22:08,  4.27s/it]
[1A                                                 
{'loss': 0.7901, 'grad_norm': 0.5413109660148621, 'learning_rate': 6.24e-05, 'num_tokens': 504597.0, 'mean_token_accuracy': 0.733059162274003, 'epoch': 0.76}
[1A
[1A 38%|███▊      | 189/500 [13:31<22:08,  4.27s/it]
[1A 38%|███▊      | 190/500 [13:36<22:07,  4.28s/it]
[1A                                                 
{'loss': 0.7754, 'grad_norm': 0.5051690340042114, 'learning_rate': 6.220000000000001e-05, 'num_tokens': 507436.0, 'mean_token_accuracy': 0.747102826833725, 'epoch': 0.76}
[1A
[1A 38%|███▊      | 190/500 [13:36<22:07,  4.28s/it]
[1A 38%|███▊      | 191/500 [13:40<22:06,  4.29s/it]
[1A                                                 
{'loss': 0.8488, 'grad_norm': 0.5451509952545166, 'learning_rate': 6.2e-05, 'num_tokens': 509864.0, 'mean_token_accuracy': 0.7063078545033932, 'epoch': 0.76}
[1A
[1A 38%|███▊      | 191/500 [13:40<22:06,  4.29s/it]
[1A 38%|███▊      | 192/500 [13:44<21:48,  4.25s/it]
[1A                                                 
{'loss': 0.7203, 'grad_norm': 0.47397008538246155, 'learning_rate': 6.18e-05, 'num_tokens': 512617.0, 'mean_token_accuracy': 0.7447917237877846, 'epoch': 0.77}
[1A
[1A 38%|███▊      | 192/500 [13:44<21:48,  4.25s/it]
[1A 39%|███▊      | 193/500 [13:48<21:49,  4.27s/it]
[1A                                                 
{'loss': 0.7415, 'grad_norm': 0.5268332958221436, 'learning_rate': 6.16e-05, 'num_tokens': 515220.0, 'mean_token_accuracy': 0.7478774972259998, 'epoch': 0.77}
[1A
[1A 39%|███▊      | 193/500 [13:48<21:49,  4.27s/it]
[1A 39%|███▉      | 194/500 [13:53<21:49,  4.28s/it]
[1A                                                 
{'loss': 0.7307, 'grad_norm': 0.5113896131515503, 'learning_rate': 6.14e-05, 'num_tokens': 517999.0, 'mean_token_accuracy': 0.7497005425393581, 'epoch': 0.78}
[1A
[1A 39%|███▉      | 194/500 [13:53<21:49,  4.28s/it]
[1A 39%|███▉      | 195/500 [13:57<21:33,  4.24s/it]
[1A                                                 
{'loss': 0.8165, 'grad_norm': 0.5121932625770569, 'learning_rate': 6.12e-05, 'num_tokens': 520681.0, 'mean_token_accuracy': 0.7200312614440918, 'epoch': 0.78}
[1A
[1A 39%|███▉      | 195/500 [13:57<21:33,  4.24s/it]
[1A 39%|███▉      | 196/500 [14:01<21:36,  4.26s/it]
[1A                                                 
{'loss': 0.7669, 'grad_norm': 0.5109445452690125, 'learning_rate': 6.1e-05, 'num_tokens': 523527.0, 'mean_token_accuracy': 0.7537303939461708, 'epoch': 0.78}
[1A
[1A 39%|███▉      | 196/500 [14:01<21:36,  4.26s/it]
[1A 39%|███▉      | 197/500 [14:05<21:34,  4.27s/it]
[1A                                                 
{'loss': 0.7646, 'grad_norm': 0.528083324432373, 'learning_rate': 6.08e-05, 'num_tokens': 526176.0, 'mean_token_accuracy': 0.731725700199604, 'epoch': 0.79}
[1A
[1A 39%|███▉      | 197/500 [14:05<21:34,  4.27s/it]
[1A 40%|███▉      | 198/500 [14:09<21:15,  4.22s/it]
[1A                                                 
{'loss': 0.8666, 'grad_norm': 0.5484777688980103, 'learning_rate': 6.06e-05, 'num_tokens': 528781.0, 'mean_token_accuracy': 0.7070175223052502, 'epoch': 0.79}
[1A
[1A 40%|███▉      | 198/500 [14:09<21:15,  4.22s/it]
[1A 40%|███▉      | 199/500 [14:14<21:17,  4.25s/it]
[1A                                                 
{'loss': 0.8342, 'grad_norm': 0.5026874542236328, 'learning_rate': 6.04e-05, 'num_tokens': 531301.0, 'mean_token_accuracy': 0.7137128300964832, 'epoch': 0.8}
[1A
[1A 40%|███▉      | 199/500 [14:14<21:17,  4.25s/it]
[1A 40%|████      | 200/500 [14:18<21:22,  4.27s/it]
[1A                                                 
{'loss': 0.7049, 'grad_norm': 0.46093612909317017, 'learning_rate': 6.02e-05, 'num_tokens': 534227.0, 'mean_token_accuracy': 0.778870839625597, 'epoch': 0.8}
[1A
[1A 40%|████      | 200/500 [14:18<21:22,  4.27s/it]
[1A 40%|████      | 201/500 [14:22<21:09,  4.25s/it]
[1A                                                 
{'loss': 0.7569, 'grad_norm': 0.5287461876869202, 'learning_rate': 6e-05, 'num_tokens': 537150.0, 'mean_token_accuracy': 0.7582869455218315, 'epoch': 0.8}
[1A
[1A 40%|████      | 201/500 [14:22<21:09,  4.25s/it]
[1A 40%|████      | 202/500 [14:27<21:09,  4.26s/it]
[1A                                                 
{'loss': 0.7239, 'grad_norm': 0.4879918098449707, 'learning_rate': 5.9800000000000003e-05, 'num_tokens': 539782.0, 'mean_token_accuracy': 0.7669978477060795, 'epoch': 0.81}
[1A
[1A 40%|████      | 202/500 [14:27<21:09,  4.26s/it]
[1A 41%|████      | 203/500 [14:31<21:14,  4.29s/it]
[1A                                                 
{'loss': 0.7356, 'grad_norm': 0.5216653347015381, 'learning_rate': 5.96e-05, 'num_tokens': 542338.0, 'mean_token_accuracy': 0.7349634729325771, 'epoch': 0.81}
[1A
[1A 41%|████      | 203/500 [14:31<21:14,  4.29s/it]
[1A 41%|████      | 204/500 [14:35<20:54,  4.24s/it]
[1A                                                 
{'loss': 0.8046, 'grad_norm': 0.5524794459342957, 'learning_rate': 5.94e-05, 'num_tokens': 544875.0, 'mean_token_accuracy': 0.7088503614068031, 'epoch': 0.82}
[1A
[1A 41%|████      | 204/500 [14:35<20:54,  4.24s/it]
[1A 41%|████      | 205/500 [14:39<20:58,  4.27s/it]
[1A                                                 
{'loss': 0.7737, 'grad_norm': 0.5297228693962097, 'learning_rate': 5.92e-05, 'num_tokens': 547381.0, 'mean_token_accuracy': 0.733413577079773, 'epoch': 0.82}
[1A
[1A 41%|████      | 205/500 [14:39<20:58,  4.27s/it]
[1A 41%|████      | 206/500 [14:44<21:02,  4.29s/it]
[1A                                                 
{'loss': 0.6786, 'grad_norm': 0.4782353341579437, 'learning_rate': 5.9e-05, 'num_tokens': 550239.0, 'mean_token_accuracy': 0.7872490249574184, 'epoch': 0.82}
[1A
[1A 41%|████      | 206/500 [14:44<21:02,  4.29s/it]
[1A 41%|████▏     | 207/500 [14:48<20:44,  4.25s/it]
[1A                                                 
{'loss': 0.7809, 'grad_norm': 0.523803174495697, 'learning_rate': 5.88e-05, 'num_tokens': 552726.0, 'mean_token_accuracy': 0.7097387854009867, 'epoch': 0.83}
[1A
[1A 41%|████▏     | 207/500 [14:48<20:44,  4.25s/it]
[1A 42%|████▏     | 208/500 [14:52<20:45,  4.27s/it]
[1A                                                 
{'loss': 0.7262, 'grad_norm': 0.5102919936180115, 'learning_rate': 5.86e-05, 'num_tokens': 555304.0, 'mean_token_accuracy': 0.7504581734538078, 'epoch': 0.83}
[1A
[1A 42%|████▏     | 208/500 [14:52<20:45,  4.27s/it]
[1A 42%|████▏     | 209/500 [14:56<20:39,  4.26s/it]
[1A                                                 
{'loss': 0.7791, 'grad_norm': 0.5731350779533386, 'learning_rate': 5.8399999999999997e-05, 'num_tokens': 557885.0, 'mean_token_accuracy': 0.7369110397994518, 'epoch': 0.84}
[1A
[1A 42%|████▏     | 209/500 [14:56<20:39,  4.26s/it]
[1A 42%|████▏     | 210/500 [15:01<20:23,  4.22s/it]
[1A                                                 
{'loss': 0.699, 'grad_norm': 0.5274381637573242, 'learning_rate': 5.82e-05, 'num_tokens': 560611.0, 'mean_token_accuracy': 0.7656104415655136, 'epoch': 0.84}
[1A
[1A 42%|████▏     | 210/500 [15:01<20:23,  4.22s/it]
[1A 42%|████▏     | 211/500 [15:05<20:26,  4.24s/it]
[1A                                                 
{'loss': 0.6943, 'grad_norm': 0.49016621708869934, 'learning_rate': 5.8e-05, 'num_tokens': 563473.0, 'mean_token_accuracy': 0.7710688635706902, 'epoch': 0.84}
[1A
[1A 42%|████▏     | 211/500 [15:05<20:26,  4.24s/it]
[1A 42%|████▏     | 212/500 [15:09<20:25,  4.25s/it]
[1A                                                 
{'loss': 0.8126, 'grad_norm': 0.5115472078323364, 'learning_rate': 5.7799999999999995e-05, 'num_tokens': 566054.0, 'mean_token_accuracy': 0.7155645471066236, 'epoch': 0.85}
[1A
[1A 42%|████▏     | 212/500 [15:09<20:25,  4.25s/it]
[1A 43%|████▎     | 213/500 [15:13<20:09,  4.21s/it]
[1A                                                 
{'loss': 0.8249, 'grad_norm': 0.548591673374176, 'learning_rate': 5.76e-05, 'num_tokens': 568323.0, 'mean_token_accuracy': 0.6958360616117716, 'epoch': 0.85}
[1A
[1A 43%|████▎     | 213/500 [15:13<20:09,  4.21s/it]
[1A 43%|████▎     | 214/500 [15:18<20:10,  4.23s/it]
[1A                                                 
{'loss': 0.8111, 'grad_norm': 0.5878530144691467, 'learning_rate': 5.74e-05, 'num_tokens': 570828.0, 'mean_token_accuracy': 0.7086572647094727, 'epoch': 0.86}
[1A
[1A 43%|████▎     | 214/500 [15:18<20:10,  4.23s/it]
[1A 43%|████▎     | 215/500 [15:22<20:12,  4.25s/it]
[1A                                                 
{'loss': 0.8035, 'grad_norm': 0.5599918365478516, 'learning_rate': 5.72e-05, 'num_tokens': 573433.0, 'mean_token_accuracy': 0.7193406112492085, 'epoch': 0.86}
[1A
[1A 43%|████▎     | 215/500 [15:22<20:12,  4.25s/it]
[1A 43%|████▎     | 216/500 [15:26<20:09,  4.26s/it]
[1A                                                 
{'loss': 0.7808, 'grad_norm': 0.5192276239395142, 'learning_rate': 5.6999999999999996e-05, 'num_tokens': 576199.0, 'mean_token_accuracy': 0.7348133139312267, 'epoch': 0.86}
[1A
[1A 43%|████▎     | 216/500 [15:26<20:09,  4.26s/it]
[1A 43%|████▎     | 217/500 [15:30<19:58,  4.24s/it]
[1A                                                 
{'loss': 0.6798, 'grad_norm': 0.5345631241798401, 'learning_rate': 5.68e-05, 'num_tokens': 578933.0, 'mean_token_accuracy': 0.7630566917359829, 'epoch': 0.87}
[1A
[1A 43%|████▎     | 217/500 [15:30<19:58,  4.24s/it]
[1A 44%|████▎     | 218/500 [15:35<20:06,  4.28s/it]
[1A                                                 
{'loss': 0.6785, 'grad_norm': 0.4924446940422058, 'learning_rate': 5.66e-05, 'num_tokens': 581763.0, 'mean_token_accuracy': 0.7795545123517513, 'epoch': 0.87}
[1A
[1A 44%|████▎     | 218/500 [15:35<20:06,  4.28s/it]
[1A 44%|████▍     | 219/500 [15:39<19:54,  4.25s/it]
[1A                                                 
{'loss': 0.7955, 'grad_norm': 0.5801134705543518, 'learning_rate': 5.6399999999999995e-05, 'num_tokens': 584251.0, 'mean_token_accuracy': 0.7136420868337154, 'epoch': 0.88}
[1A
[1A 44%|████▍     | 219/500 [15:39<19:54,  4.25s/it]
[1A 44%|████▍     | 220/500 [15:43<20:00,  4.29s/it]
[1A                                                 
{'loss': 0.7916, 'grad_norm': 0.5102646946907043, 'learning_rate': 5.620000000000001e-05, 'num_tokens': 587110.0, 'mean_token_accuracy': 0.7388660348951817, 'epoch': 0.88}
[1A
[1A 44%|████▍     | 220/500 [15:43<20:00,  4.29s/it]
[1A 44%|████▍     | 221/500 [15:48<20:01,  4.31s/it]
[1A                                                 
{'loss': 0.6372, 'grad_norm': 0.4819398522377014, 'learning_rate': 5.6000000000000006e-05, 'num_tokens': 589990.0, 'mean_token_accuracy': 0.7908265516161919, 'epoch': 0.88}
[1A
[1A 44%|████▍     | 221/500 [15:48<20:01,  4.31s/it]
[1A 44%|████▍     | 222/500 [15:52<19:46,  4.27s/it]
[1A                                                 
{'loss': 0.7798, 'grad_norm': 0.5526657700538635, 'learning_rate': 5.580000000000001e-05, 'num_tokens': 592568.0, 'mean_token_accuracy': 0.7263195365667343, 'epoch': 0.89}
[1A
[1A 44%|████▍     | 222/500 [15:52<19:46,  4.27s/it]
[1A 45%|████▍     | 223/500 [15:56<19:45,  4.28s/it]
[1A                                                 
{'loss': 0.7141, 'grad_norm': 0.48972004652023315, 'learning_rate': 5.560000000000001e-05, 'num_tokens': 595472.0, 'mean_token_accuracy': 0.750960910692811, 'epoch': 0.89}
[1A
[1A 45%|████▍     | 223/500 [15:56<19:45,  4.28s/it]
[1A 45%|████▍     | 224/500 [16:00<19:43,  4.29s/it]
[1A                                                 
{'loss': 0.7172, 'grad_norm': 0.4859929084777832, 'learning_rate': 5.5400000000000005e-05, 'num_tokens': 598195.0, 'mean_token_accuracy': 0.7691279724240303, 'epoch': 0.9}
[1A
[1A 45%|████▍     | 224/500 [16:00<19:43,  4.29s/it]
[1A 45%|████▌     | 225/500 [16:05<19:45,  4.31s/it]
[1A                                                 
{'loss': 0.7443, 'grad_norm': 0.5155605673789978, 'learning_rate': 5.520000000000001e-05, 'num_tokens': 600980.0, 'mean_token_accuracy': 0.76190584897995, 'epoch': 0.9}
[1A
[1A 45%|████▌     | 225/500 [16:05<19:45,  4.31s/it]
[1A 45%|████▌     | 226/500 [16:09<19:22,  4.24s/it]
[1A                                                 
{'loss': 0.7586, 'grad_norm': 0.5511072874069214, 'learning_rate': 5.500000000000001e-05, 'num_tokens': 603418.0, 'mean_token_accuracy': 0.7261619903147221, 'epoch': 0.9}
[1A
[1A 45%|████▌     | 226/500 [16:09<19:22,  4.24s/it]
[1A 45%|████▌     | 227/500 [16:13<19:24,  4.27s/it]
[1A                                                 
{'loss': 0.7695, 'grad_norm': 0.5381474494934082, 'learning_rate': 5.4800000000000004e-05, 'num_tokens': 606095.0, 'mean_token_accuracy': 0.7373794578015804, 'epoch': 0.91}
[1A
[1A 45%|████▌     | 227/500 [16:13<19:24,  4.27s/it]
[1A 46%|████▌     | 228/500 [16:17<19:24,  4.28s/it]
[1A                                                 
{'loss': 0.6877, 'grad_norm': 0.4868607223033905, 'learning_rate': 5.4600000000000006e-05, 'num_tokens': 609085.0, 'mean_token_accuracy': 0.7887971438467503, 'epoch': 0.91}
[1A
[1A 46%|████▌     | 228/500 [16:17<19:24,  4.28s/it]
[1A 46%|████▌     | 229/500 [16:22<19:07,  4.23s/it]
[1A                                                 
{'loss': 0.728, 'grad_norm': 0.4883244037628174, 'learning_rate': 5.440000000000001e-05, 'num_tokens': 611807.0, 'mean_token_accuracy': 0.7500250842422247, 'epoch': 0.92}
[1A
[1A 46%|████▌     | 229/500 [16:22<19:07,  4.23s/it]
[1A 46%|████▌     | 230/500 [16:26<19:08,  4.25s/it]
[1A                                                 
{'loss': 0.7502, 'grad_norm': 0.5326143503189087, 'learning_rate': 5.420000000000001e-05, 'num_tokens': 614510.0, 'mean_token_accuracy': 0.7459282279014587, 'epoch': 0.92}
[1A
[1A 46%|████▌     | 230/500 [16:26<19:08,  4.25s/it]
[1A 46%|████▌     | 231/500 [16:30<19:06,  4.26s/it]
[1A                                                 
{'loss': 0.7392, 'grad_norm': 0.5175938010215759, 'learning_rate': 5.4000000000000005e-05, 'num_tokens': 617345.0, 'mean_token_accuracy': 0.7611698061227798, 'epoch': 0.92}
[1A
[1A 46%|████▌     | 231/500 [16:30<19:06,  4.26s/it]
[1A 46%|████▋     | 232/500 [16:34<18:52,  4.22s/it]
[1A                                                 
{'loss': 0.7796, 'grad_norm': 0.5563403964042664, 'learning_rate': 5.380000000000001e-05, 'num_tokens': 619911.0, 'mean_token_accuracy': 0.7345454320311546, 'epoch': 0.93}
[1A
[1A 46%|████▋     | 232/500 [16:34<18:52,  4.22s/it]
[1A 47%|████▋     | 233/500 [16:39<18:54,  4.25s/it]
[1A                                                 
{'loss': 0.7906, 'grad_norm': 0.5525604486465454, 'learning_rate': 5.360000000000001e-05, 'num_tokens': 622683.0, 'mean_token_accuracy': 0.7308164462447166, 'epoch': 0.93}
[1A
[1A 47%|████▋     | 233/500 [16:39<18:54,  4.25s/it]
[1A 47%|████▋     | 234/500 [16:43<18:55,  4.27s/it]
[1A                                                 
{'loss': 0.7068, 'grad_norm': 0.5259225368499756, 'learning_rate': 5.3400000000000004e-05, 'num_tokens': 625551.0, 'mean_token_accuracy': 0.7729123421013355, 'epoch': 0.94}
[1A
[1A 47%|████▋     | 234/500 [16:43<18:55,  4.27s/it]
[1A 47%|████▋     | 235/500 [16:47<18:40,  4.23s/it]
[1A                                                 
{'loss': 0.8756, 'grad_norm': 0.5410552620887756, 'learning_rate': 5.3200000000000006e-05, 'num_tokens': 627957.0, 'mean_token_accuracy': 0.6991297695785761, 'epoch': 0.94}
[1A
[1A 47%|████▋     | 235/500 [16:47<18:40,  4.23s/it]
[1A 47%|████▋     | 236/500 [16:51<18:43,  4.25s/it]
[1A                                                 
{'loss': 0.8268, 'grad_norm': 0.5840551853179932, 'learning_rate': 5.300000000000001e-05, 'num_tokens': 630502.0, 'mean_token_accuracy': 0.7190588973462582, 'epoch': 0.94}
[1A
[1A 47%|████▋     | 236/500 [16:51<18:43,  4.25s/it]
[1A 47%|████▋     | 237/500 [16:56<18:41,  4.26s/it]
[1A                                                 
{'loss': 0.7035, 'grad_norm': 0.5961503982543945, 'learning_rate': 5.28e-05, 'num_tokens': 633230.0, 'mean_token_accuracy': 0.7579497508704662, 'epoch': 0.95}
[1A
[1A 47%|████▋     | 237/500 [16:56<18:41,  4.26s/it]
[1A 48%|████▊     | 238/500 [17:00<18:26,  4.22s/it]
[1A                                                 
{'loss': 0.7327, 'grad_norm': 0.5239523649215698, 'learning_rate': 5.2600000000000005e-05, 'num_tokens': 636033.0, 'mean_token_accuracy': 0.748345460742712, 'epoch': 0.95}
[1A
[1A 48%|████▊     | 238/500 [17:00<18:26,  4.22s/it]
[1A 48%|████▊     | 239/500 [17:04<18:30,  4.25s/it]
[1A                                                 
{'loss': 0.7748, 'grad_norm': 0.5310661792755127, 'learning_rate': 5.2400000000000007e-05, 'num_tokens': 638821.0, 'mean_token_accuracy': 0.7466973550617695, 'epoch': 0.96}
[1A
[1A 48%|████▊     | 239/500 [17:04<18:30,  4.25s/it]
[1A 48%|████▊     | 240/500 [17:08<18:27,  4.26s/it]
[1A                                                 
{'loss': 0.7938, 'grad_norm': 0.5321860909461975, 'learning_rate': 5.22e-05, 'num_tokens': 641410.0, 'mean_token_accuracy': 0.7154066562652588, 'epoch': 0.96}
[1A
[1A 48%|████▊     | 240/500 [17:08<18:27,  4.26s/it]
[1A 48%|████▊     | 241/500 [17:13<18:12,  4.22s/it]
[1A                                                 
{'loss': 0.7094, 'grad_norm': 0.49226275086402893, 'learning_rate': 5.2000000000000004e-05, 'num_tokens': 644129.0, 'mean_token_accuracy': 0.7631202805787325, 'epoch': 0.96}
[1A
[1A 48%|████▊     | 241/500 [17:13<18:12,  4.22s/it]
[1A 48%|████▊     | 242/500 [17:17<18:12,  4.24s/it]
[1A                                                 
{'loss': 0.8317, 'grad_norm': 0.5935093760490417, 'learning_rate': 5.1800000000000005e-05, 'num_tokens': 646451.0, 'mean_token_accuracy': 0.6984281130135059, 'epoch': 0.97}
[1A
[1A 48%|████▊     | 242/500 [17:17<18:12,  4.24s/it]
[1A 49%|████▊     | 243/500 [17:21<18:10,  4.24s/it]
[1A                                                 
{'loss': 0.7799, 'grad_norm': 0.5148956775665283, 'learning_rate': 5.16e-05, 'num_tokens': 649345.0, 'mean_token_accuracy': 0.7415303625166416, 'epoch': 0.97}
[1A
[1A 49%|████▊     | 243/500 [17:21<18:10,  4.24s/it]
[1A 49%|████▉     | 244/500 [17:25<17:57,  4.21s/it]
[1A                                                 
{'loss': 0.8371, 'grad_norm': 0.5439864993095398, 'learning_rate': 5.14e-05, 'num_tokens': 651957.0, 'mean_token_accuracy': 0.7059118878096342, 'epoch': 0.98}
[1A
[1A 49%|████▉     | 244/500 [17:25<17:57,  4.21s/it]
[1A 49%|████▉     | 245/500 [17:29<17:58,  4.23s/it]
[1A                                                 
{'loss': 0.6512, 'grad_norm': 0.49711963534355164, 'learning_rate': 5.1200000000000004e-05, 'num_tokens': 654894.0, 'mean_token_accuracy': 0.7849120609462261, 'epoch': 0.98}
[1A
[1A 49%|████▉     | 245/500 [17:29<17:58,  4.23s/it]
[1A 49%|████▉     | 246/500 [17:34<18:05,  4.27s/it]
[1A                                                 
{'loss': 0.8138, 'grad_norm': 0.5368888974189758, 'learning_rate': 5.1000000000000006e-05, 'num_tokens': 657233.0, 'mean_token_accuracy': 0.6900793425738811, 'epoch': 0.98}
[1A
[1A 49%|████▉     | 246/500 [17:34<18:05,  4.27s/it]
[1A 49%|████▉     | 247/500 [17:38<17:48,  4.22s/it]
[1A                                                 
{'loss': 0.6847, 'grad_norm': 0.5043349266052246, 'learning_rate': 5.08e-05, 'num_tokens': 660103.0, 'mean_token_accuracy': 0.7706638500094414, 'epoch': 0.99}
[1A
[1A 49%|████▉     | 247/500 [17:38<17:48,  4.22s/it]
[1A 50%|████▉     | 248/500 [17:42<17:47,  4.24s/it]
[1A                                                 
{'loss': 0.7365, 'grad_norm': 0.5314438343048096, 'learning_rate': 5.0600000000000003e-05, 'num_tokens': 662763.0, 'mean_token_accuracy': 0.7501799315214157, 'epoch': 0.99}
[1A
[1A 50%|████▉     | 248/500 [17:42<17:47,  4.24s/it]
[1A 50%|████▉     | 249/500 [17:46<17:46,  4.25s/it]
[1A                                                 
{'loss': 0.6938, 'grad_norm': 0.5012291669845581, 'learning_rate': 5.0400000000000005e-05, 'num_tokens': 665549.0, 'mean_token_accuracy': 0.7593982070684433, 'epoch': 1.0}
[1A
[1A 50%|████▉     | 249/500 [17:46<17:46,  4.25s/it]
[1A 50%|█████     | 250/500 [17:51<17:29,  4.20s/it]
[1A                                                 
{'loss': 0.8851, 'grad_norm': 0.5708624124526978, 'learning_rate': 5.02e-05, 'num_tokens': 667994.0, 'mean_token_accuracy': 0.6932457908987999, 'epoch': 1.0}
[1A
[1A 50%|█████     | 250/500 [17:51<17:29,  4.20s/it]
[1A 50%|█████     | 251/500 [17:55<17:31,  4.22s/it]
[1A                                                 
{'loss': 0.7279, 'grad_norm': 0.5065742135047913, 'learning_rate': 5e-05, 'num_tokens': 670702.0, 'mean_token_accuracy': 0.742486372590065, 'epoch': 1.0}
[1A
[1A 50%|█████     | 251/500 [17:55<17:31,  4.22s/it]
[1A 50%|█████     | 252/500 [17:59<17:40,  4.27s/it]
[1A                                                 
{'loss': 0.6449, 'grad_norm': 0.48714035749435425, 'learning_rate': 4.9800000000000004e-05, 'num_tokens': 673540.0, 'mean_token_accuracy': 0.7752701342105865, 'epoch': 1.01}
[1A
[1A 50%|█████     | 252/500 [17:59<17:40,  4.27s/it]
[1A 51%|█████     | 253/500 [18:04<17:41,  4.30s/it]
[1A                                                 
{'loss': 0.7096, 'grad_norm': 0.51519775390625, 'learning_rate': 4.96e-05, 'num_tokens': 676346.0, 'mean_token_accuracy': 0.7547060213983059, 'epoch': 1.01}
[1A
[1A 51%|█████     | 253/500 [18:04<17:41,  4.30s/it]
[1A 51%|█████     | 254/500 [18:08<17:27,  4.26s/it]
[1A                                                 
{'loss': 0.6674, 'grad_norm': 0.5333307385444641, 'learning_rate': 4.94e-05, 'num_tokens': 678900.0, 'mean_token_accuracy': 0.7511845137923956, 'epoch': 1.02}
[1A
[1A 51%|█████     | 254/500 [18:08<17:27,  4.26s/it]
[1A 51%|█████     | 255/500 [18:12<17:25,  4.27s/it]
[1A                                                 
{'loss': 0.8377, 'grad_norm': 0.5683151483535767, 'learning_rate': 4.92e-05, 'num_tokens': 681309.0, 'mean_token_accuracy': 0.6904222089797258, 'epoch': 1.02}
[1A
[1A 51%|█████     | 255/500 [18:12<17:25,  4.27s/it]
[1A 51%|█████     | 256/500 [18:16<17:11,  4.23s/it]
[1A                                                 
{'loss': 0.69, 'grad_norm': 0.5107640624046326, 'learning_rate': 4.9e-05, 'num_tokens': 684196.0, 'mean_token_accuracy': 0.7724350057542324, 'epoch': 1.02}
[1A
[1A 51%|█████     | 256/500 [18:16<17:11,  4.23s/it]
[1A 51%|█████▏    | 257/500 [18:20<17:10,  4.24s/it]
[1A                                                 
{'loss': 0.7197, 'grad_norm': 0.5073537230491638, 'learning_rate': 4.88e-05, 'num_tokens': 686799.0, 'mean_token_accuracy': 0.7712654508650303, 'epoch': 1.03}
[1A
[1A 51%|█████▏    | 257/500 [18:20<17:10,  4.24s/it]
[1A 52%|█████▏    | 258/500 [18:25<17:10,  4.26s/it]
[1A                                                 
{'loss': 0.7396, 'grad_norm': 0.5240756273269653, 'learning_rate': 4.86e-05, 'num_tokens': 689574.0, 'mean_token_accuracy': 0.7440106011927128, 'epoch': 1.03}
[1A
[1A 52%|█████▏    | 258/500 [18:25<17:10,  4.26s/it]
[1A 52%|█████▏    | 259/500 [18:29<16:58,  4.23s/it]
[1A                                                 
{'loss': 0.6727, 'grad_norm': 0.5162362456321716, 'learning_rate': 4.8400000000000004e-05, 'num_tokens': 692615.0, 'mean_token_accuracy': 0.7806353829801083, 'epoch': 1.04}
[1A
[1A 52%|█████▏    | 259/500 [18:29<16:58,  4.23s/it]
[1A 52%|█████▏    | 260/500 [18:33<16:59,  4.25s/it]
[1A                                                 
{'loss': 0.777, 'grad_norm': 0.592192530632019, 'learning_rate': 4.82e-05, 'num_tokens': 695041.0, 'mean_token_accuracy': 0.723513338714838, 'epoch': 1.04}
[1A
[1A 52%|█████▏    | 260/500 [18:33<16:59,  4.25s/it]
[1A 52%|█████▏    | 261/500 [18:38<17:02,  4.28s/it]
[1A                                                 
{'loss': 0.623, 'grad_norm': 0.5079060792922974, 'learning_rate': 4.8e-05, 'num_tokens': 697980.0, 'mean_token_accuracy': 0.7968384623527527, 'epoch': 1.04}
[1A
[1A 52%|█████▏    | 261/500 [18:38<17:02,  4.28s/it]
[1A 52%|█████▏    | 262/500 [18:42<17:00,  4.29s/it]
[1A                                                 
{'loss': 0.7179, 'grad_norm': 0.5839570760726929, 'learning_rate': 4.78e-05, 'num_tokens': 700498.0, 'mean_token_accuracy': 0.7418778128921986, 'epoch': 1.05}
[1A
[1A 52%|█████▏    | 262/500 [18:42<17:00,  4.29s/it]
[1A 53%|█████▎    | 263/500 [18:46<16:44,  4.24s/it]
[1A                                                 
{'loss': 0.702, 'grad_norm': 0.5114926695823669, 'learning_rate': 4.76e-05, 'num_tokens': 703327.0, 'mean_token_accuracy': 0.7578631453216076, 'epoch': 1.05}
[1A
[1A 53%|█████▎    | 263/500 [18:46<16:44,  4.24s/it]
[1A 53%|█████▎    | 264/500 [18:50<16:44,  4.25s/it]
[1A                                                 
{'loss': 0.8516, 'grad_norm': 0.6115401387214661, 'learning_rate': 4.74e-05, 'num_tokens': 705623.0, 'mean_token_accuracy': 0.6890775617212057, 'epoch': 1.06}
[1A
[1A 53%|█████▎    | 264/500 [18:50<16:44,  4.25s/it]
[1A 53%|█████▎    | 265/500 [18:55<16:41,  4.26s/it]
[1A                                                 
{'loss': 0.7689, 'grad_norm': 0.5739196538925171, 'learning_rate': 4.72e-05, 'num_tokens': 707881.0, 'mean_token_accuracy': 0.7146084904670715, 'epoch': 1.06}
[1A
[1A 53%|█████▎    | 265/500 [18:55<16:41,  4.26s/it]
[1A 53%|█████▎    | 266/500 [18:59<16:30,  4.23s/it]
[1A                                                 
{'loss': 0.7133, 'grad_norm': 0.5188384056091309, 'learning_rate': 4.7e-05, 'num_tokens': 710638.0, 'mean_token_accuracy': 0.7705194912850857, 'epoch': 1.06}
[1A
[1A 53%|█████▎    | 266/500 [18:59<16:30,  4.23s/it]
[1A 53%|█████▎    | 267/500 [19:03<16:30,  4.25s/it]
[1A                                                 
{'loss': 0.6963, 'grad_norm': 0.553796112537384, 'learning_rate': 4.6800000000000006e-05, 'num_tokens': 713462.0, 'mean_token_accuracy': 0.7756399847567081, 'epoch': 1.07}
[1A
[1A 53%|█████▎    | 267/500 [19:03<16:30,  4.25s/it]
[1A 54%|█████▎    | 268/500 [19:07<16:30,  4.27s/it]
[1A                                                 
{'loss': 0.685, 'grad_norm': 0.5160914063453674, 'learning_rate': 4.660000000000001e-05, 'num_tokens': 716281.0, 'mean_token_accuracy': 0.7628991976380348, 'epoch': 1.07}
[1A
[1A 54%|█████▎    | 268/500 [19:07<16:30,  4.27s/it]
[1A 54%|█████▍    | 269/500 [19:11<16:18,  4.24s/it]
[1A                                                 
{'loss': 0.6849, 'grad_norm': 0.5025907158851624, 'learning_rate': 4.64e-05, 'num_tokens': 719150.0, 'mean_token_accuracy': 0.774503268301487, 'epoch': 1.08}
[1A
[1A 54%|█████▍    | 269/500 [19:11<16:18,  4.24s/it]
[1A 54%|█████▍    | 270/500 [19:16<16:19,  4.26s/it]
[1A                                                 
{'loss': 0.7485, 'grad_norm': 0.5726647973060608, 'learning_rate': 4.6200000000000005e-05, 'num_tokens': 721568.0, 'mean_token_accuracy': 0.7144831977784634, 'epoch': 1.08}
[1A
[1A 54%|█████▍    | 270/500 [19:16<16:19,  4.26s/it]
[1A 54%|█████▍    | 271/500 [19:20<16:18,  4.27s/it]
[1A                                                 
{'loss': 0.664, 'grad_norm': 0.5308916568756104, 'learning_rate': 4.600000000000001e-05, 'num_tokens': 724388.0, 'mean_token_accuracy': 0.7792120017111301, 'epoch': 1.08}
[1A
[1A 54%|█████▍    | 271/500 [19:20<16:18,  4.27s/it]
[1A 54%|█████▍    | 272/500 [19:24<16:05,  4.23s/it]
[1A                                                 
{'loss': 0.6746, 'grad_norm': 0.5110049843788147, 'learning_rate': 4.58e-05, 'num_tokens': 727184.0, 'mean_token_accuracy': 0.7490169107913971, 'epoch': 1.09}
[1A
[1A 54%|█████▍    | 272/500 [19:24<16:05,  4.23s/it]
[1A 55%|█████▍    | 273/500 [19:29<16:07,  4.26s/it]
[1A                                                 
{'loss': 0.7492, 'grad_norm': 0.601906418800354, 'learning_rate': 4.5600000000000004e-05, 'num_tokens': 729699.0, 'mean_token_accuracy': 0.7369627170264721, 'epoch': 1.09}
[1A
[1A 55%|█████▍    | 273/500 [19:29<16:07,  4.26s/it]
[1A 55%|█████▍    | 274/500 [19:33<16:08,  4.29s/it]
[1A                                                 
{'loss': 0.69, 'grad_norm': 0.5691006779670715, 'learning_rate': 4.5400000000000006e-05, 'num_tokens': 732329.0, 'mean_token_accuracy': 0.7599215470254421, 'epoch': 1.1}
[1A
[1A 55%|█████▍    | 274/500 [19:33<16:08,  4.29s/it]
[1A 55%|█████▌    | 275/500 [19:37<15:54,  4.24s/it]
[1A                                                 
{'loss': 0.7384, 'grad_norm': 0.6189082264900208, 'learning_rate': 4.52e-05, 'num_tokens': 735036.0, 'mean_token_accuracy': 0.7480932865291834, 'epoch': 1.1}
[1A
[1A 55%|█████▌    | 275/500 [19:37<15:54,  4.24s/it]
[1A 55%|█████▌    | 276/500 [19:41<15:53,  4.26s/it]
[1A                                                 
{'loss': 0.6821, 'grad_norm': 0.618715226650238, 'learning_rate': 4.5e-05, 'num_tokens': 737809.0, 'mean_token_accuracy': 0.7697782106697559, 'epoch': 1.1}
[1A
[1A 55%|█████▌    | 276/500 [19:41<15:53,  4.26s/it]
[1A 55%|█████▌    | 277/500 [19:46<15:50,  4.26s/it]
[1A                                                 
{'loss': 0.6759, 'grad_norm': 0.5472643971443176, 'learning_rate': 4.4800000000000005e-05, 'num_tokens': 740635.0, 'mean_token_accuracy': 0.7616047523915768, 'epoch': 1.11}
[1A
[1A 55%|█████▌    | 277/500 [19:46<15:50,  4.26s/it]
[1A 56%|█████▌    | 278/500 [19:50<15:41,  4.24s/it]
[1A                                                 
{'loss': 0.6946, 'grad_norm': 0.5542336106300354, 'learning_rate': 4.46e-05, 'num_tokens': 743291.0, 'mean_token_accuracy': 0.7500600386410952, 'epoch': 1.11}
[1A
[1A 56%|█████▌    | 278/500 [19:50<15:41,  4.24s/it]
[1A 56%|█████▌    | 279/500 [19:54<15:42,  4.26s/it]
[1A                                                 
{'loss': 0.7999, 'grad_norm': 0.6277976036071777, 'learning_rate': 4.44e-05, 'num_tokens': 745554.0, 'mean_token_accuracy': 0.7005050927400589, 'epoch': 1.12}
[1A
[1A 56%|█████▌    | 279/500 [19:54<15:42,  4.26s/it]
[1A 56%|█████▌    | 280/500 [19:58<15:42,  4.29s/it]
[1A                                                 
{'loss': 0.6609, 'grad_norm': 0.601093053817749, 'learning_rate': 4.4200000000000004e-05, 'num_tokens': 748072.0, 'mean_token_accuracy': 0.7577591091394424, 'epoch': 1.12}
[1A
[1A 56%|█████▌    | 280/500 [19:58<15:42,  4.29s/it]
[1A 56%|█████▌    | 281/500 [20:03<15:32,  4.26s/it]
[1A                                                 
{'loss': 0.7508, 'grad_norm': 0.5666047930717468, 'learning_rate': 4.4000000000000006e-05, 'num_tokens': 750872.0, 'mean_token_accuracy': 0.7443347983062267, 'epoch': 1.12}
[1A
[1A 56%|█████▌    | 281/500 [20:03<15:32,  4.26s/it]
[1A 56%|█████▋    | 282/500 [20:07<15:34,  4.29s/it]
[1A                                                 
{'loss': 0.7291, 'grad_norm': 0.604785144329071, 'learning_rate': 4.38e-05, 'num_tokens': 753577.0, 'mean_token_accuracy': 0.7495173700153828, 'epoch': 1.13}
[1A
[1A 56%|█████▋    | 282/500 [20:07<15:34,  4.29s/it]
[1A 57%|█████▋    | 283/500 [20:11<15:32,  4.30s/it]
[1A                                                 
{'loss': 0.7977, 'grad_norm': 0.644310474395752, 'learning_rate': 4.36e-05, 'num_tokens': 755970.0, 'mean_token_accuracy': 0.6954835709184408, 'epoch': 1.13}
[1A
[1A 57%|█████▋    | 283/500 [20:11<15:32,  4.30s/it]
[1A 57%|█████▋    | 284/500 [20:15<15:17,  4.25s/it]
[1A                                                 
{'loss': 0.7382, 'grad_norm': 0.5494170188903809, 'learning_rate': 4.3400000000000005e-05, 'num_tokens': 758839.0, 'mean_token_accuracy': 0.7442106138914824, 'epoch': 1.14}
[1A
[1A 57%|█████▋    | 284/500 [20:15<15:17,  4.25s/it]
[1A 57%|█████▋    | 285/500 [20:20<15:18,  4.27s/it]
[1A                                                 
{'loss': 0.7878, 'grad_norm': 0.6536759734153748, 'learning_rate': 4.32e-05, 'num_tokens': 761221.0, 'mean_token_accuracy': 0.69708570279181, 'epoch': 1.14}
[1A
[1A 57%|█████▋    | 285/500 [20:20<15:18,  4.27s/it]
[1A 57%|█████▋    | 286/500 [20:24<15:17,  4.29s/it]
[1A                                                 
{'loss': 0.6586, 'grad_norm': 0.6001027822494507, 'learning_rate': 4.3e-05, 'num_tokens': 763891.0, 'mean_token_accuracy': 0.7536279633641243, 'epoch': 1.14}
[1A
[1A 57%|█████▋    | 286/500 [20:24<15:17,  4.29s/it]
[1A 57%|█████▋    | 287/500 [20:28<15:01,  4.23s/it]
[1A                                                 
{'loss': 0.6971, 'grad_norm': 0.6079167723655701, 'learning_rate': 4.2800000000000004e-05, 'num_tokens': 766469.0, 'mean_token_accuracy': 0.7347674667835236, 'epoch': 1.15}
[1A
[1A 57%|█████▋    | 287/500 [20:28<15:01,  4.23s/it]
[1A 58%|█████▊    | 288/500 [20:33<15:03,  4.26s/it]
[1A                                                 
{'loss': 0.7401, 'grad_norm': 0.5756200551986694, 'learning_rate': 4.26e-05, 'num_tokens': 769000.0, 'mean_token_accuracy': 0.731199387460947, 'epoch': 1.15}
[1A
[1A 58%|█████▊    | 288/500 [20:33<15:03,  4.26s/it]
[1A 58%|█████▊    | 289/500 [20:37<15:04,  4.29s/it]
[1A                                                 
{'loss': 0.6698, 'grad_norm': 0.5702085494995117, 'learning_rate': 4.24e-05, 'num_tokens': 771879.0, 'mean_token_accuracy': 0.777047798037529, 'epoch': 1.16}
[1A
[1A 58%|█████▊    | 289/500 [20:37<15:04,  4.29s/it]
[1A 58%|█████▊    | 290/500 [20:41<15:02,  4.30s/it]
[1A                                                 
{'loss': 0.738, 'grad_norm': 0.5689219832420349, 'learning_rate': 4.22e-05, 'num_tokens': 774520.0, 'mean_token_accuracy': 0.74522315710783, 'epoch': 1.16}
[1A
[1A 58%|█████▊    | 290/500 [20:41<15:02,  4.30s/it]
[1A 58%|█████▊    | 291/500 [20:45<14:48,  4.25s/it]
[1A                                                 
{'loss': 0.6832, 'grad_norm': 0.617344081401825, 'learning_rate': 4.2e-05, 'num_tokens': 777112.0, 'mean_token_accuracy': 0.742381539195776, 'epoch': 1.16}
[1A
[1A 58%|█████▊    | 291/500 [20:45<14:48,  4.25s/it]
[1A 58%|█████▊    | 292/500 [20:50<14:50,  4.28s/it]
[1A                                                 
{'loss': 0.6774, 'grad_norm': 0.5682964324951172, 'learning_rate': 4.18e-05, 'num_tokens': 779785.0, 'mean_token_accuracy': 0.765163354575634, 'epoch': 1.17}
[1A
[1A 58%|█████▊    | 292/500 [20:50<14:50,  4.28s/it]
[1A 59%|█████▊    | 293/500 [20:54<14:36,  4.24s/it]
[1A                                                 
{'loss': 0.6386, 'grad_norm': 0.5772499442100525, 'learning_rate': 4.16e-05, 'num_tokens': 782593.0, 'mean_token_accuracy': 0.7773352228105068, 'epoch': 1.17}
[1A
[1A 59%|█████▊    | 293/500 [20:54<14:36,  4.24s/it]
[1A 59%|█████▉    | 294/500 [20:58<14:35,  4.25s/it]
[1A                                                 
{'loss': 0.7451, 'grad_norm': 0.5900292992591858, 'learning_rate': 4.14e-05, 'num_tokens': 785126.0, 'mean_token_accuracy': 0.7270793616771698, 'epoch': 1.18}
[1A
[1A 59%|█████▉    | 294/500 [20:58<14:35,  4.25s/it]
[1A 59%|█████▉    | 295/500 [21:02<14:33,  4.26s/it]
[1A                                                 
{'loss': 0.6073, 'grad_norm': 0.5401768088340759, 'learning_rate': 4.12e-05, 'num_tokens': 787912.0, 'mean_token_accuracy': 0.7836860865354538, 'epoch': 1.18}
[1A
[1A 59%|█████▉    | 295/500 [21:02<14:33,  4.26s/it]
[1A 59%|█████▉    | 296/500 [21:07<14:23,  4.23s/it]
[1A                                                 
{'loss': 0.6481, 'grad_norm': 0.6038601994514465, 'learning_rate': 4.1e-05, 'num_tokens': 790506.0, 'mean_token_accuracy': 0.7501400075852871, 'epoch': 1.18}
[1A
[1A 59%|█████▉    | 296/500 [21:07<14:23,  4.23s/it]
[1A 59%|█████▉    | 297/500 [21:11<14:23,  4.25s/it]
[1A                                                 
{'loss': 0.6747, 'grad_norm': 0.5897420048713684, 'learning_rate': 4.08e-05, 'num_tokens': 793335.0, 'mean_token_accuracy': 0.7678665444254875, 'epoch': 1.19}
[1A
[1A 59%|█████▉    | 297/500 [21:11<14:23,  4.25s/it]
[1A 60%|█████▉    | 298/500 [21:15<14:23,  4.27s/it]
[1A                                                 
{'loss': 0.7429, 'grad_norm': 0.6187657713890076, 'learning_rate': 4.0600000000000004e-05, 'num_tokens': 795864.0, 'mean_token_accuracy': 0.7261448800563812, 'epoch': 1.19}
[1A
[1A 60%|█████▉    | 298/500 [21:15<14:23,  4.27s/it]
[1A 60%|█████▉    | 299/500 [21:19<14:20,  4.28s/it]
[1A                                                 
{'loss': 0.6979, 'grad_norm': 0.5905057787895203, 'learning_rate': 4.0400000000000006e-05, 'num_tokens': 798481.0, 'mean_token_accuracy': 0.7571477368474007, 'epoch': 1.2}
[1A
[1A 60%|█████▉    | 299/500 [21:19<14:20,  4.28s/it]
[1A 60%|██████    | 300/500 [21:24<14:09,  4.25s/it]
[1A                                                 
{'loss': 0.5898, 'grad_norm': 0.5646655559539795, 'learning_rate': 4.02e-05, 'num_tokens': 801282.0, 'mean_token_accuracy': 0.7902366481721401, 'epoch': 1.2}
[1A
[1A 60%|██████    | 300/500 [21:24<14:09,  4.25s/it]
[1A 60%|██████    | 301/500 [21:28<14:09,  4.27s/it]
[1A                                                 
{'loss': 0.6385, 'grad_norm': 0.5349928736686707, 'learning_rate': 4e-05, 'num_tokens': 804078.0, 'mean_token_accuracy': 0.7785170003771782, 'epoch': 1.2}
[1A
[1A 60%|██████    | 301/500 [21:28<14:09,  4.27s/it]
[1A 60%|██████    | 302/500 [21:32<14:08,  4.29s/it]
[1A                                                 
{'loss': 0.7485, 'grad_norm': 0.5991227626800537, 'learning_rate': 3.9800000000000005e-05, 'num_tokens': 806708.0, 'mean_token_accuracy': 0.7303781844675541, 'epoch': 1.21}
[1A
[1A 60%|██████    | 302/500 [21:32<14:08,  4.29s/it]
[1A 61%|██████    | 303/500 [21:36<13:57,  4.25s/it]
[1A                                                 
{'loss': 0.5929, 'grad_norm': 0.5526232123374939, 'learning_rate': 3.960000000000001e-05, 'num_tokens': 809415.0, 'mean_token_accuracy': 0.781611405313015, 'epoch': 1.21}
[1A
[1A 61%|██████    | 303/500 [21:36<13:57,  4.25s/it]
[1A 61%|██████    | 304/500 [21:41<13:58,  4.28s/it]
[1A                                                 
{'loss': 0.6855, 'grad_norm': 0.6034267544746399, 'learning_rate': 3.94e-05, 'num_tokens': 812098.0, 'mean_token_accuracy': 0.7513735592365265, 'epoch': 1.22}
[1A
[1A 61%|██████    | 304/500 [21:41<13:58,  4.28s/it]
[1A 61%|██████    | 305/500 [21:45<13:55,  4.28s/it]
[1A                                                 
{'loss': 0.7789, 'grad_norm': 0.6622376441955566, 'learning_rate': 3.9200000000000004e-05, 'num_tokens': 814509.0, 'mean_token_accuracy': 0.7171217910945415, 'epoch': 1.22}
[1A
[1A 61%|██████    | 305/500 [21:45<13:55,  4.28s/it]
[1A 61%|██████    | 306/500 [21:49<13:44,  4.25s/it]
[1A                                                 
{'loss': 0.6313, 'grad_norm': 0.5544438362121582, 'learning_rate': 3.9000000000000006e-05, 'num_tokens': 817460.0, 'mean_token_accuracy': 0.7985552176833153, 'epoch': 1.22}
[1A
[1A 61%|██████    | 306/500 [21:49<13:44,  4.25s/it]
[1A 61%|██████▏   | 307/500 [21:54<13:45,  4.28s/it]
[1A                                                 
{'loss': 0.7015, 'grad_norm': 0.6387439370155334, 'learning_rate': 3.88e-05, 'num_tokens': 820037.0, 'mean_token_accuracy': 0.7426101267337799, 'epoch': 1.23}
[1A
[1A 61%|██████▏   | 307/500 [21:54<13:45,  4.28s/it]
[1A 62%|██████▏   | 308/500 [21:58<13:44,  4.29s/it]
[1A                                                 
{'loss': 0.6956, 'grad_norm': 0.5967825055122375, 'learning_rate': 3.86e-05, 'num_tokens': 822652.0, 'mean_token_accuracy': 0.7551435381174088, 'epoch': 1.23}
[1A
[1A 62%|██████▏   | 308/500 [21:58<13:44,  4.29s/it]
[1A 62%|██████▏   | 309/500 [22:02<13:33,  4.26s/it]
[1A                                                 
{'loss': 0.6934, 'grad_norm': 0.6125982999801636, 'learning_rate': 3.8400000000000005e-05, 'num_tokens': 825415.0, 'mean_token_accuracy': 0.7549747712910175, 'epoch': 1.24}
[1A
[1A 62%|██████▏   | 309/500 [22:02<13:33,  4.26s/it]
[1A 62%|██████▏   | 310/500 [22:06<13:33,  4.28s/it]
[1A                                                 
{'loss': 0.6642, 'grad_norm': 0.5834286212921143, 'learning_rate': 3.82e-05, 'num_tokens': 828306.0, 'mean_token_accuracy': 0.7624523099511862, 'epoch': 1.24}
[1A
[1A 62%|██████▏   | 310/500 [22:06<13:33,  4.28s/it]
[1A 62%|██████▏   | 311/500 [22:11<13:31,  4.30s/it]
[1A                                                 
{'loss': 0.7011, 'grad_norm': 0.6509624123573303, 'learning_rate': 3.8e-05, 'num_tokens': 831131.0, 'mean_token_accuracy': 0.7572882734239101, 'epoch': 1.24}
[1A
[1A 62%|██████▏   | 311/500 [22:11<13:31,  4.30s/it]
[1A 62%|██████▏   | 312/500 [22:15<13:18,  4.25s/it]
[1A                                                 
{'loss': 0.7218, 'grad_norm': 0.6666920185089111, 'learning_rate': 3.7800000000000004e-05, 'num_tokens': 833564.0, 'mean_token_accuracy': 0.7228673323988914, 'epoch': 1.25}
[1A
[1A 62%|██████▏   | 312/500 [22:15<13:18,  4.25s/it]
[1A 63%|██████▎   | 313/500 [22:19<13:18,  4.27s/it]
[1A                                                 
{'loss': 0.6321, 'grad_norm': 0.6183167099952698, 'learning_rate': 3.76e-05, 'num_tokens': 836095.0, 'mean_token_accuracy': 0.7532625570893288, 'epoch': 1.25}
[1A
[1A 63%|██████▎   | 313/500 [22:19<13:18,  4.27s/it]
[1A 63%|██████▎   | 314/500 [22:24<13:16,  4.28s/it]
[1A                                                 
{'loss': 0.775, 'grad_norm': 0.6338939070701599, 'learning_rate': 3.74e-05, 'num_tokens': 838681.0, 'mean_token_accuracy': 0.7183309644460678, 'epoch': 1.26}
[1A
[1A 63%|██████▎   | 314/500 [22:24<13:16,  4.28s/it]
[1A 63%|██████▎   | 315/500 [22:28<13:03,  4.24s/it]
[1A                                                 
{'loss': 0.704, 'grad_norm': 0.6711235642433167, 'learning_rate': 3.72e-05, 'num_tokens': 841204.0, 'mean_token_accuracy': 0.7459812462329865, 'epoch': 1.26}
[1A
[1A 63%|██████▎   | 315/500 [22:28<13:03,  4.24s/it]
[1A 63%|██████▎   | 316/500 [22:32<13:07,  4.28s/it]
[1A                                                 
{'loss': 0.6196, 'grad_norm': 0.5865455865859985, 'learning_rate': 3.7e-05, 'num_tokens': 844058.0, 'mean_token_accuracy': 0.7906722649931908, 'epoch': 1.26}
[1A
[1A 63%|██████▎   | 316/500 [22:32<13:07,  4.28s/it]
[1A 63%|██████▎   | 317/500 [22:36<13:07,  4.31s/it]
[1A                                                 
{'loss': 0.7217, 'grad_norm': 0.6348158717155457, 'learning_rate': 3.68e-05, 'num_tokens': 846802.0, 'mean_token_accuracy': 0.7388310320675373, 'epoch': 1.27}
[1A
[1A 63%|██████▎   | 317/500 [22:36<13:07,  4.31s/it]
[1A 64%|██████▎   | 318/500 [22:41<12:57,  4.27s/it]
[1A                                                 
{'loss': 0.7431, 'grad_norm': 0.641352117061615, 'learning_rate': 3.66e-05, 'num_tokens': 849359.0, 'mean_token_accuracy': 0.7224026303738356, 'epoch': 1.27}
[1A
[1A 64%|██████▎   | 318/500 [22:41<12:57,  4.27s/it]
[1A 64%|██████▍   | 319/500 [22:45<12:57,  4.30s/it]
[1A                                                 
{'loss': 0.6514, 'grad_norm': 0.606678307056427, 'learning_rate': 3.6400000000000004e-05, 'num_tokens': 852165.0, 'mean_token_accuracy': 0.7766715660691261, 'epoch': 1.28}
[1A
[1A 64%|██████▍   | 319/500 [22:45<12:57,  4.30s/it]
[1A 64%|██████▍   | 320/500 [22:49<12:56,  4.31s/it]
[1A                                                 
{'loss': 0.7515, 'grad_norm': 0.6310736536979675, 'learning_rate': 3.62e-05, 'num_tokens': 854815.0, 'mean_token_accuracy': 0.7306893635541201, 'epoch': 1.28}
[1A
[1A 64%|██████▍   | 320/500 [22:49<12:56,  4.31s/it]
[1A 64%|██████▍   | 321/500 [22:53<12:42,  4.26s/it]
[1A                                                 
{'loss': 0.7314, 'grad_norm': 0.6610071063041687, 'learning_rate': 3.6e-05, 'num_tokens': 857134.0, 'mean_token_accuracy': 0.7149106822907925, 'epoch': 1.28}
[1A
[1A 64%|██████▍   | 321/500 [22:53<12:42,  4.26s/it]
[1A 64%|██████▍   | 322/500 [22:58<12:40,  4.27s/it]
[1A                                                 
{'loss': 0.5568, 'grad_norm': 0.5728053450584412, 'learning_rate': 3.58e-05, 'num_tokens': 860083.0, 'mean_token_accuracy': 0.8141800872981548, 'epoch': 1.29}
[1A
[1A 64%|██████▍   | 322/500 [22:58<12:40,  4.27s/it]
[1A 65%|██████▍   | 323/500 [23:02<12:37,  4.28s/it]
[1A                                                 
{'loss': 0.7591, 'grad_norm': 0.6459795832633972, 'learning_rate': 3.56e-05, 'num_tokens': 862559.0, 'mean_token_accuracy': 0.7274281587451696, 'epoch': 1.29}
[1A
[1A 65%|██████▍   | 323/500 [23:02<12:37,  4.28s/it]
[1A 65%|██████▍   | 324/500 [23:06<12:25,  4.24s/it]
[1A                                                 
{'loss': 0.6829, 'grad_norm': 0.6233035922050476, 'learning_rate': 3.54e-05, 'num_tokens': 865576.0, 'mean_token_accuracy': 0.7764282934367657, 'epoch': 1.3}
[1A
[1A 65%|██████▍   | 324/500 [23:06<12:25,  4.24s/it]
[1A 65%|██████▌   | 325/500 [23:11<12:24,  4.25s/it]
[1A                                                 
{'loss': 0.693, 'grad_norm': 0.6048424243927002, 'learning_rate': 3.52e-05, 'num_tokens': 868377.0, 'mean_token_accuracy': 0.7595721259713173, 'epoch': 1.3}
[1A
[1A 65%|██████▌   | 325/500 [23:11<12:24,  4.25s/it]
[1A 65%|██████▌   | 326/500 [23:15<12:24,  4.28s/it]
[1A                                                 
{'loss': 0.6406, 'grad_norm': 0.6065989136695862, 'learning_rate': 3.5e-05, 'num_tokens': 871178.0, 'mean_token_accuracy': 0.7766485568135977, 'epoch': 1.3}
[1A
[1A 65%|██████▌   | 326/500 [23:15<12:24,  4.28s/it]
[1A 65%|██████▌   | 327/500 [23:19<12:23,  4.30s/it]
[1A                                                 
{'loss': 0.7507, 'grad_norm': 0.6399508118629456, 'learning_rate': 3.48e-05, 'num_tokens': 873665.0, 'mean_token_accuracy': 0.7407234832644463, 'epoch': 1.31}
[1A
[1A 65%|██████▌   | 327/500 [23:19<12:23,  4.30s/it]
[1A 66%|██████▌   | 328/500 [23:23<12:12,  4.26s/it]
[1A                                                 
{'loss': 0.7289, 'grad_norm': 0.6153554916381836, 'learning_rate': 3.46e-05, 'num_tokens': 876174.0, 'mean_token_accuracy': 0.7383297178894281, 'epoch': 1.31}
[1A
[1A 66%|██████▌   | 328/500 [23:23<12:12,  4.26s/it]
[1A 66%|██████▌   | 329/500 [23:28<12:14,  4.29s/it]
[1A                                                 
{'loss': 0.6258, 'grad_norm': 0.5564833879470825, 'learning_rate': 3.4399999999999996e-05, 'num_tokens': 878980.0, 'mean_token_accuracy': 0.790300939232111, 'epoch': 1.32}
[1A
[1A 66%|██████▌   | 329/500 [23:28<12:14,  4.29s/it]
[1A 66%|██████▌   | 330/500 [23:32<12:03,  4.26s/it]
[1A                                                 
{'loss': 0.7489, 'grad_norm': 0.7240370512008667, 'learning_rate': 3.4200000000000005e-05, 'num_tokens': 881302.0, 'mean_token_accuracy': 0.7128101550042629, 'epoch': 1.32}
[1A
[1A 66%|██████▌   | 330/500 [23:32<12:03,  4.26s/it]
[1A 66%|██████▌   | 331/500 [23:36<12:03,  4.28s/it]
[1A                                                 
{'loss': 0.6705, 'grad_norm': 0.5790544152259827, 'learning_rate': 3.4000000000000007e-05, 'num_tokens': 884119.0, 'mean_token_accuracy': 0.7754433751106262, 'epoch': 1.32}
[1A
[1A 66%|██████▌   | 331/500 [23:36<12:03,  4.28s/it]
[1A 66%|██████▋   | 332/500 [23:41<12:01,  4.30s/it]
[1A                                                 
{'loss': 0.6828, 'grad_norm': 0.68516606092453, 'learning_rate': 3.38e-05, 'num_tokens': 886600.0, 'mean_token_accuracy': 0.7429819665849209, 'epoch': 1.33}
[1A
[1A 66%|██████▋   | 332/500 [23:41<12:01,  4.30s/it]
[1A 67%|██████▋   | 333/500 [23:45<11:51,  4.26s/it]
[1A                                                 
{'loss': 0.6713, 'grad_norm': 0.6755897998809814, 'learning_rate': 3.3600000000000004e-05, 'num_tokens': 889442.0, 'mean_token_accuracy': 0.7987312152981758, 'epoch': 1.33}
[1A
[1A 67%|██████▋   | 333/500 [23:45<11:51,  4.26s/it]
[1A 67%|██████▋   | 334/500 [23:49<11:51,  4.28s/it]
[1A                                                 
{'loss': 0.6668, 'grad_norm': 0.6330673694610596, 'learning_rate': 3.3400000000000005e-05, 'num_tokens': 891979.0, 'mean_token_accuracy': 0.7452798094600439, 'epoch': 1.34}
[1A
[1A 67%|██████▋   | 334/500 [23:49<11:51,  4.28s/it]
[1A 67%|██████▋   | 335/500 [23:53<11:48,  4.29s/it]
[1A                                                 
{'loss': 0.6858, 'grad_norm': 0.6160706877708435, 'learning_rate': 3.32e-05, 'num_tokens': 894714.0, 'mean_token_accuracy': 0.7596331629902124, 'epoch': 1.34}
[1A
[1A 67%|██████▋   | 335/500 [23:53<11:48,  4.29s/it]
[1A 67%|██████▋   | 336/500 [23:58<11:45,  4.30s/it]
[1A                                                 
{'loss': 0.6569, 'grad_norm': 0.6349615454673767, 'learning_rate': 3.3e-05, 'num_tokens': 897361.0, 'mean_token_accuracy': 0.7640720568597317, 'epoch': 1.34}
[1A
[1A 67%|██████▋   | 336/500 [23:58<11:45,  4.30s/it]
[1A 67%|██████▋   | 337/500 [24:02<11:36,  4.27s/it]
[1A                                                 
{'loss': 0.7213, 'grad_norm': 0.667870819568634, 'learning_rate': 3.2800000000000004e-05, 'num_tokens': 900004.0, 'mean_token_accuracy': 0.7379358019679785, 'epoch': 1.35}
[1A
[1A 67%|██████▋   | 337/500 [24:02<11:36,  4.27s/it]
[1A 68%|██████▊   | 338/500 [24:06<11:36,  4.30s/it]
[1A                                                 
{'loss': 0.6557, 'grad_norm': 0.5828109979629517, 'learning_rate': 3.26e-05, 'num_tokens': 902781.0, 'mean_token_accuracy': 0.7622244209051132, 'epoch': 1.35}
[1A
[1A 68%|██████▊   | 338/500 [24:06<11:36,  4.30s/it]
[1A 68%|██████▊   | 339/500 [24:11<11:33,  4.31s/it]
[1A                                                 
{'loss': 0.7103, 'grad_norm': 0.657619059085846, 'learning_rate': 3.24e-05, 'num_tokens': 905215.0, 'mean_token_accuracy': 0.7418415900319815, 'epoch': 1.36}
[1A
[1A 68%|██████▊   | 339/500 [24:11<11:33,  4.31s/it]
[1A 68%|██████▊   | 340/500 [24:15<11:21,  4.26s/it]
[1A                                                 
{'loss': 0.6519, 'grad_norm': 0.6362740993499756, 'learning_rate': 3.2200000000000003e-05, 'num_tokens': 908046.0, 'mean_token_accuracy': 0.7747819311916828, 'epoch': 1.36}
[1A
[1A 68%|██████▊   | 340/500 [24:15<11:21,  4.26s/it]
[1A 68%|██████▊   | 341/500 [24:19<11:20,  4.28s/it]
[1A                                                 
{'loss': 0.6955, 'grad_norm': 0.6228930354118347, 'learning_rate': 3.2000000000000005e-05, 'num_tokens': 910659.0, 'mean_token_accuracy': 0.741370128467679, 'epoch': 1.36}
[1A
[1A 68%|██████▊   | 341/500 [24:19<11:20,  4.28s/it]
[1A 68%|██████▊   | 342/500 [24:23<11:17,  4.29s/it]
[1A                                                 
{'loss': 0.6582, 'grad_norm': 0.6015717387199402, 'learning_rate': 3.18e-05, 'num_tokens': 913348.0, 'mean_token_accuracy': 0.7625859081745148, 'epoch': 1.37}
[1A
[1A 68%|██████▊   | 342/500 [24:23<11:17,  4.29s/it]
[1A 69%|██████▊   | 343/500 [24:28<11:07,  4.25s/it]
[1A                                                 
{'loss': 0.7979, 'grad_norm': 0.6911939382553101, 'learning_rate': 3.16e-05, 'num_tokens': 915593.0, 'mean_token_accuracy': 0.7366013042628765, 'epoch': 1.37}
[1A
[1A 69%|██████▊   | 343/500 [24:28<11:07,  4.25s/it]
[1A 69%|██████▉   | 344/500 [24:32<11:06,  4.27s/it]
[1A                                                 
{'loss': 0.6876, 'grad_norm': 0.5993905663490295, 'learning_rate': 3.1400000000000004e-05, 'num_tokens': 918315.0, 'mean_token_accuracy': 0.7642630822956562, 'epoch': 1.38}
[1A
[1A 69%|██████▉   | 344/500 [24:32<11:06,  4.27s/it]
[1A 69%|██████▉   | 345/500 [24:36<11:05,  4.29s/it]
[1A                                                 
{'loss': 0.7234, 'grad_norm': 0.6093350052833557, 'learning_rate': 3.12e-05, 'num_tokens': 920882.0, 'mean_token_accuracy': 0.7401700019836426, 'epoch': 1.38}
[1A
[1A 69%|██████▉   | 345/500 [24:36<11:05,  4.29s/it]
[1A 69%|██████▉   | 346/500 [24:40<10:55,  4.26s/it]
[1A                                                 
{'loss': 0.693, 'grad_norm': 0.5872052907943726, 'learning_rate': 3.1e-05, 'num_tokens': 923718.0, 'mean_token_accuracy': 0.7588456235826015, 'epoch': 1.38}
[1A
[1A 69%|██████▉   | 346/500 [24:40<10:55,  4.26s/it]
[1A 69%|██████▉   | 347/500 [24:45<10:54,  4.28s/it]
[1A                                                 
{'loss': 0.6372, 'grad_norm': 0.575942873954773, 'learning_rate': 3.08e-05, 'num_tokens': 926435.0, 'mean_token_accuracy': 0.791420504450798, 'epoch': 1.39}
[1A
[1A 69%|██████▉   | 347/500 [24:45<10:54,  4.28s/it]
[1A 70%|██████▉   | 348/500 [24:49<10:52,  4.29s/it]
[1A                                                 
{'loss': 0.7083, 'grad_norm': 0.6484407186508179, 'learning_rate': 3.06e-05, 'num_tokens': 929041.0, 'mean_token_accuracy': 0.732587493956089, 'epoch': 1.39}
[1A
[1A 70%|██████▉   | 348/500 [24:49<10:52,  4.29s/it]
[1A 70%|██████▉   | 349/500 [24:53<10:41,  4.25s/it]
[1A                                                 
{'loss': 0.6292, 'grad_norm': 0.575249195098877, 'learning_rate': 3.04e-05, 'num_tokens': 931890.0, 'mean_token_accuracy': 0.7815021984279156, 'epoch': 1.4}
[1A
[1A 70%|██████▉   | 349/500 [24:53<10:41,  4.25s/it]
[1A 70%|███████   | 350/500 [24:57<10:38,  4.26s/it]
[1A                                                 
{'loss': 0.716, 'grad_norm': 0.6550766825675964, 'learning_rate': 3.02e-05, 'num_tokens': 934444.0, 'mean_token_accuracy': 0.7507892921566963, 'epoch': 1.4}
[1A
[1A 70%|███████   | 350/500 [24:57<10:38,  4.26s/it]
[1A 70%|███████   | 351/500 [25:02<10:36,  4.27s/it]
[1A                                                 
{'loss': 0.8269, 'grad_norm': 0.6369398236274719, 'learning_rate': 3e-05, 'num_tokens': 936899.0, 'mean_token_accuracy': 0.7059101164340973, 'epoch': 1.4}
[1A
[1A 70%|███████   | 351/500 [25:02<10:36,  4.27s/it]
[1A 70%|███████   | 352/500 [25:06<10:25,  4.23s/it]
[1A                                                 
{'loss': 0.7339, 'grad_norm': 0.6050811409950256, 'learning_rate': 2.98e-05, 'num_tokens': 939613.0, 'mean_token_accuracy': 0.7453808821737766, 'epoch': 1.41}
[1A
[1A 70%|███████   | 352/500 [25:06<10:25,  4.23s/it]
[1A 71%|███████   | 353/500 [25:10<10:26,  4.26s/it]
[1A                                                 
{'loss': 0.7058, 'grad_norm': 0.6364898085594177, 'learning_rate': 2.96e-05, 'num_tokens': 942163.0, 'mean_token_accuracy': 0.7375651374459267, 'epoch': 1.41}
[1A
[1A 71%|███████   | 353/500 [25:10<10:26,  4.26s/it]
[1A 71%|███████   | 354/500 [25:15<10:23,  4.27s/it]
[1A                                                 
{'loss': 0.6318, 'grad_norm': 0.6182268857955933, 'learning_rate': 2.94e-05, 'num_tokens': 944955.0, 'mean_token_accuracy': 0.7838123589754105, 'epoch': 1.42}
[1A
[1A 71%|███████   | 354/500 [25:15<10:23,  4.27s/it]
[1A 71%|███████   | 355/500 [25:19<10:15,  4.24s/it]
[1A                                                 
{'loss': 0.5913, 'grad_norm': 0.5720088481903076, 'learning_rate': 2.9199999999999998e-05, 'num_tokens': 947986.0, 'mean_token_accuracy': 0.8048537559807301, 'epoch': 1.42}
[1A
[1A 71%|███████   | 355/500 [25:19<10:15,  4.24s/it]
[1A 71%|███████   | 356/500 [25:23<10:13,  4.26s/it]
[1A                                                 
{'loss': 0.705, 'grad_norm': 0.5797188878059387, 'learning_rate': 2.9e-05, 'num_tokens': 950770.0, 'mean_token_accuracy': 0.7658197097480297, 'epoch': 1.42}
[1A
[1A 71%|███████   | 356/500 [25:23<10:13,  4.26s/it]
[1A 71%|███████▏  | 357/500 [25:27<10:10,  4.27s/it]
[1A                                                 
{'loss': 0.6774, 'grad_norm': 0.6246834397315979, 'learning_rate': 2.88e-05, 'num_tokens': 953533.0, 'mean_token_accuracy': 0.7861788235604763, 'epoch': 1.43}
[1A
[1A 71%|███████▏  | 357/500 [25:27<10:10,  4.27s/it]
[1A 72%|███████▏  | 358/500 [25:31<10:00,  4.23s/it]
[1A                                                 
{'loss': 0.6777, 'grad_norm': 0.6077881455421448, 'learning_rate': 2.86e-05, 'num_tokens': 956108.0, 'mean_token_accuracy': 0.7435034513473511, 'epoch': 1.43}
[1A
[1A 72%|███████▏  | 358/500 [25:31<10:00,  4.23s/it]
[1A 72%|███████▏  | 359/500 [25:36<10:00,  4.26s/it]
[1A                                                 
{'loss': 0.6962, 'grad_norm': 0.6130764484405518, 'learning_rate': 2.84e-05, 'num_tokens': 958786.0, 'mean_token_accuracy': 0.7566018663346767, 'epoch': 1.44}
[1A
[1A 72%|███████▏  | 359/500 [25:36<10:00,  4.26s/it]
[1A 72%|███████▏  | 360/500 [25:40<09:59,  4.28s/it]
[1A                                                 
{'loss': 0.7157, 'grad_norm': 0.5873161554336548, 'learning_rate': 2.8199999999999998e-05, 'num_tokens': 961607.0, 'mean_token_accuracy': 0.7625521495938301, 'epoch': 1.44}
[1A
[1A 72%|███████▏  | 360/500 [25:40<09:59,  4.28s/it]
[1A 72%|███████▏  | 361/500 [25:44<09:49,  4.24s/it]
[1A                                                 
{'loss': 0.7222, 'grad_norm': 0.6768993735313416, 'learning_rate': 2.8000000000000003e-05, 'num_tokens': 964046.0, 'mean_token_accuracy': 0.7304960489273071, 'epoch': 1.44}
[1A
[1A 72%|███████▏  | 361/500 [25:44<09:49,  4.24s/it]
[1A 72%|███████▏  | 362/500 [25:49<09:49,  4.27s/it]
[1A                                                 
{'loss': 0.6747, 'grad_norm': 0.6265941858291626, 'learning_rate': 2.7800000000000005e-05, 'num_tokens': 966898.0, 'mean_token_accuracy': 0.7678188607096672, 'epoch': 1.45}
[1A
[1A 72%|███████▏  | 362/500 [25:49<09:49,  4.27s/it]
[1A 73%|███████▎  | 363/500 [25:53<09:49,  4.31s/it]
[1A                                                 
{'loss': 0.8686, 'grad_norm': 0.7768357396125793, 'learning_rate': 2.7600000000000003e-05, 'num_tokens': 969160.0, 'mean_token_accuracy': 0.6888028308749199, 'epoch': 1.45}
[1A
[1A 73%|███████▎  | 363/500 [25:53<09:49,  4.31s/it]
[1A 73%|███████▎  | 364/500 [25:57<09:47,  4.32s/it]
[1A                                                 
{'loss': 0.6456, 'grad_norm': 0.5941515564918518, 'learning_rate': 2.7400000000000002e-05, 'num_tokens': 972053.0, 'mean_token_accuracy': 0.7844221405684948, 'epoch': 1.46}
[1A
[1A 73%|███████▎  | 364/500 [25:57<09:47,  4.32s/it]
[1A 73%|███████▎  | 365/500 [26:02<09:38,  4.29s/it]
[1A                                                 
{'loss': 0.7543, 'grad_norm': 0.6473674178123474, 'learning_rate': 2.7200000000000004e-05, 'num_tokens': 974542.0, 'mean_token_accuracy': 0.7226440161466599, 'epoch': 1.46}
[1A
[1A 73%|███████▎  | 365/500 [26:02<09:38,  4.29s/it]
[1A 73%|███████▎  | 366/500 [26:06<09:38,  4.31s/it]
[1A                                                 
{'loss': 0.6601, 'grad_norm': 0.5866075158119202, 'learning_rate': 2.7000000000000002e-05, 'num_tokens': 977371.0, 'mean_token_accuracy': 0.7698269337415695, 'epoch': 1.46}
[1A
[1A 73%|███████▎  | 366/500 [26:06<09:38,  4.31s/it]
[1A 73%|███████▎  | 367/500 [26:10<09:27,  4.27s/it]
[1A                                                 
{'loss': 0.7276, 'grad_norm': 0.6235631108283997, 'learning_rate': 2.6800000000000004e-05, 'num_tokens': 979989.0, 'mean_token_accuracy': 0.7558841034770012, 'epoch': 1.47}
[1A
[1A 73%|███████▎  | 367/500 [26:10<09:27,  4.27s/it]
[1A 74%|███████▎  | 368/500 [26:14<09:26,  4.29s/it]
[1A                                                 
{'loss': 0.7041, 'grad_norm': 0.6234338879585266, 'learning_rate': 2.6600000000000003e-05, 'num_tokens': 982712.0, 'mean_token_accuracy': 0.7484794557094574, 'epoch': 1.47}
[1A
[1A 74%|███████▎  | 368/500 [26:14<09:26,  4.29s/it]
[1A 74%|███████▍  | 369/500 [26:19<09:25,  4.32s/it]
[1A                                                 
{'loss': 0.6285, 'grad_norm': 0.6082186102867126, 'learning_rate': 2.64e-05, 'num_tokens': 985472.0, 'mean_token_accuracy': 0.7669643424451351, 'epoch': 1.48}
[1A
[1A 74%|███████▍  | 369/500 [26:19<09:25,  4.32s/it]
[1A 74%|███████▍  | 370/500 [26:23<09:17,  4.29s/it]
[1A                                                 
{'loss': 0.7282, 'grad_norm': 0.6345148086547852, 'learning_rate': 2.6200000000000003e-05, 'num_tokens': 988141.0, 'mean_token_accuracy': 0.7420204542577267, 'epoch': 1.48}
[1A
[1A 74%|███████▍  | 370/500 [26:23<09:17,  4.29s/it]
[1A 74%|███████▍  | 371/500 [26:27<09:17,  4.32s/it]
[1A                                                 
{'loss': 0.6225, 'grad_norm': 0.6506847143173218, 'learning_rate': 2.6000000000000002e-05, 'num_tokens': 990868.0, 'mean_token_accuracy': 0.7849456816911697, 'epoch': 1.48}
[1A
[1A 74%|███████▍  | 371/500 [26:27<09:17,  4.32s/it]
[1A 74%|███████▍  | 372/500 [26:32<09:13,  4.32s/it]
[1A                                                 
{'loss': 0.7282, 'grad_norm': 0.6395413875579834, 'learning_rate': 2.58e-05, 'num_tokens': 993726.0, 'mean_token_accuracy': 0.7461870759725571, 'epoch': 1.49}
[1A
[1A 74%|███████▍  | 372/500 [26:32<09:13,  4.32s/it]
[1A 75%|███████▍  | 373/500 [26:36<09:09,  4.33s/it]
[1A                                                 
{'loss': 0.7186, 'grad_norm': 0.6481481790542603, 'learning_rate': 2.5600000000000002e-05, 'num_tokens': 996341.0, 'mean_token_accuracy': 0.746125690639019, 'epoch': 1.49}
[1A
[1A 75%|███████▍  | 373/500 [26:36<09:09,  4.33s/it]
[1A 75%|███████▍  | 374/500 [26:40<08:59,  4.28s/it]
[1A                                                 
{'loss': 0.6375, 'grad_norm': 0.5863266587257385, 'learning_rate': 2.54e-05, 'num_tokens': 999313.0, 'mean_token_accuracy': 0.79210464656353, 'epoch': 1.5}
[1A
[1A 75%|███████▍  | 374/500 [26:40<08:59,  4.28s/it]
[1A 75%|███████▌  | 375/500 [26:45<08:56,  4.30s/it]
[1A                                                 
{'loss': 0.735, 'grad_norm': 0.612932026386261, 'learning_rate': 2.5200000000000003e-05, 'num_tokens': 1001893.0, 'mean_token_accuracy': 0.7291522473096848, 'epoch': 1.5}
[1A
[1A 75%|███████▌  | 375/500 [26:45<08:56,  4.30s/it]
[1A 75%|███████▌  | 376/500 [26:49<08:54,  4.31s/it]
[1A                                                 
{'loss': 0.7552, 'grad_norm': 0.6512467265129089, 'learning_rate': 2.5e-05, 'num_tokens': 1004520.0, 'mean_token_accuracy': 0.722998596727848, 'epoch': 1.5}
[1A
[1A 75%|███████▌  | 376/500 [26:49<08:54,  4.31s/it]
[1A 75%|███████▌  | 377/500 [26:53<08:44,  4.27s/it]
[1A                                                 
{'loss': 0.6821, 'grad_norm': 0.5984480977058411, 'learning_rate': 2.48e-05, 'num_tokens': 1007201.0, 'mean_token_accuracy': 0.7574520613998175, 'epoch': 1.51}
[1A
[1A 75%|███████▌  | 377/500 [26:53<08:44,  4.27s/it]
[1A 76%|███████▌  | 378/500 [26:57<08:44,  4.30s/it]
[1A                                                 
{'loss': 0.69, 'grad_norm': 0.6176958680152893, 'learning_rate': 2.46e-05, 'num_tokens': 1009972.0, 'mean_token_accuracy': 0.7809906769543886, 'epoch': 1.51}
[1A
[1A 76%|███████▌  | 378/500 [26:57<08:44,  4.30s/it]
[1A 76%|███████▌  | 379/500 [27:02<08:42,  4.32s/it]
[1A                                                 
{'loss': 0.6018, 'grad_norm': 0.5948396325111389, 'learning_rate': 2.44e-05, 'num_tokens': 1012809.0, 'mean_token_accuracy': 0.7956172339618206, 'epoch': 1.52}
[1A
[1A 76%|███████▌  | 379/500 [27:02<08:42,  4.32s/it]
[1A 76%|███████▌  | 380/500 [27:06<08:31,  4.26s/it]
[1A                                                 
{'loss': 0.5948, 'grad_norm': 0.5880663990974426, 'learning_rate': 2.4200000000000002e-05, 'num_tokens': 1015749.0, 'mean_token_accuracy': 0.8113313503563404, 'epoch': 1.52}
[1A
[1A 76%|███████▌  | 380/500 [27:06<08:31,  4.26s/it]
[1A 76%|███████▌  | 381/500 [27:10<08:28,  4.27s/it]
[1A                                                 
{'loss': 0.6704, 'grad_norm': 0.6344752907752991, 'learning_rate': 2.4e-05, 'num_tokens': 1018469.0, 'mean_token_accuracy': 0.7587254866957664, 'epoch': 1.52}
[1A
[1A 76%|███████▌  | 381/500 [27:10<08:28,  4.27s/it]
[1A 76%|███████▋  | 382/500 [27:15<08:25,  4.29s/it]
[1A                                                 
{'loss': 0.7539, 'grad_norm': 0.693402886390686, 'learning_rate': 2.38e-05, 'num_tokens': 1020990.0, 'mean_token_accuracy': 0.7222105897963047, 'epoch': 1.53}
[1A
[1A 76%|███████▋  | 382/500 [27:15<08:25,  4.29s/it]
[1A 77%|███████▋  | 383/500 [27:19<08:16,  4.24s/it]
[1A                                                 
{'loss': 0.625, 'grad_norm': 0.5598661303520203, 'learning_rate': 2.36e-05, 'num_tokens': 1023975.0, 'mean_token_accuracy': 0.7961490862071514, 'epoch': 1.53}
[1A
[1A 77%|███████▋  | 383/500 [27:19<08:16,  4.24s/it]
[1A 77%|███████▋  | 384/500 [27:23<08:17,  4.28s/it]
[1A                                                 
{'loss': 0.7599, 'grad_norm': 0.6327444911003113, 'learning_rate': 2.3400000000000003e-05, 'num_tokens': 1026550.0, 'mean_token_accuracy': 0.7265291027724743, 'epoch': 1.54}
[1A
[1A 77%|███████▋  | 384/500 [27:23<08:17,  4.28s/it]
[1A 77%|███████▋  | 385/500 [27:27<08:13,  4.29s/it]
[1A                                                 
{'loss': 0.7426, 'grad_norm': 0.6660037040710449, 'learning_rate': 2.32e-05, 'num_tokens': 1029150.0, 'mean_token_accuracy': 0.7453021220862865, 'epoch': 1.54}
[1A
[1A 77%|███████▋  | 385/500 [27:27<08:13,  4.29s/it]
[1A 77%|███████▋  | 386/500 [27:32<08:04,  4.25s/it]
[1A                                                 
{'loss': 0.6662, 'grad_norm': 0.6243745684623718, 'learning_rate': 2.3000000000000003e-05, 'num_tokens': 1032116.0, 'mean_token_accuracy': 0.7848754599690437, 'epoch': 1.54}
[1A
[1A 77%|███████▋  | 386/500 [27:32<08:04,  4.25s/it]
[1A 77%|███████▋  | 387/500 [27:36<08:06,  4.30s/it]
[1A                                                 
{'loss': 0.6587, 'grad_norm': 0.6118271350860596, 'learning_rate': 2.2800000000000002e-05, 'num_tokens': 1034892.0, 'mean_token_accuracy': 0.7696806564927101, 'epoch': 1.55}
[1A
[1A 77%|███████▋  | 387/500 [27:36<08:06,  4.30s/it]
[1A 78%|███████▊  | 388/500 [27:40<08:02,  4.31s/it]
[1A                                                 
{'loss': 0.6956, 'grad_norm': 0.6562784314155579, 'learning_rate': 2.26e-05, 'num_tokens': 1037793.0, 'mean_token_accuracy': 0.7689936980605125, 'epoch': 1.55}
[1A
[1A 78%|███████▊  | 388/500 [27:40<08:02,  4.31s/it]
[1A 78%|███████▊  | 389/500 [27:45<07:54,  4.27s/it]
[1A                                                 
{'loss': 0.7907, 'grad_norm': 0.6865575313568115, 'learning_rate': 2.2400000000000002e-05, 'num_tokens': 1040308.0, 'mean_token_accuracy': 0.7052309233695269, 'epoch': 1.56}
[1A
[1A 78%|███████▊  | 389/500 [27:45<07:54,  4.27s/it]
[1A 78%|███████▊  | 390/500 [27:49<07:53,  4.31s/it]
[1A                                                 
{'loss': 0.6093, 'grad_norm': 0.5875394344329834, 'learning_rate': 2.22e-05, 'num_tokens': 1043255.0, 'mean_token_accuracy': 0.799093209207058, 'epoch': 1.56}
[1A
[1A 78%|███████▊  | 390/500 [27:49<07:53,  4.31s/it]
[1A 78%|███████▊  | 391/500 [27:53<07:51,  4.33s/it]
[1A                                                 
{'loss': 0.6866, 'grad_norm': 0.59306401014328, 'learning_rate': 2.2000000000000003e-05, 'num_tokens': 1045961.0, 'mean_token_accuracy': 0.7555268667638302, 'epoch': 1.56}
[1A
[1A 78%|███████▊  | 391/500 [27:53<07:51,  4.33s/it]
[1A 78%|███████▊  | 392/500 [27:57<07:43,  4.29s/it]
[1A                                                 
{'loss': 0.6813, 'grad_norm': 0.6629440784454346, 'learning_rate': 2.18e-05, 'num_tokens': 1048654.0, 'mean_token_accuracy': 0.7661134637892246, 'epoch': 1.57}
[1A
[1A 78%|███████▊  | 392/500 [27:57<07:43,  4.29s/it]
[1A 79%|███████▊  | 393/500 [28:02<07:41,  4.31s/it]
[1A                                                 
{'loss': 0.7086, 'grad_norm': 0.7010021209716797, 'learning_rate': 2.16e-05, 'num_tokens': 1051119.0, 'mean_token_accuracy': 0.7355449013411999, 'epoch': 1.57}
[1A
[1A 79%|███████▊  | 393/500 [28:02<07:41,  4.31s/it]
[1A 79%|███████▉  | 394/500 [28:06<07:38,  4.33s/it]
[1A                                                 
{'loss': 0.6636, 'grad_norm': 0.6184418201446533, 'learning_rate': 2.1400000000000002e-05, 'num_tokens': 1053976.0, 'mean_token_accuracy': 0.7793003059923649, 'epoch': 1.58}
[1A
[1A 79%|███████▉  | 394/500 [28:06<07:38,  4.33s/it]
[1A 79%|███████▉  | 395/500 [28:10<07:28,  4.27s/it]
[1A                                                 
{'loss': 0.8299, 'grad_norm': 0.6692959070205688, 'learning_rate': 2.12e-05, 'num_tokens': 1056535.0, 'mean_token_accuracy': 0.6965791396796703, 'epoch': 1.58}
[1A
[1A 79%|███████▉  | 395/500 [28:10<07:28,  4.27s/it]
[1A 79%|███████▉  | 396/500 [28:15<07:25,  4.28s/it]
[1A                                                 
{'loss': 0.7251, 'grad_norm': 0.6262770295143127, 'learning_rate': 2.1e-05, 'num_tokens': 1059290.0, 'mean_token_accuracy': 0.7535013593733311, 'epoch': 1.58}
[1A
[1A 79%|███████▉  | 396/500 [28:15<07:25,  4.28s/it]
[1A 79%|███████▉  | 397/500 [28:19<07:22,  4.30s/it]
[1A                                                 
{'loss': 0.7087, 'grad_norm': 0.6594263911247253, 'learning_rate': 2.08e-05, 'num_tokens': 1061915.0, 'mean_token_accuracy': 0.7510113827884197, 'epoch': 1.59}
[1A
[1A 79%|███████▉  | 397/500 [28:19<07:22,  4.30s/it]
[1A 80%|███████▉  | 398/500 [28:23<07:13,  4.25s/it]
[1A                                                 
{'loss': 0.7948, 'grad_norm': 0.7501010894775391, 'learning_rate': 2.06e-05, 'num_tokens': 1064299.0, 'mean_token_accuracy': 0.7227542512118816, 'epoch': 1.59}
[1A
[1A 80%|███████▉  | 398/500 [28:23<07:13,  4.25s/it]
[1A 80%|███████▉  | 399/500 [28:27<07:11,  4.27s/it]
[1A                                                 
{'loss': 0.6852, 'grad_norm': 0.6220526099205017, 'learning_rate': 2.04e-05, 'num_tokens': 1067037.0, 'mean_token_accuracy': 0.7747541330754757, 'epoch': 1.6}
[1A
[1A 80%|███████▉  | 399/500 [28:27<07:11,  4.27s/it]
[1A 80%|████████  | 400/500 [28:32<07:08,  4.29s/it]
[1A                                                 
{'loss': 0.6646, 'grad_norm': 0.6374617218971252, 'learning_rate': 2.0200000000000003e-05, 'num_tokens': 1069602.0, 'mean_token_accuracy': 0.7502571418881416, 'epoch': 1.6}
[1A
[1A 80%|████████  | 400/500 [28:32<07:08,  4.29s/it]
[1A 80%|████████  | 401/500 [28:36<07:04,  4.29s/it]
[1A                                                 
{'loss': 0.7372, 'grad_norm': 0.6481648087501526, 'learning_rate': 2e-05, 'num_tokens': 1072166.0, 'mean_token_accuracy': 0.7328757829964161, 'epoch': 1.6}
[1A
[1A 80%|████████  | 401/500 [28:36<07:04,  4.29s/it]
[1A 80%|████████  | 402/500 [28:40<06:56,  4.25s/it]
[1A                                                 
{'loss': 0.6637, 'grad_norm': 0.7203481793403625, 'learning_rate': 1.9800000000000004e-05, 'num_tokens': 1074768.0, 'mean_token_accuracy': 0.7526211366057396, 'epoch': 1.61}
[1A
[1A 80%|████████  | 402/500 [28:40<06:56,  4.25s/it]
[1A 81%|████████  | 403/500 [28:45<06:54,  4.27s/it]
[1A                                                 
{'loss': 0.6902, 'grad_norm': 0.6626111268997192, 'learning_rate': 1.9600000000000002e-05, 'num_tokens': 1077538.0, 'mean_token_accuracy': 0.7570191100239754, 'epoch': 1.61}
[1A
[1A 81%|████████  | 403/500 [28:45<06:54,  4.27s/it]
[1A 81%|████████  | 404/500 [28:49<06:48,  4.26s/it]
[1A                                                 
{'loss': 0.6693, 'grad_norm': 0.6772441267967224, 'learning_rate': 1.94e-05, 'num_tokens': 1080011.0, 'mean_token_accuracy': 0.746420856565237, 'epoch': 1.62}
[1A
[1A 81%|████████  | 404/500 [28:49<06:48,  4.26s/it]
[1A 81%|████████  | 405/500 [28:53<06:47,  4.29s/it]
[1A                                                 
{'loss': 0.699, 'grad_norm': 0.6156669855117798, 'learning_rate': 1.9200000000000003e-05, 'num_tokens': 1082785.0, 'mean_token_accuracy': 0.7516373060643673, 'epoch': 1.62}
[1A
[1A 81%|████████  | 405/500 [28:53<06:47,  4.29s/it]
[1A 81%|████████  | 406/500 [28:57<06:44,  4.30s/it]
[1A                                                 
{'loss': 0.7038, 'grad_norm': 0.6119087338447571, 'learning_rate': 1.9e-05, 'num_tokens': 1085795.0, 'mean_token_accuracy': 0.7809450402855873, 'epoch': 1.62}
[1A
[1A 81%|████████  | 406/500 [28:57<06:44,  4.30s/it]
[1A 81%|████████▏ | 407/500 [29:02<06:37,  4.27s/it]
[1A                                                 
{'loss': 0.6282, 'grad_norm': 0.6109611988067627, 'learning_rate': 1.88e-05, 'num_tokens': 1088653.0, 'mean_token_accuracy': 0.791591003537178, 'epoch': 1.63}
[1A
[1A 81%|████████▏ | 407/500 [29:02<06:37,  4.27s/it]
[1A 82%|████████▏ | 408/500 [29:06<06:36,  4.31s/it]
[1A                                                 
{'loss': 0.711, 'grad_norm': 0.6337928771972656, 'learning_rate': 1.86e-05, 'num_tokens': 1091243.0, 'mean_token_accuracy': 0.7521291971206665, 'epoch': 1.63}
[1A
[1A 82%|████████▏ | 408/500 [29:06<06:36,  4.31s/it]
[1A 82%|████████▏ | 409/500 [29:10<06:33,  4.33s/it]
[1A                                                 
{'loss': 0.7067, 'grad_norm': 0.6429611444473267, 'learning_rate': 1.84e-05, 'num_tokens': 1094001.0, 'mean_token_accuracy': 0.7662246823310852, 'epoch': 1.64}
[1A
[1A 82%|████████▏ | 409/500 [29:10<06:33,  4.33s/it]
[1A 82%|████████▏ | 410/500 [29:15<06:30,  4.34s/it]
[1A                                                 
{'loss': 0.696, 'grad_norm': 0.6562005281448364, 'learning_rate': 1.8200000000000002e-05, 'num_tokens': 1096709.0, 'mean_token_accuracy': 0.7434707041829824, 'epoch': 1.64}
[1A
[1A 82%|████████▏ | 410/500 [29:15<06:30,  4.34s/it]
[1A 82%|████████▏ | 411/500 [29:19<06:22,  4.30s/it]
[1A                                                 
{'loss': 0.6572, 'grad_norm': 0.6350672841072083, 'learning_rate': 1.8e-05, 'num_tokens': 1099445.0, 'mean_token_accuracy': 0.7732237931340933, 'epoch': 1.64}
[1A
[1A 82%|████████▏ | 411/500 [29:19<06:22,  4.30s/it]
[1A 82%|████████▏ | 412/500 [29:23<06:19,  4.31s/it]
[1A                                                 
{'loss': 0.7217, 'grad_norm': 0.6544540524482727, 'learning_rate': 1.78e-05, 'num_tokens': 1102049.0, 'mean_token_accuracy': 0.7487496957182884, 'epoch': 1.65}
[1A
[1A 82%|████████▏ | 412/500 [29:23<06:19,  4.31s/it]
[1A 83%|████████▎ | 413/500 [29:28<06:15,  4.32s/it]
[1A                                                 
{'loss': 0.6289, 'grad_norm': 0.6536457538604736, 'learning_rate': 1.76e-05, 'num_tokens': 1104777.0, 'mean_token_accuracy': 0.7898222915828228, 'epoch': 1.65}
[1A
[1A 83%|████████▎ | 413/500 [29:28<06:15,  4.32s/it]
[1A 83%|████████▎ | 414/500 [29:32<06:07,  4.27s/it]
[1A                                                 
{'loss': 0.6667, 'grad_norm': 0.6228923201560974, 'learning_rate': 1.74e-05, 'num_tokens': 1107619.0, 'mean_token_accuracy': 0.7739535067230463, 'epoch': 1.66}
[1A
[1A 83%|████████▎ | 414/500 [29:32<06:07,  4.27s/it]
[1A 83%|████████▎ | 415/500 [29:36<06:03,  4.28s/it]
[1A                                                 
{'loss': 0.6775, 'grad_norm': 0.6418277025222778, 'learning_rate': 1.7199999999999998e-05, 'num_tokens': 1110395.0, 'mean_token_accuracy': 0.7696728184819221, 'epoch': 1.66}
[1A
[1A 83%|████████▎ | 415/500 [29:36<06:03,  4.28s/it]
[1A 83%|████████▎ | 416/500 [29:40<05:59,  4.28s/it]
[1A                                                 
{'loss': 0.6168, 'grad_norm': 0.6916531324386597, 'learning_rate': 1.7000000000000003e-05, 'num_tokens': 1113063.0, 'mean_token_accuracy': 0.7773949541151524, 'epoch': 1.66}
[1A
[1A 83%|████████▎ | 416/500 [29:40<05:59,  4.28s/it]
[1A 83%|████████▎ | 417/500 [29:45<05:51,  4.24s/it]
[1A                                                 
{'loss': 0.7065, 'grad_norm': 0.6488758325576782, 'learning_rate': 1.6800000000000002e-05, 'num_tokens': 1115710.0, 'mean_token_accuracy': 0.7533360570669174, 'epoch': 1.67}
[1A
[1A 83%|████████▎ | 417/500 [29:45<05:51,  4.24s/it]
[1A 84%|████████▎ | 418/500 [29:49<05:51,  4.29s/it]
[1A                                                 
{'loss': 0.6342, 'grad_norm': 0.5907483696937561, 'learning_rate': 1.66e-05, 'num_tokens': 1118378.0, 'mean_token_accuracy': 0.7870771065354347, 'epoch': 1.67}
[1A
[1A 84%|████████▎ | 418/500 [29:49<05:51,  4.29s/it]
[1A 84%|████████▍ | 419/500 [29:53<05:48,  4.30s/it]
[1A                                                 
{'loss': 0.6599, 'grad_norm': 0.6658915877342224, 'learning_rate': 1.6400000000000002e-05, 'num_tokens': 1121202.0, 'mean_token_accuracy': 0.7565444614738226, 'epoch': 1.68}
[1A
[1A 84%|████████▍ | 419/500 [29:53<05:48,  4.30s/it]
[1A 84%|████████▍ | 420/500 [29:57<05:39,  4.25s/it]
[1A                                                 
{'loss': 0.7746, 'grad_norm': 0.6909238696098328, 'learning_rate': 1.62e-05, 'num_tokens': 1123734.0, 'mean_token_accuracy': 0.724296398460865, 'epoch': 1.68}
[1A
[1A 84%|████████▍ | 420/500 [29:57<05:39,  4.25s/it]
[1A 84%|████████▍ | 421/500 [30:02<05:37,  4.27s/it]
[1A                                                 
{'loss': 0.6511, 'grad_norm': 0.5864194631576538, 'learning_rate': 1.6000000000000003e-05, 'num_tokens': 1126619.0, 'mean_token_accuracy': 0.7643329165875912, 'epoch': 1.68}
[1A

===== launch at 2026-06-11 16:40:23: uv run modal run cloud/modal_sft_s2.py --data-path ... =====
✓ Initialized. View run at 
https://modal.com/apps/reichers-shai-c9-dmitry/main/ap-pXNH138eu4K7YCGRANsB1d
✓ Created objects.
├── 🔨 Created mount 
│   /Users/dmitrymanning-coe/Documents/Research/Simplex/error-correct-sprint/clo
│   ud/modal_sft_s2.py
├── 🔨 Created mount 
│   /Users/dmitrymanning-coe/Documents/Research/Simplex/error-correct-sprint/exp
│   eriments/data
└── 🔨 Created function train.
smoke=False | model=Qwen/Qwen2.5-7B-Instruct | 4000 examples | run_name=s2_c075

[1AMap:   0%|          | 0/4000 [00:00<?, ? examples/s]
[1AMap:  25%|██▌       | 1006/4000 [00:00<00:00, 9979.94 examples/s]
[1AMap:  52%|█████▏    | 2098/4000 [00:00<00:00, 10527.51 examples/s]
[1AMap:  80%|████████  | 3205/4000 [00:00<00:00, 10772.03 examples/s]Map: 100%|██████████| 4000/4000 [00:00<00:00, 10687.97 examples/s]

[1ALoading checkpoint shards:   0%|          | 0/4 [00:00<?, ?it/s]
[1ALoading checkpoint shards:  25%|██▌       | 1/4 [00:02<00:08,  2.93s/it]
[1ALoading checkpoint shards:  50%|█████     | 2/4 [00:05<00:05,  2.53s/it]
[1ALoading checkpoint shards:  75%|███████▌  | 3/4 [00:07<00:02,  2.37s/it]
[1ALoading checkpoint shards: 100%|██████████| 4/4 [00:09<00:00,  2.22s/it]
[1ALoading checkpoint shards: 100%|██████████| 4/4 [00:09<00:00,  2.34s/it]
average_tokens_across_devices is set to True but it is invalid when world size is1. Turn it to False automatically.

[1AAdding EOS to train dataset:   0%|          | 0/4000 [00:00<?, ? examples/s]Adding EOS to train dataset: 100%|██████████| 4000/4000 [00:00<00:00, 45292.66 examples/s]

[1ATokenizing train dataset:   0%|          | 0/4000 [00:00<?, ? examples/s]
[1ATokenizing train dataset:   5%|▍         | 191/4000 [00:00<00:02, 1891.65 examples/s]
[1ATokenizing train dataset:  10%|▉         | 387/4000 [00:00<00:01, 1927.06 examples/s]
[1ATokenizing train dataset:  15%|█▍        | 590/4000 [00:00<00:01, 1968.52 examples/s]
[1ATokenizing train dataset:  22%|██▏       | 879/4000 [00:00<00:01, 1945.19 examples/s]
[1ATokenizing train dataset:  28%|██▊       | 1130/4000 [00:00<00:01, 1827.93 examples/s]
[1ATokenizing train dataset:  34%|███▎      | 1342/4000 [00:00<00:01, 1906.63 examples/s]
[1ATokenizing train dataset:  39%|███▊      | 1544/4000 [00:00<00:01, 1935.77 examples/s]
[1ATokenizing train dataset:  44%|████▍     | 1750/4000 [00:00<00:01, 1967.58 examples/s]
[1ATokenizing train dataset:  49%|████▉     | 1956/4000 [00:01<00:01, 1992.24 examples/s]
[1ATokenizing train dataset:  55%|█████▌    | 2204/4000 [00:01<00:00, 1848.25 examples/s]
[1ATokenizing train dataset:  60%|██████    | 2414/4000 [00:01<00:00, 1914.14 examples/s]
[1ATokenizing train dataset:  66%|██████▌   | 2626/4000 [00:01<00:00, 1967.13 examples/s]
[1ATokenizing train dataset:  71%|███████   | 2834/4000 [00:01<00:00, 1998.42 examples/s]
[1ATokenizing train dataset:  78%|███████▊  | 3102/4000 [00:01<00:00, 1867.72 examples/s]
[1ATokenizing train dataset:  83%|████████▎ | 3316/4000 [00:01<00:00, 1936.77 examples/s]
[1ATokenizing train dataset:  88%|████████▊ | 3527/4000 [00:01<00:00, 1980.63 examples/s]
[1ATokenizing train dataset:  94%|█████████▎| 3741/4000 [00:01<00:00, 2023.43 examples/s]
[1ATokenizing train dataset:  99%|█████████▉| 3955/4000 [00:02<00:00, 2054.69 examples/s]
[1ATokenizing train dataset: 100%|██████████| 4000/4000 [00:02<00:00, 1933.14 examples/s]

[1ATruncating train dataset:   0%|          | 0/4000 [00:00<?, ? examples/s]
[1ATruncating train dataset: 100%|██████████| 4000/4000 [00:00<00:00, 386118.06 examples/s]
Detected kernel version 4.4.0, which is below the recommended minimum of 5.5.0; this can cause the process to hang. It is recommended to upgrade the kernel to the minimum version or higher.
No label_names provided for model class `PeftModelForCausalLM`. Since `PeftModel` hides base models input arguments, if label_names is not given, label_names can't be set automatically within `Trainer`. Note that empty label_names list will be used instead.

[1A  0%|          | 0/500 [00:00<?, ?it/s]
[1A  0%|          | 1/500 [00:07<59:32,  7.16s/it]
[1A                                               
{'loss': 3.0124, 'grad_norm': 1.1289621591567993, 'learning_rate': 0.0001, 'num_tokens': 2752.0, 'mean_token_accuracy': 0.432722058147192, 'epoch': 0.0}
[1A
[1A  0%|          | 1/500 [00:07<59:32,  7.16s/it]
[1A  0%|          | 2/500 [00:13<53:40,  6.47s/it]
[1A                                               
{'loss': 3.0952, 'grad_norm': 1.087670922279358, 'learning_rate': 9.98e-05, 'num_tokens': 5019.0, 'mean_token_accuracy': 0.41779166646301746, 'epoch': 0.01}
[1A
[1A  0%|          | 2/500 [00:13<53:40,  6.47s/it]
[1A  1%|          | 3/500 [00:19<51:20,  6.20s/it]
[1A                                               
{'loss': 2.9483, 'grad_norm': 1.2628329992294312, 'learning_rate': 9.960000000000001e-05, 'num_tokens': 7597.0, 'mean_token_accuracy': 0.44514912739396095, 'epoch': 0.01}
[1A
[1A  1%|          | 3/500 [00:19<51:20,  6.20s/it]
[1A  1%|          | 4/500 [00:24<49:13,  5.96s/it]                             
{'loss': 2.5491, 'grad_norm': 1.1584426164627075, 'learning_rate': 9.94e-05, 'num_tokens': 10399.0, 'mean_token_accuracy': 0.4607094135135412, 'epoch': 0.02}
[1A
[1A  1%|          | 4/500 [00:24<49:13,  5.96s/it]
[1A  1%|          | 5/500 [00:30<49:46,  6.03s/it]
[1A                                               
{'loss': 2.4538, 'grad_norm': 1.131128191947937, 'learning_rate': 9.92e-05, 'num_tokens': 12980.0, 'mean_token_accuracy': 0.4760145489126444, 'epoch': 0.02}
[1A
[1A  1%|          | 5/500 [00:30<49:46,  6.03s/it]
[1A  1%|          | 6/500 [00:37<51:10,  6.22s/it]
[1A                                               
{'loss': 2.2121, 'grad_norm': 0.8819182515144348, 'learning_rate': 9.900000000000001e-05, 'num_tokens': 15743.0, 'mean_token_accuracy': 0.47276137955486774, 'epoch': 0.02}
[1A
[1A  1%|          | 6/500 [00:37<51:10,  6.22s/it]
[1A  1%|▏         | 7/500 [00:43<50:29,  6.15s/it]
[1A                                               
{'loss': 2.0036, 'grad_norm': 0.8543030619621277, 'learning_rate': 9.88e-05, 'num_tokens': 18645.0, 'mean_token_accuracy': 0.4883377905935049, 'epoch': 0.03}
[1A
[1A  1%|▏         | 7/500 [00:43<50:29,  6.15s/it]
[1A  2%|▏         | 8/500 [00:49<49:41,  6.06s/it]
[1A                                               
{'loss': 1.8543, 'grad_norm': 0.8826512098312378, 'learning_rate': 9.86e-05, 'num_tokens': 21532.0, 'mean_token_accuracy': 0.5004964638501406, 'epoch': 0.03}
[1A
[1A  2%|▏         | 8/500 [00:49<49:41,  6.06s/it]
[1A  2%|▏         | 9/500 [00:55<49:08,  6.00s/it]
[1A                                               
{'loss': 1.8082, 'grad_norm': 0.800717830657959, 'learning_rate': 9.84e-05, 'num_tokens': 24258.0, 'mean_token_accuracy': 0.5208851583302021, 'epoch': 0.04}
[1A
[1A  2%|▏         | 9/500 [00:55<49:08,  6.00s/it]
[1A  2%|▏         | 10/500 [01:00<47:51,  5.86s/it]                            
{'loss': 1.6994, 'grad_norm': 0.8456279039382935, 'learning_rate': 9.82e-05, 'num_tokens': 27028.0, 'mean_token_accuracy': 0.5456894710659981, 'epoch': 0.04}
[1A
[1A  2%|▏         | 10/500 [01:00<47:51,  5.86s/it]
[1A  2%|▏         | 11/500 [01:06<47:44,  5.86s/it]                            
{'loss': 1.6898, 'grad_norm': 0.773597002029419, 'learning_rate': 9.8e-05, 'num_tokens': 29389.0, 'mean_token_accuracy': 0.5221016258001328, 'epoch': 0.04}
[1A
[1A  2%|▏         | 11/500 [01:06<47:44,  5.86s/it]
[1A  2%|▏         | 12/500 [01:12<47:52,  5.89s/it]
[1A                                                
{'loss': 1.5327, 'grad_norm': 0.8112136125564575, 'learning_rate': 9.78e-05, 'num_tokens': 31939.0, 'mean_token_accuracy': 0.5558601319789886, 'epoch': 0.05}
[1A
[1A  2%|▏         | 12/500 [01:12<47:52,  5.89s/it]
[1A  3%|▎         | 13/500 [01:18<47:08,  5.81s/it]                            
{'loss': 1.5024, 'grad_norm': 0.6978397369384766, 'learning_rate': 9.76e-05, 'num_tokens': 34342.0, 'mean_token_accuracy': 0.572988661006093, 'epoch': 0.05}
[1A
[1A  3%|▎         | 13/500 [01:18<47:08,  5.81s/it]
[1A  3%|▎         | 14/500 [01:23<47:08,  5.82s/it]
[1A                                                
{'loss': 1.3407, 'grad_norm': 0.6909056901931763, 'learning_rate': 9.74e-05, 'num_tokens': 37097.0, 'mean_token_accuracy': 0.6013693697750568, 'epoch': 0.06}
[1A
[1A  3%|▎         | 14/500 [01:23<47:08,  5.82s/it]
[1A  3%|▎         | 15/500 [01:29<47:14,  5.84s/it]
[1A                                                
{'loss': 1.1935, 'grad_norm': 0.768377423286438, 'learning_rate': 9.72e-05, 'num_tokens': 40139.0, 'mean_token_accuracy': 0.669763658195734, 'epoch': 0.06}
[1A
[1A  3%|▎         | 15/500 [01:29<47:14,  5.84s/it]
[1A  3%|▎         | 16/500 [01:35<46:42,  5.79s/it]
[1A                                                
{'loss': 1.2479, 'grad_norm': 0.6597901582717896, 'learning_rate': 9.7e-05, 'num_tokens': 42861.0, 'mean_token_accuracy': 0.6253482792526484, 'epoch': 0.06}
[1A
[1A  3%|▎         | 16/500 [01:35<46:42,  5.79s/it]
[1A  3%|▎         | 17/500 [01:41<46:51,  5.82s/it]
[1A                                                
{'loss': 1.1433, 'grad_norm': 0.6549573540687561, 'learning_rate': 9.680000000000001e-05, 'num_tokens': 45489.0, 'mean_token_accuracy': 0.6597774792462587, 'epoch': 0.07}
[1A
[1A  3%|▎         | 17/500 [01:41<46:51,  5.82s/it]
[1A  4%|▎         | 18/500 [01:47<47:05,  5.86s/it]
[1A                                                
{'loss': 1.1181, 'grad_norm': 0.5709421038627625, 'learning_rate': 9.66e-05, 'num_tokens': 48030.0, 'mean_token_accuracy': 0.6470791418105364, 'epoch': 0.07}
[1A
[1A  4%|▎         | 18/500 [01:47<47:05,  5.86s/it]
[1A  4%|▍         | 19/500 [01:52<46:29,  5.80s/it]
[1A                                                
{'loss': 1.0972, 'grad_norm': 0.5207958817481995, 'learning_rate': 9.64e-05, 'num_tokens': 50709.0, 'mean_token_accuracy': 0.6651784423738718, 'epoch': 0.08}
[1A
[1A  4%|▍         | 19/500 [01:52<46:29,  5.80s/it]
[1A  4%|▍         | 20/500 [01:58<46:37,  5.83s/it]
[1A                                                
{'loss': 1.0034, 'grad_norm': 0.5597299337387085, 'learning_rate': 9.620000000000001e-05, 'num_tokens': 53769.0, 'mean_token_accuracy': 0.7060033492743969, 'epoch': 0.08}
[1A
[1A  4%|▍         | 20/500 [01:58<46:37,  5.83s/it]
[1A  4%|▍         | 21/500 [02:04<46:47,  5.86s/it]
[1A                                                
{'loss': 1.2497, 'grad_norm': 0.5553328394889832, 'learning_rate': 9.6e-05, 'num_tokens': 56112.0, 'mean_token_accuracy': 0.6051009129732847, 'epoch': 0.08}
[1A
[1A  4%|▍         | 21/500 [02:04<46:47,  5.86s/it]
[1A  4%|▍         | 22/500 [02:10<46:12,  5.80s/it]
[1A                                                
{'loss': 1.0972, 'grad_norm': 0.5606136322021484, 'learning_rate': 9.58e-05, 'num_tokens': 58725.0, 'mean_token_accuracy': 0.6508511416614056, 'epoch': 0.09}
[1A
[1A  4%|▍         | 22/500 [02:10<46:12,  5.80s/it]
[1A  5%|▍         | 23/500 [02:16<46:20,  5.83s/it]
[1A                                                
{'loss': 1.0911, 'grad_norm': 0.5266802310943604, 'learning_rate': 9.56e-05, 'num_tokens': 61150.0, 'mean_token_accuracy': 0.6526089366525412, 'epoch': 0.09}
[1A
[1A  5%|▍         | 23/500 [02:16<46:20,  5.83s/it]
[1A  5%|▍         | 24/500 [02:22<46:28,  5.86s/it]
[1A                                                
{'loss': 1.1036, 'grad_norm': 0.4953804612159729, 'learning_rate': 9.54e-05, 'num_tokens': 63646.0, 'mean_token_accuracy': 0.6445862483233213, 'epoch': 0.1}
[1A
[1A  5%|▍         | 24/500 [02:22<46:28,  5.86s/it]
[1A  5%|▌         | 25/500 [02:27<45:47,  5.78s/it]
[1A                                                
{'loss': 1.0281, 'grad_norm': 0.47033753991127014, 'learning_rate': 9.52e-05, 'num_tokens': 66402.0, 'mean_token_accuracy': 0.6835672222077847, 'epoch': 0.1}
[1A
[1A  5%|▌         | 25/500 [02:27<45:47,  5.78s/it]
[1A  5%|▌         | 26/500 [02:33<45:57,  5.82s/it]
[1A                                                
{'loss': 0.9797, 'grad_norm': 0.4522404074668884, 'learning_rate': 9.5e-05, 'num_tokens': 69036.0, 'mean_token_accuracy': 0.6906688492745161, 'epoch': 0.1}
[1A
[1A  5%|▌         | 26/500 [02:33<45:57,  5.82s/it]
[1A  5%|▌         | 27/500 [02:39<46:00,  5.84s/it]
[1A                                                
{'loss': 1.1511, 'grad_norm': 0.5323237776756287, 'learning_rate': 9.48e-05, 'num_tokens': 71433.0, 'mean_token_accuracy': 0.6365953106433153, 'epoch': 0.11}
[1A
[1A  5%|▌         | 27/500 [02:39<46:00,  5.84s/it]
[1A  6%|▌         | 28/500 [02:45<45:28,  5.78s/it]
[1A                                                
{'loss': 0.941, 'grad_norm': 0.4424988031387329, 'learning_rate': 9.46e-05, 'num_tokens': 74222.0, 'mean_token_accuracy': 0.7039662748575211, 'epoch': 0.11}
[1A
[1A  6%|▌         | 28/500 [02:45<45:28,  5.78s/it]
[1A  6%|▌         | 29/500 [02:51<45:41,  5.82s/it]
[1A                                                
{'loss': 0.9389, 'grad_norm': 0.43852758407592773, 'learning_rate': 9.44e-05, 'num_tokens': 76746.0, 'mean_token_accuracy': 0.6930613536387682, 'epoch': 0.12}
[1A
[1A  6%|▌         | 29/500 [02:51<45:41,  5.82s/it]
[1A  6%|▌         | 30/500 [02:57<45:54,  5.86s/it]
[1A                                                
{'loss': 0.9568, 'grad_norm': 0.45292744040489197, 'learning_rate': 9.42e-05, 'num_tokens': 79448.0, 'mean_token_accuracy': 0.6960435938090086, 'epoch': 0.12}
[1A
[1A  6%|▌         | 30/500 [02:57<45:54,  5.86s/it]
[1A  6%|▌         | 31/500 [03:03<46:09,  5.91s/it]
[1A                                                
{'loss': 0.9392, 'grad_norm': 0.4353039264678955, 'learning_rate': 9.4e-05, 'num_tokens': 82082.0, 'mean_token_accuracy': 0.6904423087835312, 'epoch': 0.12}
[1A
[1A  6%|▌         | 31/500 [03:03<46:09,  5.91s/it]
[1A  6%|▋         | 32/500 [03:08<45:36,  5.85s/it]
[1A                                                
{'loss': 0.9013, 'grad_norm': 0.4069993793964386, 'learning_rate': 9.38e-05, 'num_tokens': 84970.0, 'mean_token_accuracy': 0.7219806462526321, 'epoch': 0.13}
[1A
[1A  6%|▋         | 32/500 [03:08<45:36,  5.85s/it]
[1A  7%|▋         | 33/500 [03:14<45:29,  5.84s/it]
[1A                                                
{'loss': 0.9337, 'grad_norm': 0.4627871811389923, 'learning_rate': 9.360000000000001e-05, 'num_tokens': 87572.0, 'mean_token_accuracy': 0.6968602649867535, 'epoch': 0.13}
[1A
[1A  7%|▋         | 33/500 [03:14<45:29,  5.84s/it]
{'loss': 1.0182, 'grad_norm': 0.5071948170661926, 'learning_rate': 9.340000000000001e-05, 'num_tokens': 89936.0, 'mean_token_accuracy': 0.6281737685203552, 'epoch': 0.14}
[1A  7%|▋         | 34/500 [03:20<45:06,  5.81s/it]
[1A                                                
[1A
[1A  7%|▋         | 34/500 [03:20<45:06,  5.81s/it]
[1A  7%|▋         | 35/500 [03:26<45:01,  5.81s/it]
[1A                                                
{'loss': 1.0837, 'grad_norm': 0.5541221499443054, 'learning_rate': 9.320000000000002e-05, 'num_tokens': 92364.0, 'mean_token_accuracy': 0.6498096194118261, 'epoch': 0.14}
[1A
[1A  7%|▋         | 35/500 [03:26<45:01,  5.81s/it]
[1A  7%|▋         | 36/500 [03:32<44:53,  5.80s/it]
[1A                                                
{'loss': 0.9679, 'grad_norm': 0.4322282075881958, 'learning_rate': 9.300000000000001e-05, 'num_tokens': 94868.0, 'mean_token_accuracy': 0.6737881693989038, 'epoch': 0.14}
[1A
[1A  7%|▋         | 36/500 [03:32<44:53,  5.80s/it]
[1A  7%|▋         | 37/500 [03:38<45:57,  5.96s/it]
[1A                                                
{'loss': 1.0502, 'grad_norm': 0.513584554195404, 'learning_rate': 9.28e-05, 'num_tokens': 97271.0, 'mean_token_accuracy': 0.6482875104993582, 'epoch': 0.15}
[1A
[1A  7%|▋         | 37/500 [03:38<45:57,  5.96s/it]
[1A  8%|▊         | 38/500 [03:44<45:49,  5.95s/it]
[1A                                                
{'loss': 0.9238, 'grad_norm': 0.3904167115688324, 'learning_rate': 9.260000000000001e-05, 'num_tokens': 99924.0, 'mean_token_accuracy': 0.7015900276601315, 'epoch': 0.15}
[1A
[1A  8%|▊         | 38/500 [03:44<45:49,  5.95s/it]
[1A  8%|▊         | 39/500 [03:50<45:17,  5.89s/it]
[1A                                                
{'loss': 0.8164, 'grad_norm': 0.3915886878967285, 'learning_rate': 9.240000000000001e-05, 'num_tokens': 102881.0, 'mean_token_accuracy': 0.7525453753769398, 'epoch': 0.16}
[1A
[1A  8%|▊         | 39/500 [03:50<45:17,  5.89s/it]
[1A  8%|▊         | 40/500 [03:55<45:08,  5.89s/it]
[1A                                                
{'loss': 0.9278, 'grad_norm': 0.42140814661979675, 'learning_rate': 9.22e-05, 'num_tokens': 105373.0, 'mean_token_accuracy': 0.6856631934642792, 'epoch': 0.16}
[1A
[1A  8%|▊         | 40/500 [03:55<45:08,  5.89s/it]
[1A  8%|▊         | 41/500 [04:01<44:51,  5.86s/it]
[1A                                                
{'loss': 0.8368, 'grad_norm': 0.4514712989330292, 'learning_rate': 9.200000000000001e-05, 'num_tokens': 107949.0, 'mean_token_accuracy': 0.7260988764464855, 'epoch': 0.16}
[1A
[1A  8%|▊         | 41/500 [04:01<44:51,  5.86s/it]
[1A  8%|▊         | 42/500 [04:07<44:50,  5.87s/it]
[1A                                                
{'loss': 0.9848, 'grad_norm': 0.5047720074653625, 'learning_rate': 9.180000000000001e-05, 'num_tokens': 110326.0, 'mean_token_accuracy': 0.6753436028957367, 'epoch': 0.17}
[1A
[1A  8%|▊         | 42/500 [04:07<44:50,  5.87s/it]
[1A  9%|▊         | 43/500 [04:13<44:50,  5.89s/it]
[1A                                                
{'loss': 0.912, 'grad_norm': 0.3915182054042816, 'learning_rate': 9.16e-05, 'num_tokens': 112937.0, 'mean_token_accuracy': 0.6926999259740114, 'epoch': 0.17}
[1A
[1A  9%|▊         | 43/500 [04:13<44:50,  5.89s/it]
[1A  9%|▉         | 44/500 [04:19<44:08,  5.81s/it]
[1A                                                
{'loss': 0.9035, 'grad_norm': 0.4096207618713379, 'learning_rate': 9.140000000000001e-05, 'num_tokens': 115491.0, 'mean_token_accuracy': 0.6923994440585375, 'epoch': 0.18}
[1A
[1A  9%|▉         | 44/500 [04:19<44:08,  5.81s/it]
[1A  9%|▉         | 45/500 [04:25<44:04,  5.81s/it]
[1A                                                
{'loss': 0.8193, 'grad_norm': 0.4319970905780792, 'learning_rate': 9.120000000000001e-05, 'num_tokens': 118396.0, 'mean_token_accuracy': 0.7272492088377476, 'epoch': 0.18}
[1A
[1A  9%|▉         | 45/500 [04:25<44:04,  5.81s/it]
[1A  9%|▉         | 46/500 [04:30<43:52,  5.80s/it]
[1A                                                
[1A
{'loss': 0.9648, 'grad_norm': 0.39934298396110535, 'learning_rate': 9.1e-05, 'num_tokens': 121020.0, 'mean_token_accuracy': 0.68691067956388, 'epoch': 0.18}
[1A  9%|▉         | 46/500 [04:30<43:52,  5.80s/it]
[1A  9%|▉         | 47/500 [04:36<43:17,  5.73s/it]
[1A                                                
{'loss': 0.8652, 'grad_norm': 0.36174535751342773, 'learning_rate': 9.080000000000001e-05, 'num_tokens': 123868.0, 'mean_token_accuracy': 0.7294472102075815, 'epoch': 0.19}
[1A
[1A  9%|▉         | 47/500 [04:36<43:17,  5.73s/it]
[1A 10%|▉         | 48/500 [04:42<45:01,  5.98s/it]
[1A                                                
{'loss': 1.0154, 'grad_norm': 0.521490216255188, 'learning_rate': 9.06e-05, 'num_tokens': 126272.0, 'mean_token_accuracy': 0.6636492796242237, 'epoch': 0.19}
[1A
[1A 10%|▉         | 48/500 [04:42<45:01,  5.98s/it]
[1A 10%|▉         | 49/500 [04:49<45:50,  6.10s/it]
[1A                                                
{'loss': 0.8628, 'grad_norm': 0.4284456968307495, 'learning_rate': 9.04e-05, 'num_tokens': 128921.0, 'mean_token_accuracy': 0.7441810816526413, 'epoch': 0.2}
[1A
[1A 10%|▉         | 49/500 [04:49<45:50,  6.10s/it]
[1A 10%|█         | 50/500 [04:55<46:04,  6.14s/it]
[1A                                                
{'loss': 0.8649, 'grad_norm': 0.41494762897491455, 'learning_rate': 9.020000000000001e-05, 'num_tokens': 131715.0, 'mean_token_accuracy': 0.7176258601248264, 'epoch': 0.2}
[1A
[1A 10%|█         | 50/500 [04:55<46:04,  6.14s/it]
[1A 10%|█         | 51/500 [05:01<45:24,  6.07s/it]
[1A                                                
[1A
{'loss': 0.8763, 'grad_norm': 0.378316730260849, 'learning_rate': 9e-05, 'num_tokens': 134449.0, 'mean_token_accuracy': 0.7160105407238007, 'epoch': 0.2}
[1A 10%|█         | 51/500 [05:01<45:24,  6.07s/it]
[1A 10%|█         | 52/500 [05:07<44:59,  6.03s/it]                            
{'loss': 0.8099, 'grad_norm': 0.3758799135684967, 'learning_rate': 8.98e-05, 'num_tokens': 137440.0, 'mean_token_accuracy': 0.7558793611824512, 'epoch': 0.21}
[1A
[1A 10%|█         | 52/500 [05:07<44:59,  6.03s/it]
[1A 11%|█         | 53/500 [05:12<43:52,  5.89s/it]
[1A                                                
{'loss': 0.8974, 'grad_norm': 0.40712371468544006, 'learning_rate': 8.960000000000001e-05, 'num_tokens': 140089.0, 'mean_token_accuracy': 0.7019643019884825, 'epoch': 0.21}
[1A
[1A 11%|█         | 53/500 [05:12<43:52,  5.89s/it]
[1A 11%|█         | 54/500 [05:18<43:34,  5.86s/it]
[1A                                                
{'loss': 0.839, 'grad_norm': 0.3713276982307434, 'learning_rate': 8.94e-05, 'num_tokens': 142985.0, 'mean_token_accuracy': 0.7319494932889938, 'epoch': 0.22}
[1A
[1A 11%|█         | 54/500 [05:18<43:34,  5.86s/it]
[1A 11%|█         | 55/500 [05:24<43:17,  5.84s/it]
[1A                                                
{'loss': 0.9264, 'grad_norm': 0.4253756105899811, 'learning_rate': 8.92e-05, 'num_tokens': 145411.0, 'mean_token_accuracy': 0.6689719930291176, 'epoch': 0.22}
[1A
[1A 11%|█         | 55/500 [05:24<43:17,  5.84s/it]
[1A 11%|█         | 56/500 [05:30<42:32,  5.75s/it]                            
{'loss': 0.8916, 'grad_norm': 0.3779750168323517, 'learning_rate': 8.900000000000001e-05, 'num_tokens': 148127.0, 'mean_token_accuracy': 0.7023780234158039, 'epoch': 0.22}
[1A
[1A 11%|█         | 56/500 [05:30<42:32,  5.75s/it]
[1A 11%|█▏        | 57/500 [05:36<43:36,  5.91s/it]
[1A                                                
{'loss': 0.9373, 'grad_norm': 0.4215584993362427, 'learning_rate': 8.88e-05, 'num_tokens': 150722.0, 'mean_token_accuracy': 0.694702846929431, 'epoch': 0.23}
[1A
[1A 11%|█▏        | 57/500 [05:36<43:36,  5.91s/it]
[1A 12%|█▏        | 58/500 [05:42<43:25,  5.89s/it]
[1A                                                
{'loss': 0.852, 'grad_norm': 0.419368714094162, 'learning_rate': 8.86e-05, 'num_tokens': 153415.0, 'mean_token_accuracy': 0.7084321081638336, 'epoch': 0.23}
[1A
[1A 12%|█▏        | 58/500 [05:42<43:25,  5.89s/it]
[1A 12%|█▏        | 59/500 [05:48<43:53,  5.97s/it]
[1A                                                
{'loss': 0.8078, 'grad_norm': 0.39869898557662964, 'learning_rate': 8.840000000000001e-05, 'num_tokens': 156270.0, 'mean_token_accuracy': 0.7257080376148224, 'epoch': 0.24}
[1A
[1A 12%|█▏        | 59/500 [05:48<43:53,  5.97s/it]
[1A 12%|█▏        | 60/500 [05:54<43:24,  5.92s/it]
{'loss': 0.8389, 'grad_norm': 0.38565027713775635, 'learning_rate': 8.82e-05, 'num_tokens': 159103.0, 'mean_token_accuracy': 0.7302218843251467, 'epoch': 0.24}
[1A                                                
[1A
[1A 12%|█▏        | 60/500 [05:54<43:24,  5.92s/it]
[1A 12%|█▏        | 61/500 [06:00<44:41,  6.11s/it]
[1A                                                
{'loss': 0.8915, 'grad_norm': 0.4020477533340454, 'learning_rate': 8.800000000000001e-05, 'num_tokens': 161571.0, 'mean_token_accuracy': 0.6932942718267441, 'epoch': 0.24}
[1A
[1A 12%|█▏        | 61/500 [06:00<44:41,  6.11s/it]
[1A 12%|█▏        | 62/500 [06:06<43:58,  6.02s/it]
[1A                                                
{'loss': 0.8216, 'grad_norm': 0.409473717212677, 'learning_rate': 8.78e-05, 'num_tokens': 164266.0, 'mean_token_accuracy': 0.7366618402302265, 'epoch': 0.25}
[1A
[1A 12%|█▏        | 62/500 [06:06<43:58,  6.02s/it]
[1A 13%|█▎        | 63/500 [06:12<43:25,  5.96s/it]
[1A                                                
{'loss': 0.8055, 'grad_norm': 0.4026293158531189, 'learning_rate': 8.76e-05, 'num_tokens': 167060.0, 'mean_token_accuracy': 0.734260480850935, 'epoch': 0.25}
[1A
[1A 13%|█▎        | 63/500 [06:12<43:25,  5.96s/it]
[1A 13%|█▎        | 64/500 [06:18<44:34,  6.13s/it]
[1A                                                
{'loss': 0.8433, 'grad_norm': 0.4225516617298126, 'learning_rate': 8.740000000000001e-05, 'num_tokens': 169808.0, 'mean_token_accuracy': 0.7253100890666246, 'epoch': 0.26}
[1A
[1A 13%|█▎        | 64/500 [06:18<44:34,  6.13s/it]
[1A 13%|█▎        | 65/500 [06:24<43:14,  5.96s/it]
[1A                                                
{'loss': 0.8183, 'grad_norm': 0.3961472511291504, 'learning_rate': 8.72e-05, 'num_tokens': 172669.0, 'mean_token_accuracy': 0.7337490133941174, 'epoch': 0.26}
[1A
[1A 13%|█▎        | 65/500 [06:24<43:14,  5.96s/it]
[1A 13%|█▎        | 66/500 [06:30<42:48,  5.92s/it]
[1A                                                
{'loss': 0.8156, 'grad_norm': 0.4045562148094177, 'learning_rate': 8.7e-05, 'num_tokens': 175365.0, 'mean_token_accuracy': 0.7312779314815998, 'epoch': 0.26}
[1A
[1A 13%|█▎        | 66/500 [06:30<42:48,  5.92s/it]
[1A 13%|█▎        | 67/500 [06:36<42:30,  5.89s/it]
[1A                                                
{'loss': 0.8069, 'grad_norm': 0.40777918696403503, 'learning_rate': 8.680000000000001e-05, 'num_tokens': 178296.0, 'mean_token_accuracy': 0.7382668517529964, 'epoch': 0.27}
[1A
[1A 13%|█▎        | 67/500 [06:36<42:30,  5.89s/it]
[1A 14%|█▎        | 68/500 [06:42<42:39,  5.93s/it]
[1A                                                
{'loss': 0.9378, 'grad_norm': 0.4877890646457672, 'learning_rate': 8.66e-05, 'num_tokens': 180705.0, 'mean_token_accuracy': 0.6887215226888657, 'epoch': 0.27}
[1A
[1A 14%|█▎        | 68/500 [06:42<42:39,  5.93s/it]
[1A 14%|█▍        | 69/500 [06:48<43:31,  6.06s/it]                            
{'loss': 0.8542, 'grad_norm': 0.44328543543815613, 'learning_rate': 8.64e-05, 'num_tokens': 183176.0, 'mean_token_accuracy': 0.7011075392365456, 'epoch': 0.28}
[1A
[1A 14%|█▍        | 69/500 [06:48<43:31,  6.06s/it]
[1A 14%|█▍        | 70/500 [06:54<44:00,  6.14s/it]
[1A                                                
{'loss': 0.8666, 'grad_norm': 0.4194267988204956, 'learning_rate': 8.620000000000001e-05, 'num_tokens': 185849.0, 'mean_token_accuracy': 0.7026844546198845, 'epoch': 0.28}
[1A
[1A 14%|█▍        | 70/500 [06:54<44:00,  6.14s/it]
[1A 14%|█▍        | 71/500 [07:00<43:30,  6.09s/it]
[1A                                                
{'loss': 0.829, 'grad_norm': 0.45759814977645874, 'learning_rate': 8.6e-05, 'num_tokens': 188385.0, 'mean_token_accuracy': 0.7048451565206051, 'epoch': 0.28}
[1A
[1A 14%|█▍        | 71/500 [07:00<43:30,  6.09s/it]
[1A 14%|█▍        | 72/500 [07:06<42:52,  6.01s/it]                            
{'loss': 0.8734, 'grad_norm': 0.43354424834251404, 'learning_rate': 8.58e-05, 'num_tokens': 191135.0, 'mean_token_accuracy': 0.7111401297152042, 'epoch': 0.29}
[1A
[1A 14%|█▍        | 72/500 [07:06<42:52,  6.01s/it]
[1A 15%|█▍        | 73/500 [07:12<42:15,  5.94s/it]
[1A                                                
{'loss': 0.9279, 'grad_norm': 0.4848240315914154, 'learning_rate': 8.560000000000001e-05, 'num_tokens': 193715.0, 'mean_token_accuracy': 0.703343715518713, 'epoch': 0.29}
[1A
[1A 15%|█▍        | 73/500 [07:12<42:15,  5.94s/it]
[1A 15%|█▍        | 74/500 [07:18<42:12,  5.95s/it]
[1A                                                
{'loss': 0.7845, 'grad_norm': 0.3981214165687561, 'learning_rate': 8.54e-05, 'num_tokens': 196428.0, 'mean_token_accuracy': 0.7299790773540735, 'epoch': 0.3}
[1A
[1A 15%|█▍        | 74/500 [07:18<42:12,  5.95s/it]
[1A 15%|█▌        | 75/500 [07:24<42:25,  5.99s/it]
[1A                                                
{'loss': 0.8353, 'grad_norm': 0.4296509623527527, 'learning_rate': 8.52e-05, 'num_tokens': 199086.0, 'mean_token_accuracy': 0.7179394848644733, 'epoch': 0.3}
[1A
[1A 15%|█▌        | 75/500 [07:24<42:25,  5.99s/it]
[1A 15%|█▌        | 76/500 [07:30<42:13,  5.97s/it]
[1A                                                
{'loss': 0.7496, 'grad_norm': 0.3642699420452118, 'learning_rate': 8.5e-05, 'num_tokens': 202086.0, 'mean_token_accuracy': 0.7593010514974594, 'epoch': 0.3}
[1A
[1A 15%|█▌        | 76/500 [07:30<42:13,  5.97s/it]
[1A 15%|█▌        | 77/500 [07:36<42:20,  6.01s/it]
[1A                                                
{'loss': 0.8414, 'grad_norm': 0.4446576237678528, 'learning_rate': 8.48e-05, 'num_tokens': 204680.0, 'mean_token_accuracy': 0.718469575047493, 'epoch': 0.31}
[1A
[1A 15%|█▌        | 77/500 [07:36<42:20,  6.01s/it]
[1A 16%|█▌        | 78/500 [07:42<41:31,  5.90s/it]
[1A                                                
{'loss': 0.8134, 'grad_norm': 0.48769280314445496, 'learning_rate': 8.46e-05, 'num_tokens': 207292.0, 'mean_token_accuracy': 0.719324404373765, 'epoch': 0.31}
[1A
[1A 16%|█▌        | 78/500 [07:42<41:31,  5.90s/it]
[1A 16%|█▌        | 79/500 [07:48<41:25,  5.90s/it]
[1A                                                
{'loss': 0.7989, 'grad_norm': 0.422715961933136, 'learning_rate': 8.44e-05, 'num_tokens': 210124.0, 'mean_token_accuracy': 0.7396274097263813, 'epoch': 0.32}
[1A
[1A 16%|█▌        | 79/500 [07:48<41:25,  5.90s/it]
[1A 16%|█▌        | 80/500 [07:54<41:29,  5.93s/it]
[1A                                                
{'loss': 0.7719, 'grad_norm': 0.4517303705215454, 'learning_rate': 8.42e-05, 'num_tokens': 212635.0, 'mean_token_accuracy': 0.7257197555154562, 'epoch': 0.32}
[1A
[1A 16%|█▌        | 80/500 [07:54<41:29,  5.93s/it]
[1A 16%|█▌        | 81/500 [08:00<41:32,  5.95s/it]
[1A                                                
{'loss': 0.8068, 'grad_norm': 0.4744318127632141, 'learning_rate': 8.4e-05, 'num_tokens': 215481.0, 'mean_token_accuracy': 0.7287096753716469, 'epoch': 0.32}
[1A
[1A 16%|█▌        | 81/500 [08:00<41:32,  5.95s/it]
[1A 16%|█▋        | 82/500 [08:06<41:53,  6.01s/it]
[1A                                                
{'loss': 0.8043, 'grad_norm': 0.4168558716773987, 'learning_rate': 8.38e-05, 'num_tokens': 218304.0, 'mean_token_accuracy': 0.7425414063036442, 'epoch': 0.33}
[1A
[1A 16%|█▋        | 82/500 [08:06<41:53,  6.01s/it]
[1A 17%|█▋        | 83/500 [08:12<41:37,  5.99s/it]
[1A                                                
{'loss': 0.8429, 'grad_norm': 0.43605920672416687, 'learning_rate': 8.36e-05, 'num_tokens': 221134.0, 'mean_token_accuracy': 0.7299336157739162, 'epoch': 0.33}
[1A
[1A 17%|█▋        | 83/500 [08:12<41:37,  5.99s/it]
[1A 17%|█▋        | 84/500 [08:17<40:54,  5.90s/it]
[1A                                                
{'loss': 0.7603, 'grad_norm': 0.42505791783332825, 'learning_rate': 8.34e-05, 'num_tokens': 223728.0, 'mean_token_accuracy': 0.7493204213678837, 'epoch': 0.34}
[1A
[1A 17%|█▋        | 84/500 [08:17<40:54,  5.90s/it]
[1A 17%|█▋        | 85/500 [08:23<40:42,  5.89s/it]
[1A                                                
{'loss': 0.863, 'grad_norm': 0.4410744905471802, 'learning_rate': 8.32e-05, 'num_tokens': 226196.0, 'mean_token_accuracy': 0.6752773113548756, 'epoch': 0.34}
[1A
[1A 17%|█▋        | 85/500 [08:23<40:42,  5.89s/it]
[1A 17%|█▋        | 86/500 [08:29<40:41,  5.90s/it]
[1A                                                
{'loss': 0.7568, 'grad_norm': 0.43553996086120605, 'learning_rate': 8.3e-05, 'num_tokens': 228962.0, 'mean_token_accuracy': 0.7445522546768188, 'epoch': 0.34}
[1A
[1A 17%|█▋        | 86/500 [08:29<40:41,  5.90s/it]
[1A 17%|█▋        | 87/500 [08:35<40:07,  5.83s/it]
[1A                                                
{'loss': 0.8167, 'grad_norm': 0.4750758409500122, 'learning_rate': 8.28e-05, 'num_tokens': 231605.0, 'mean_token_accuracy': 0.721099367365241, 'epoch': 0.35}
[1A
[1A 17%|█▋        | 87/500 [08:35<40:07,  5.83s/it]
[1A 18%|█▊        | 88/500 [08:41<40:24,  5.88s/it]
[1A                                                
{'loss': 0.8567, 'grad_norm': 0.4665660858154297, 'learning_rate': 8.26e-05, 'num_tokens': 234250.0, 'mean_token_accuracy': 0.7049342356622219, 'epoch': 0.35}
[1A
[1A 18%|█▊        | 88/500 [08:41<40:24,  5.88s/it]
[1A 18%|█▊        | 89/500 [08:47<40:15,  5.88s/it]
[1A                                                
{'loss': 0.7699, 'grad_norm': 0.4634150564670563, 'learning_rate': 8.24e-05, 'num_tokens': 237210.0, 'mean_token_accuracy': 0.7586165219545364, 'epoch': 0.36}
[1A
[1A 18%|█▊        | 89/500 [08:47<40:15,  5.88s/it]
[1A 18%|█▊        | 90/500 [08:52<39:34,  5.79s/it]
[1A                                                
{'loss': 0.753, 'grad_norm': 0.4805243909358978, 'learning_rate': 8.22e-05, 'num_tokens': 239987.0, 'mean_token_accuracy': 0.7521930150687695, 'epoch': 0.36}
[1A
[1A 18%|█▊        | 90/500 [08:52<39:34,  5.79s/it]
[1A 18%|█▊        | 91/500 [08:58<40:03,  5.88s/it]
[1A                                                
{'loss': 0.7625, 'grad_norm': 0.44141685962677, 'learning_rate': 8.2e-05, 'num_tokens': 242846.0, 'mean_token_accuracy': 0.7520007863640785, 'epoch': 0.36}
[1A
[1A 18%|█▊        | 91/500 [08:58<40:03,  5.88s/it]
[1A 18%|█▊        | 92/500 [09:04<40:38,  5.98s/it]
[1A                                                
{'loss': 0.9846, 'grad_norm': 0.5560342073440552, 'learning_rate': 8.18e-05, 'num_tokens': 245126.0, 'mean_token_accuracy': 0.6774890385568142, 'epoch': 0.37}
[1A
[1A 18%|█▊        | 92/500 [09:04<40:38,  5.98s/it]
[1A 19%|█▊        | 93/500 [09:10<39:44,  5.86s/it]
[1A                                                
{'loss': 0.7669, 'grad_norm': 0.4400533437728882, 'learning_rate': 8.16e-05, 'num_tokens': 247917.0, 'mean_token_accuracy': 0.737719027325511, 'epoch': 0.37}
[1A
[1A 19%|█▊        | 93/500 [09:10<39:44,  5.86s/it]
[1A 19%|█▉        | 94/500 [09:16<39:25,  5.83s/it]
[1A                                                
{'loss': 0.9018, 'grad_norm': 0.46662187576293945, 'learning_rate': 8.14e-05, 'num_tokens': 250239.0, 'mean_token_accuracy': 0.6714935675263405, 'epoch': 0.38}
[1A
[1A 19%|█▉        | 94/500 [09:16<39:25,  5.83s/it]
[1A 19%|█▉        | 95/500 [09:22<39:14,  5.81s/it]
[1A                                                
{'loss': 0.7858, 'grad_norm': 0.44010666012763977, 'learning_rate': 8.120000000000001e-05, 'num_tokens': 253112.0, 'mean_token_accuracy': 0.7454380504786968, 'epoch': 0.38}
[1A
[1A 19%|█▉        | 95/500 [09:22<39:14,  5.81s/it]
[1A 19%|█▉        | 96/500 [09:27<38:32,  5.72s/it]
[1A                                                
{'loss': 0.8036, 'grad_norm': 0.4639792740345001, 'learning_rate': 8.1e-05, 'num_tokens': 255697.0, 'mean_token_accuracy': 0.7076985742896795, 'epoch': 0.38}
[1A
[1A 19%|█▉        | 96/500 [09:27<38:32,  5.72s/it]
[1A 19%|█▉        | 97/500 [09:33<38:43,  5.76s/it]
[1A                                                
{'loss': 0.8302, 'grad_norm': 0.4854762852191925, 'learning_rate': 8.080000000000001e-05, 'num_tokens': 258174.0, 'mean_token_accuracy': 0.7104822807013988, 'epoch': 0.39}
[1A
[1A 19%|█▉        | 97/500 [09:33<38:43,  5.76s/it]
[1A 20%|█▉        | 98/500 [09:39<38:45,  5.79s/it]
[1A                                                
{'loss': 0.8906, 'grad_norm': 0.5492729544639587, 'learning_rate': 8.060000000000001e-05, 'num_tokens': 260660.0, 'mean_token_accuracy': 0.6951114274561405, 'epoch': 0.39}
[1A
[1A 20%|█▉        | 98/500 [09:39<38:45,  5.79s/it]
[1A 20%|█▉        | 99/500 [09:44<38:22,  5.74s/it]                            
{'loss': 0.7883, 'grad_norm': 0.4278615117073059, 'learning_rate': 8.04e-05, 'num_tokens': 263424.0, 'mean_token_accuracy': 0.7309390995651484, 'epoch': 0.4}
[1A
[1A 20%|█▉        | 99/500 [09:44<38:22,  5.74s/it]
[1A 20%|██        | 100/500 [09:50<38:22,  5.76s/it]
[1A                                                 
{'loss': 0.8326, 'grad_norm': 0.5241637229919434, 'learning_rate': 8.020000000000001e-05, 'num_tokens': 265900.0, 'mean_token_accuracy': 0.7087542712688446, 'epoch': 0.4}
[1A
[1A 20%|██        | 100/500 [09:50<38:22,  5.76s/it]
[1A 20%|██        | 101/500 [09:56<38:38,  5.81s/it]
[1A                                                 
{'loss': 0.8312, 'grad_norm': 0.46036845445632935, 'learning_rate': 8e-05, 'num_tokens': 268638.0, 'mean_token_accuracy': 0.7272193171083927, 'epoch': 0.4}
[1A
[1A 20%|██        | 101/500 [09:56<38:38,  5.81s/it]
[1A 20%|██        | 102/500 [10:02<38:01,  5.73s/it]
[1A                                                 
{'loss': 0.7851, 'grad_norm': 0.4736107289791107, 'learning_rate': 7.98e-05, 'num_tokens': 271278.0, 'mean_token_accuracy': 0.7440343871712685, 'epoch': 0.41}
[1A
[1A 20%|██        | 102/500 [10:02<38:01,  5.73s/it]
[1A 21%|██        | 103/500 [10:08<38:02,  5.75s/it]
[1A                                                 
{'loss': 0.818, 'grad_norm': 0.5022318959236145, 'learning_rate': 7.960000000000001e-05, 'num_tokens': 273789.0, 'mean_token_accuracy': 0.7043123207986355, 'epoch': 0.41}
[1A
[1A 21%|██        | 103/500 [10:08<38:02,  5.75s/it]
[1A 21%|██        | 104/500 [10:13<37:52,  5.74s/it]
[1A                                                 
{'loss': 0.8064, 'grad_norm': 0.4754132032394409, 'learning_rate': 7.94e-05, 'num_tokens': 276569.0, 'mean_token_accuracy': 0.7277729157358408, 'epoch': 0.42}
[1A
[1A 21%|██        | 104/500 [10:13<37:52,  5.74s/it]
[1A 21%|██        | 105/500 [10:19<37:48,  5.74s/it]
[1A                                                 
{'loss': 0.7883, 'grad_norm': 0.5012879967689514, 'learning_rate': 7.920000000000001e-05, 'num_tokens': 279094.0, 'mean_token_accuracy': 0.7121283393353224, 'epoch': 0.42}
[1A
[1A 21%|██        | 105/500 [10:19<37:48,  5.74s/it]
[1A 21%|██        | 106/500 [10:25<37:23,  5.69s/it]
[1A                                                 
{'loss': 0.8407, 'grad_norm': 0.4870470464229584, 'learning_rate': 7.900000000000001e-05, 'num_tokens': 281737.0, 'mean_token_accuracy': 0.7015863005071878, 'epoch': 0.42}
[1A
[1A 21%|██        | 106/500 [10:25<37:23,  5.69s/it]
[1A 21%|██▏       | 107/500 [10:30<37:16,  5.69s/it]
[1A                                                 
{'loss': 0.7768, 'grad_norm': 0.4728921353816986, 'learning_rate': 7.88e-05, 'num_tokens': 284505.0, 'mean_token_accuracy': 0.7474900260567665, 'epoch': 0.43}
[1A
[1A 21%|██▏       | 107/500 [10:30<37:16,  5.69s/it]
[1A 22%|██▏       | 108/500 [10:36<36:51,  5.64s/it]
[1A                                                 
{'loss': 0.8505, 'grad_norm': 0.46724724769592285, 'learning_rate': 7.860000000000001e-05, 'num_tokens': 287101.0, 'mean_token_accuracy': 0.7208919748663902, 'epoch': 0.43}
[1A
[1A 22%|██▏       | 108/500 [10:36<36:51,  5.64s/it]
[1A 22%|██▏       | 109/500 [10:42<37:08,  5.70s/it]
[1A                                                 
{'loss': 0.8152, 'grad_norm': 0.5482228994369507, 'learning_rate': 7.840000000000001e-05, 'num_tokens': 289579.0, 'mean_token_accuracy': 0.6997396573424339, 'epoch': 0.44}
[1A
[1A 22%|██▏       | 109/500 [10:42<37:08,  5.70s/it]
[1A 22%|██▏       | 110/500 [10:48<37:49,  5.82s/it]
[1A                                                 
{'loss': 0.7702, 'grad_norm': 0.48852381110191345, 'learning_rate': 7.82e-05, 'num_tokens': 292069.0, 'mean_token_accuracy': 0.7246985174715519, 'epoch': 0.44}
[1A
[1A 22%|██▏       | 110/500 [10:48<37:49,  5.82s/it]
[1A 22%|██▏       | 111/500 [10:53<37:27,  5.78s/it]
[1A                                                 
{'loss': 0.8258, 'grad_norm': 0.4759443402290344, 'learning_rate': 7.800000000000001e-05, 'num_tokens': 294579.0, 'mean_token_accuracy': 0.7157758362591267, 'epoch': 0.44}
[1A
[1A 22%|██▏       | 111/500 [10:53<37:27,  5.78s/it]
[1A 22%|██▏       | 112/500 [10:59<37:31,  5.80s/it]
[1A                                                 
{'loss': 0.8416, 'grad_norm': 0.554672360420227, 'learning_rate': 7.780000000000001e-05, 'num_tokens': 297057.0, 'mean_token_accuracy': 0.70829370431602, 'epoch': 0.45}
[1A
[1A 22%|██▏       | 112/500 [10:59<37:31,  5.80s/it]
[1A 23%|██▎       | 113/500 [11:05<37:52,  5.87s/it]
[1A                                                 
[1A
{'loss': 0.8267, 'grad_norm': 0.4817184507846832, 'learning_rate': 7.76e-05, 'num_tokens': 299989.0, 'mean_token_accuracy': 0.7318366393446922, 'epoch': 0.45}
[1A 23%|██▎       | 113/500 [11:05<37:52,  5.87s/it]
[1A 23%|██▎       | 114/500 [11:11<37:32,  5.84s/it]
[1A                                                 
{'loss': 0.8142, 'grad_norm': 0.5331646800041199, 'learning_rate': 7.740000000000001e-05, 'num_tokens': 302547.0, 'mean_token_accuracy': 0.7063200641423464, 'epoch': 0.46}
[1A
[1A 23%|██▎       | 114/500 [11:11<37:32,  5.84s/it]
[1A 23%|██▎       | 115/500 [11:17<36:56,  5.76s/it]
[1A                                                 
{'loss': 0.6911, 'grad_norm': 0.5176128149032593, 'learning_rate': 7.72e-05, 'num_tokens': 305388.0, 'mean_token_accuracy': 0.7691720370203257, 'epoch': 0.46}
[1A
[1A 23%|██▎       | 115/500 [11:17<36:56,  5.76s/it]
[1A 23%|██▎       | 116/500 [11:23<37:36,  5.88s/it]
[1A                                                 
{'loss': 0.7927, 'grad_norm': 0.4608902335166931, 'learning_rate': 7.7e-05, 'num_tokens': 307874.0, 'mean_token_accuracy': 0.7184560708701611, 'epoch': 0.46}
[1A
[1A 23%|██▎       | 116/500 [11:23<37:36,  5.88s/it]
[1A 23%|██▎       | 117/500 [11:29<37:42,  5.91s/it]
[1A                                                 
{'loss': 0.7337, 'grad_norm': 0.4399155080318451, 'learning_rate': 7.680000000000001e-05, 'num_tokens': 310660.0, 'mean_token_accuracy': 0.7583477087318897, 'epoch': 0.47}
[1A
[1A 23%|██▎       | 117/500 [11:29<37:42,  5.91s/it]
[1A 24%|██▎       | 118/500 [11:35<37:27,  5.88s/it]
[1A                                                 
{'loss': 0.787, 'grad_norm': 0.5020520687103271, 'learning_rate': 7.66e-05, 'num_tokens': 313412.0, 'mean_token_accuracy': 0.7253815308213234, 'epoch': 0.47}
[1A
[1A 24%|██▎       | 118/500 [11:35<37:27,  5.88s/it]
[1A 24%|██▍       | 119/500 [11:40<37:08,  5.85s/it]
[1A                                                 
{'loss': 0.8386, 'grad_norm': 0.5623668432235718, 'learning_rate': 7.64e-05, 'num_tokens': 315860.0, 'mean_token_accuracy': 0.7077410984784365, 'epoch': 0.48}
[1A
[1A 24%|██▍       | 119/500 [11:40<37:08,  5.85s/it]
[1A 24%|██▍       | 120/500 [11:46<36:53,  5.83s/it]                           
{'loss': 0.8263, 'grad_norm': 0.5115916728973389, 'learning_rate': 7.620000000000001e-05, 'num_tokens': 318670.0, 'mean_token_accuracy': 0.7326743602752686, 'epoch': 0.48}
[1A
[1A 24%|██▍       | 120/500 [11:46<36:53,  5.83s/it]
[1A 24%|██▍       | 121/500 [11:52<36:17,  5.75s/it]
[1A                                                 
{'loss': 0.7808, 'grad_norm': 0.4708014726638794, 'learning_rate': 7.6e-05, 'num_tokens': 321452.0, 'mean_token_accuracy': 0.7287203706800938, 'epoch': 0.48}
[1A
[1A 24%|██▍       | 121/500 [11:52<36:17,  5.75s/it]
[1A 24%|██▍       | 122/500 [11:57<36:16,  5.76s/it]
[1A                                                 
{'loss': 0.8161, 'grad_norm': 0.4858399033546448, 'learning_rate': 7.58e-05, 'num_tokens': 323948.0, 'mean_token_accuracy': 0.7206404712051153, 'epoch': 0.49}
[1A
[1A 24%|██▍       | 122/500 [11:57<36:16,  5.76s/it]
[1A 25%|██▍       | 123/500 [12:03<36:23,  5.79s/it]
[1A                                                 
{'loss': 0.815, 'grad_norm': 0.5109796524047852, 'learning_rate': 7.560000000000001e-05, 'num_tokens': 326714.0, 'mean_token_accuracy': 0.7341989651322365, 'epoch': 0.49}
[1A
[1A 25%|██▍       | 123/500 [12:03<36:23,  5.79s/it]
[1A 25%|██▍       | 124/500 [12:09<36:18,  5.79s/it]
[1A                                                 
{'loss': 0.7959, 'grad_norm': 0.5060672760009766, 'learning_rate': 7.54e-05, 'num_tokens': 329456.0, 'mean_token_accuracy': 0.738271601498127, 'epoch': 0.5}
[1A
[1A 25%|██▍       | 124/500 [12:09<36:18,  5.79s/it]
[1A 25%|██▌       | 125/500 [12:15<36:07,  5.78s/it]
[1A                                                 
{'loss': 0.7744, 'grad_norm': 0.5681102275848389, 'learning_rate': 7.52e-05, 'num_tokens': 332320.0, 'mean_token_accuracy': 0.7381913736462593, 'epoch': 0.5}
[1A
[1A 25%|██▌       | 125/500 [12:15<36:07,  5.78s/it]
[1A 25%|██▌       | 126/500 [12:21<36:05,  5.79s/it]                           
{'loss': 0.9041, 'grad_norm': 0.51315838098526, 'learning_rate': 7.500000000000001e-05, 'num_tokens': 334649.0, 'mean_token_accuracy': 0.670575525611639, 'epoch': 0.5}
[1A
[1A 25%|██▌       | 126/500 [12:21<36:05,  5.79s/it]
[1A 25%|██▌       | 127/500 [12:26<35:49,  5.76s/it]
[1A                                                 
{'loss': 0.8117, 'grad_norm': 0.45864245295524597, 'learning_rate': 7.48e-05, 'num_tokens': 337260.0, 'mean_token_accuracy': 0.7380216754972935, 'epoch': 0.51}
[1A
[1A 25%|██▌       | 127/500 [12:26<35:49,  5.76s/it]
[1A 26%|██▌       | 128/500 [12:32<35:33,  5.74s/it]
[1A                                                 
{'loss': 0.8145, 'grad_norm': 0.43959277868270874, 'learning_rate': 7.46e-05, 'num_tokens': 339994.0, 'mean_token_accuracy': 0.7333065010607243, 'epoch': 0.51}
[1A
[1A 26%|██▌       | 128/500 [12:32<35:33,  5.74s/it]
[1A 26%|██▌       | 129/500 [12:38<35:55,  5.81s/it]                           
[1A
{'loss': 0.8632, 'grad_norm': 0.5312014222145081, 'learning_rate': 7.44e-05, 'num_tokens': 342553.0, 'mean_token_accuracy': 0.7023969702422619, 'epoch': 0.52}
[1A 26%|██▌       | 129/500 [12:38<35:55,  5.81s/it]
[1A 26%|██▌       | 130/500 [12:44<35:25,  5.74s/it]                           
{'loss': 0.7892, 'grad_norm': 0.43343275785446167, 'learning_rate': 7.42e-05, 'num_tokens': 345468.0, 'mean_token_accuracy': 0.7411372140049934, 'epoch': 0.52}
[1A
[1A 26%|██▌       | 130/500 [12:44<35:25,  5.74s/it]
[1A 26%|██▌       | 131/500 [12:49<35:25,  5.76s/it]
[1A                                                 
{'loss': 0.8072, 'grad_norm': 0.6345945596694946, 'learning_rate': 7.4e-05, 'num_tokens': 347851.0, 'mean_token_accuracy': 0.7154126781970263, 'epoch': 0.52}
[1A
[1A 26%|██▌       | 131/500 [12:49<35:25,  5.76s/it]
[1A 26%|██▋       | 132/500 [12:55<35:52,  5.85s/it]
[1A                                                 
{'loss': 0.6914, 'grad_norm': 0.4041155278682709, 'learning_rate': 7.38e-05, 'num_tokens': 350835.0, 'mean_token_accuracy': 0.7776076458394527, 'epoch': 0.53}
[1A
[1A 26%|██▋       | 132/500 [12:55<35:52,  5.85s/it]
[1A 27%|██▋       | 133/500 [13:01<35:57,  5.88s/it]
[1A                                                 
{'loss': 0.7434, 'grad_norm': 0.46812704205513, 'learning_rate': 7.36e-05, 'num_tokens': 353560.0, 'mean_token_accuracy': 0.7494509927928448, 'epoch': 0.53}
[1A
[1A 27%|██▋       | 133/500 [13:01<35:57,  5.88s/it]
[1A 27%|██▋       | 134/500 [13:07<35:37,  5.84s/it]                           
{'loss': 0.7432, 'grad_norm': 0.46122288703918457, 'learning_rate': 7.340000000000001e-05, 'num_tokens': 356313.0, 'mean_token_accuracy': 0.7439630478620529, 'epoch': 0.54}
[1A
[1A 27%|██▋       | 134/500 [13:07<35:37,  5.84s/it]
[1A 27%|██▋       | 135/500 [13:13<35:28,  5.83s/it]
[1A                                                 
{'loss': 0.7602, 'grad_norm': 0.4672245979309082, 'learning_rate': 7.32e-05, 'num_tokens': 358923.0, 'mean_token_accuracy': 0.7508823089301586, 'epoch': 0.54}
[1A
[1A 27%|██▋       | 135/500 [13:13<35:28,  5.83s/it]
[1A 27%|██▋       | 136/500 [13:19<34:51,  5.75s/it]
[1A                                                 
{'loss': 0.8432, 'grad_norm': 0.5407793521881104, 'learning_rate': 7.3e-05, 'num_tokens': 361499.0, 'mean_token_accuracy': 0.6990726292133331, 'epoch': 0.54}
[1A
[1A 27%|██▋       | 136/500 [13:19<34:51,  5.75s/it]
[1A 27%|██▋       | 137/500 [13:24<34:44,  5.74s/it]
[1A                                                 
{'loss': 0.7117, 'grad_norm': 0.4907807409763336, 'learning_rate': 7.280000000000001e-05, 'num_tokens': 364275.0, 'mean_token_accuracy': 0.7720321714878082, 'epoch': 0.55}
[1A
[1A 27%|██▋       | 137/500 [13:24<34:44,  5.74s/it]
[1A 28%|██▊       | 138/500 [13:30<34:40,  5.75s/it]
[1A                                                 
{'loss': 0.7412, 'grad_norm': 0.46092846989631653, 'learning_rate': 7.26e-05, 'num_tokens': 367245.0, 'mean_token_accuracy': 0.7667449824512005, 'epoch': 0.55}
[1A
[1A 28%|██▊       | 138/500 [13:30<34:40,  5.75s/it]
[1A 28%|██▊       | 139/500 [13:36<34:08,  5.67s/it]
[1A                                                 
{'loss': 0.7525, 'grad_norm': 0.478535920381546, 'learning_rate': 7.24e-05, 'num_tokens': 370063.0, 'mean_token_accuracy': 0.7502691261470318, 'epoch': 0.56}
[1A
[1A 28%|██▊       | 139/500 [13:36<34:08,  5.67s/it]
[1A 28%|██▊       | 140/500 [13:41<34:15,  5.71s/it]
[1A                                                 
{'loss': 0.8199, 'grad_norm': 0.47774484753608704, 'learning_rate': 7.22e-05, 'num_tokens': 372666.0, 'mean_token_accuracy': 0.7127574346959591, 'epoch': 0.56}
[1A
[1A 28%|██▊       | 140/500 [13:41<34:15,  5.71s/it]
[1A 28%|██▊       | 141/500 [13:47<34:22,  5.74s/it]
[1A                                                 
{'loss': 0.7325, 'grad_norm': 0.47768691182136536, 'learning_rate': 7.2e-05, 'num_tokens': 375560.0, 'mean_token_accuracy': 0.746466813609004, 'epoch': 0.56}
[1A
[1A 28%|██▊       | 141/500 [13:47<34:22,  5.74s/it]
[1A 28%|██▊       | 142/500 [13:53<34:23,  5.76s/it]
[1A                                                 
{'loss': 0.7928, 'grad_norm': 0.5379348397254944, 'learning_rate': 7.18e-05, 'num_tokens': 378033.0, 'mean_token_accuracy': 0.7248032353818417, 'epoch': 0.57}
[1A
[1A 28%|██▊       | 142/500 [13:53<34:23,  5.76s/it]
[1A 29%|██▊       | 143/500 [13:59<34:01,  5.72s/it]
[1A                                                 
{'loss': 0.778, 'grad_norm': 0.4654883146286011, 'learning_rate': 7.16e-05, 'num_tokens': 380819.0, 'mean_token_accuracy': 0.7423016093671322, 'epoch': 0.57}
[1A
[1A 29%|██▊       | 143/500 [13:59<34:01,  5.72s/it]
[1A 29%|██▉       | 144/500 [14:05<34:28,  5.81s/it]
[1A                                                 
{'loss': 0.8073, 'grad_norm': 0.47495487332344055, 'learning_rate': 7.14e-05, 'num_tokens': 383683.0, 'mean_token_accuracy': 0.737439839169383, 'epoch': 0.58}
[1A
[1A 29%|██▉       | 144/500 [14:05<34:28,  5.81s/it]
[1A 29%|██▉       | 145/500 [14:11<35:02,  5.92s/it]
[1A                                                 
{'loss': 0.9251, 'grad_norm': 0.5502338409423828, 'learning_rate': 7.12e-05, 'num_tokens': 386086.0, 'mean_token_accuracy': 0.6878644488751888, 'epoch': 0.58}
[1A
[1A 29%|██▉       | 145/500 [14:11<35:02,  5.92s/it]
[1A 29%|██▉       | 146/500 [14:17<35:02,  5.94s/it]
[1A                                                 
{'loss': 0.768, 'grad_norm': 0.5424824953079224, 'learning_rate': 7.1e-05, 'num_tokens': 388807.0, 'mean_token_accuracy': 0.7460888735949993, 'epoch': 0.58}
[1A
[1A 29%|██▉       | 146/500 [14:17<35:02,  5.94s/it]
[1A 29%|██▉       | 147/500 [14:23<35:11,  5.98s/it]
[1A                                                 
{'loss': 0.8475, 'grad_norm': 0.5346647500991821, 'learning_rate': 7.08e-05, 'num_tokens': 391333.0, 'mean_token_accuracy': 0.7069700546562672, 'epoch': 0.59}
[1A
[1A 29%|██▉       | 147/500 [14:23<35:11,  5.98s/it]
[1A 30%|██▉       | 148/500 [14:29<35:02,  5.97s/it]
[1A                                                 
{'loss': 0.817, 'grad_norm': 0.5118579864501953, 'learning_rate': 7.06e-05, 'num_tokens': 394139.0, 'mean_token_accuracy': 0.7371432222425938, 'epoch': 0.59}
[1A
[1A 30%|██▉       | 148/500 [14:29<35:02,  5.97s/it]
[1A 30%|██▉       | 149/500 [14:35<35:08,  6.01s/it]
[1A                                                 
{'loss': 0.8559, 'grad_norm': 0.5220662951469421, 'learning_rate': 7.04e-05, 'num_tokens': 396496.0, 'mean_token_accuracy': 0.7100515346974134, 'epoch': 0.6}
[1A
[1A 30%|██▉       | 149/500 [14:35<35:08,  6.01s/it]
[1A 30%|███       | 150/500 [14:41<35:12,  6.04s/it]
[1A                                                 
{'loss': 0.7785, 'grad_norm': 0.45994800329208374, 'learning_rate': 7.02e-05, 'num_tokens': 399210.0, 'mean_token_accuracy': 0.7389394212514162, 'epoch': 0.6}
[1A
[1A 30%|███       | 150/500 [14:41<35:12,  6.04s/it]
{'loss': 0.8337, 'grad_norm': 0.4930005669593811, 'learning_rate': 7e-05, 'num_tokens': 401931.0, 'mean_token_accuracy': 0.7107246853411198, 'epoch': 0.6}
[1A 30%|███       | 151/500 [14:47<34:49,  5.99s/it]
[1A                                                 
[1A
[1A 30%|███       | 151/500 [14:47<34:49,  5.99s/it]
[1A 30%|███       | 152/500 [14:53<34:31,  5.95s/it]
[1A                                                 
{'loss': 0.8404, 'grad_norm': 0.5318907499313354, 'learning_rate': 6.98e-05, 'num_tokens': 404432.0, 'mean_token_accuracy': 0.6802971884608269, 'epoch': 0.61}
[1A
[1A 30%|███       | 152/500 [14:53<34:31,  5.95s/it]
[1A 31%|███       | 153/500 [14:59<34:31,  5.97s/it]
[1A                                                 
{'loss': 0.7226, 'grad_norm': 0.42250290513038635, 'learning_rate': 6.96e-05, 'num_tokens': 407301.0, 'mean_token_accuracy': 0.7557874098420143, 'epoch': 0.61}
[1A
[1A 31%|███       | 153/500 [14:59<34:31,  5.97s/it]
[1A 31%|███       | 154/500 [15:05<34:11,  5.93s/it]
[1A                                                 
{'loss': 0.8052, 'grad_norm': 0.4874991476535797, 'learning_rate': 6.939999999999999e-05, 'num_tokens': 409853.0, 'mean_token_accuracy': 0.7291663698852062, 'epoch': 0.62}
[1A
[1A 31%|███       | 154/500 [15:05<34:11,  5.93s/it]
[1A 31%|███       | 155/500 [15:10<34:02,  5.92s/it]
[1A                                                 
{'loss': 0.8298, 'grad_norm': 0.48971542716026306, 'learning_rate': 6.92e-05, 'num_tokens': 412589.0, 'mean_token_accuracy': 0.7207766622304916, 'epoch': 0.62}
[1A
[1A 31%|███       | 155/500 [15:10<34:02,  5.92s/it]
[1A 31%|███       | 156/500 [15:16<33:53,  5.91s/it]                           
{'loss': 0.7283, 'grad_norm': 0.46715661883354187, 'learning_rate': 6.9e-05, 'num_tokens': 415434.0, 'mean_token_accuracy': 0.7470755241811275, 'epoch': 0.62}
[1A
[1A 31%|███       | 156/500 [15:16<33:53,  5.91s/it]
[1A 31%|███▏      | 157/500 [15:22<34:02,  5.95s/it]
[1A                                                 
{'loss': 0.8711, 'grad_norm': 0.48813021183013916, 'learning_rate': 6.879999999999999e-05, 'num_tokens': 417895.0, 'mean_token_accuracy': 0.6774384565651417, 'epoch': 0.63}
[1A
[1A 31%|███▏      | 157/500 [15:22<34:02,  5.95s/it]
[1A 32%|███▏      | 158/500 [15:28<33:36,  5.90s/it]
[1A                                                 
{'loss': 0.7325, 'grad_norm': 0.4501306414604187, 'learning_rate': 6.860000000000001e-05, 'num_tokens': 420769.0, 'mean_token_accuracy': 0.7704504616558552, 'epoch': 0.63}
[1A
[1A 32%|███▏      | 158/500 [15:28<33:36,  5.90s/it]
[1A 32%|███▏      | 159/500 [15:34<33:42,  5.93s/it]
[1A                                                 
{'loss': 0.6766, 'grad_norm': 0.47113484144210815, 'learning_rate': 6.840000000000001e-05, 'num_tokens': 423691.0, 'mean_token_accuracy': 0.7721259295940399, 'epoch': 0.64}
[1A
[1A 32%|███▏      | 159/500 [15:34<33:42,  5.93s/it]
[1A 32%|███▏      | 160/500 [15:40<33:35,  5.93s/it]
[1A                                                 
{'loss': 0.6419, 'grad_norm': 0.4533669650554657, 'learning_rate': 6.82e-05, 'num_tokens': 426537.0, 'mean_token_accuracy': 0.7684880625456572, 'epoch': 0.64}
[1A
[1A 32%|███▏      | 160/500 [15:40<33:35,  5.93s/it]
[1A 32%|███▏      | 161/500 [15:46<33:08,  5.87s/it]
[1A                                                 
{'loss': 0.8666, 'grad_norm': 0.5257387161254883, 'learning_rate': 6.800000000000001e-05, 'num_tokens': 428981.0, 'mean_token_accuracy': 0.6774301826953888, 'epoch': 0.64}
[1A
[1A 32%|███▏      | 161/500 [15:46<33:08,  5.87s/it]
[1A 32%|███▏      | 162/500 [15:52<33:05,  5.87s/it]
[1A                                                 
{'loss': 0.7282, 'grad_norm': 0.4773913621902466, 'learning_rate': 6.780000000000001e-05, 'num_tokens': 431879.0, 'mean_token_accuracy': 0.762328714132309, 'epoch': 0.65}
[1A
[1A 32%|███▏      | 162/500 [15:52<33:05,  5.87s/it]
[1A 33%|███▎      | 163/500 [15:57<32:47,  5.84s/it]                           
{'loss': 0.7567, 'grad_norm': 0.5049213171005249, 'learning_rate': 6.76e-05, 'num_tokens': 434622.0, 'mean_token_accuracy': 0.7522995136678219, 'epoch': 0.65}
[1A
[1A 33%|███▎      | 163/500 [15:57<32:47,  5.84s/it]
[1A 33%|███▎      | 164/500 [16:03<32:13,  5.75s/it]                           
{'loss': 0.7743, 'grad_norm': 0.525000274181366, 'learning_rate': 6.740000000000001e-05, 'num_tokens': 437417.0, 'mean_token_accuracy': 0.7337887138128281, 'epoch': 0.66}
[1A
[1A 33%|███▎      | 164/500 [16:03<32:13,  5.75s/it]
[1A 33%|███▎      | 165/500 [16:09<32:09,  5.76s/it]
[1A                                                 
{'loss': 0.7624, 'grad_norm': 0.48455458879470825, 'learning_rate': 6.720000000000001e-05, 'num_tokens': 440199.0, 'mean_token_accuracy': 0.7411175779998302, 'epoch': 0.66}
[1A
[1A 33%|███▎      | 165/500 [16:09<32:09,  5.76s/it]
[1A 33%|███▎      | 166/500 [16:15<32:50,  5.90s/it]
[1A                                                 
{'loss': 0.7637, 'grad_norm': 0.5177052021026611, 'learning_rate': 6.7e-05, 'num_tokens': 442716.0, 'mean_token_accuracy': 0.7262221686542034, 'epoch': 0.66}
[1A
[1A 33%|███▎      | 166/500 [16:15<32:50,  5.90s/it]
[1A 33%|███▎      | 167/500 [16:21<32:41,  5.89s/it]
[1A                                                 
{'loss': 0.7765, 'grad_norm': 0.5673708319664001, 'learning_rate': 6.680000000000001e-05, 'num_tokens': 445519.0, 'mean_token_accuracy': 0.7639202997088432, 'epoch': 0.67}
[1A
[1A 33%|███▎      | 167/500 [16:21<32:41,  5.89s/it]
[1A 34%|███▎      | 168/500 [16:27<32:26,  5.86s/it]
[1A                                                 
{'loss': 0.761, 'grad_norm': 0.478180855512619, 'learning_rate': 6.66e-05, 'num_tokens': 448175.0, 'mean_token_accuracy': 0.7363437227904797, 'epoch': 0.67}
[1A
[1A 34%|███▎      | 168/500 [16:27<32:26,  5.86s/it]
[1A 34%|███▍      | 169/500 [16:32<32:11,  5.84s/it]
[1A                                                 
{'loss': 0.7352, 'grad_norm': 0.49500760436058044, 'learning_rate': 6.64e-05, 'num_tokens': 450840.0, 'mean_token_accuracy': 0.7588129378855228, 'epoch': 0.68}
[1A
[1A 34%|███▍      | 169/500 [16:32<32:11,  5.84s/it]
[1A 34%|███▍      | 170/500 [16:38<31:47,  5.78s/it]
[1A                                                 
{'loss': 0.7698, 'grad_norm': 0.4607934057712555, 'learning_rate': 6.620000000000001e-05, 'num_tokens': 453745.0, 'mean_token_accuracy': 0.7469630315899849, 'epoch': 0.68}
[1A
[1A 34%|███▍      | 170/500 [16:38<31:47,  5.78s/it]
[1A 34%|███▍      | 171/500 [16:44<31:50,  5.81s/it]
[1A                                                 
{'loss': 0.7858, 'grad_norm': 0.512563943862915, 'learning_rate': 6.6e-05, 'num_tokens': 456278.0, 'mean_token_accuracy': 0.7011165451258421, 'epoch': 0.68}
[1A
[1A 34%|███▍      | 171/500 [16:44<31:50,  5.81s/it]
[1A 34%|███▍      | 172/500 [16:50<31:44,  5.81s/it]                           
{'loss': 0.8121, 'grad_norm': 0.506649911403656, 'learning_rate': 6.58e-05, 'num_tokens': 458743.0, 'mean_token_accuracy': 0.7371137998998165, 'epoch': 0.69}
[1A
[1A 34%|███▍      | 172/500 [16:50<31:44,  5.81s/it]
[1A 35%|███▍      | 173/500 [16:55<31:24,  5.76s/it]
[1A                                                 
{'loss': 0.7621, 'grad_norm': 0.47726234793663025, 'learning_rate': 6.560000000000001e-05, 'num_tokens': 461375.0, 'mean_token_accuracy': 0.7292807251214981, 'epoch': 0.69}
[1A
[1A 35%|███▍      | 173/500 [16:55<31:24,  5.76s/it]
[1A 35%|███▍      | 174/500 [17:01<31:20,  5.77s/it]
[1A                                                 
{'loss': 0.8381, 'grad_norm': 0.5227429270744324, 'learning_rate': 6.54e-05, 'num_tokens': 463725.0, 'mean_token_accuracy': 0.7009917497634888, 'epoch': 0.7}
[1A
[1A 35%|███▍      | 174/500 [17:01<31:20,  5.77s/it]
[1A 35%|███▌      | 175/500 [17:07<31:16,  5.77s/it]
[1A                                                 
{'loss': 0.8027, 'grad_norm': 0.5651680827140808, 'learning_rate': 6.52e-05, 'num_tokens': 466188.0, 'mean_token_accuracy': 0.7019241414964199, 'epoch': 0.7}
[1A
[1A 35%|███▌      | 175/500 [17:07<31:16,  5.77s/it]
[1A 35%|███▌      | 176/500 [17:13<31:19,  5.80s/it]
[1A                                                 
{'loss': 0.7393, 'grad_norm': 0.4751504361629486, 'learning_rate': 6.500000000000001e-05, 'num_tokens': 469220.0, 'mean_token_accuracy': 0.7697071172297001, 'epoch': 0.7}
[1A
[1A 35%|███▌      | 176/500 [17:13<31:19,  5.80s/it]
[1A 35%|███▌      | 177/500 [17:19<31:16,  5.81s/it]
[1A                                                 
{'loss': 0.7871, 'grad_norm': 0.5309885144233704, 'learning_rate': 6.48e-05, 'num_tokens': 472030.0, 'mean_token_accuracy': 0.7246823906898499, 'epoch': 0.71}
[1A
[1A 35%|███▌      | 177/500 [17:19<31:16,  5.81s/it]
[1A 36%|███▌      | 178/500 [17:25<31:38,  5.90s/it]
[1A                                                 
{'loss': 0.7293, 'grad_norm': 0.5209454894065857, 'learning_rate': 6.460000000000001e-05, 'num_tokens': 474488.0, 'mean_token_accuracy': 0.7295308783650398, 'epoch': 0.71}
[1A
[1A 36%|███▌      | 178/500 [17:25<31:38,  5.90s/it]
[1A 36%|███▌      | 179/500 [17:31<31:27,  5.88s/it]
[1A                                                 
{'loss': 0.7477, 'grad_norm': 0.5006504058837891, 'learning_rate': 6.440000000000001e-05, 'num_tokens': 477257.0, 'mean_token_accuracy': 0.7548081129789352, 'epoch': 0.72}
[1A
[1A 36%|███▌      | 179/500 [17:31<31:27,  5.88s/it]
[1A 36%|███▌      | 180/500 [17:37<31:18,  5.87s/it]
[1A                                                 
{'loss': 0.8166, 'grad_norm': 0.5522421002388, 'learning_rate': 6.42e-05, 'num_tokens': 479935.0, 'mean_token_accuracy': 0.7277244217693806, 'epoch': 0.72}
[1A
[1A 36%|███▌      | 180/500 [17:37<31:18,  5.87s/it]
[1A 36%|███▌      | 181/500 [17:42<31:08,  5.86s/it]
[1A                                                 
{'loss': 0.7254, 'grad_norm': 0.5174821615219116, 'learning_rate': 6.400000000000001e-05, 'num_tokens': 482809.0, 'mean_token_accuracy': 0.7672924771904945, 'epoch': 0.72}
[1A
[1A 36%|███▌      | 181/500 [17:42<31:08,  5.86s/it]
[1A 36%|███▋      | 182/500 [17:48<30:38,  5.78s/it]
[1A                                                 
{'loss': 0.7254, 'grad_norm': 0.5129867792129517, 'learning_rate': 6.38e-05, 'num_tokens': 485538.0, 'mean_token_accuracy': 0.7593052834272385, 'epoch': 0.73}
[1A
[1A 36%|███▋      | 182/500 [17:48<30:38,  5.78s/it]
[1A 37%|███▋      | 183/500 [17:54<30:35,  5.79s/it]
[1A                                                 
{'loss': 0.7066, 'grad_norm': 0.4658359885215759, 'learning_rate': 6.36e-05, 'num_tokens': 488542.0, 'mean_token_accuracy': 0.7769627422094345, 'epoch': 0.73}
[1A
[1A 37%|███▋      | 183/500 [17:54<30:35,  5.79s/it]
[1A 37%|███▋      | 184/500 [18:00<30:37,  5.82s/it]
[1A                                                 
{'loss': 0.8152, 'grad_norm': 0.5109703540802002, 'learning_rate': 6.340000000000001e-05, 'num_tokens': 491243.0, 'mean_token_accuracy': 0.7364106625318527, 'epoch': 0.74}
[1A
[1A 37%|███▋      | 184/500 [18:00<30:37,  5.82s/it]
[1A 37%|███▋      | 185/500 [18:06<30:48,  5.87s/it]
[1A                                                 
{'loss': 0.7914, 'grad_norm': 0.5155233144760132, 'learning_rate': 6.32e-05, 'num_tokens': 493863.0, 'mean_token_accuracy': 0.7247897386550903, 'epoch': 0.74}
[1A
[1A 37%|███▋      | 185/500 [18:06<30:48,  5.87s/it]
[1A 37%|███▋      | 186/500 [18:11<30:34,  5.84s/it]                           
{'loss': 0.7263, 'grad_norm': 0.49554023146629333, 'learning_rate': 6.3e-05, 'num_tokens': 496636.0, 'mean_token_accuracy': 0.7502958849072456, 'epoch': 0.74}
[1A
[1A 37%|███▋      | 186/500 [18:11<30:34,  5.84s/it]
[1A 37%|███▋      | 187/500 [18:18<31:21,  6.01s/it]
[1A                                                 
{'loss': 0.7434, 'grad_norm': 0.47956135869026184, 'learning_rate': 6.280000000000001e-05, 'num_tokens': 499493.0, 'mean_token_accuracy': 0.7590538673102856, 'epoch': 0.75}
[1A
[1A 37%|███▋      | 187/500 [18:18<31:21,  6.01s/it]
[1A 38%|███▊      | 188/500 [18:24<30:55,  5.95s/it]
[1A                                                 
{'loss': 0.8265, 'grad_norm': 0.518461287021637, 'learning_rate': 6.26e-05, 'num_tokens': 501886.0, 'mean_token_accuracy': 0.6984363738447428, 'epoch': 0.75}
[1A
[1A 38%|███▊      | 188/500 [18:24<30:55,  5.95s/it]
[1A 38%|███▊      | 189/500 [18:29<30:15,  5.84s/it]
[1A                                                 
{'loss': 0.7895, 'grad_norm': 0.5387380123138428, 'learning_rate': 6.24e-05, 'num_tokens': 504597.0, 'mean_token_accuracy': 0.7373953182250261, 'epoch': 0.76}
[1A
[1A 38%|███▊      | 189/500 [18:29<30:15,  5.84s/it]
[1A 38%|███▊      | 190/500 [18:35<30:07,  5.83s/it]
[1A                                                 
{'loss': 0.7753, 'grad_norm': 0.5050251483917236, 'learning_rate': 6.220000000000001e-05, 'num_tokens': 507436.0, 'mean_token_accuracy': 0.7463282831013203, 'epoch': 0.76}
[1A
[1A 38%|███▊      | 190/500 [18:35<30:07,  5.83s/it]
[1A 38%|███▊      | 191/500 [18:41<30:10,  5.86s/it]
[1A                                                 
{'loss': 0.8502, 'grad_norm': 0.5463331341743469, 'learning_rate': 6.2e-05, 'num_tokens': 509864.0, 'mean_token_accuracy': 0.7080852761864662, 'epoch': 0.76}
[1A
[1A 38%|███▊      | 191/500 [18:41<30:10,  5.86s/it]
[1A 38%|███▊      | 192/500 [18:47<29:59,  5.84s/it]
[1A                                                 
{'loss': 0.7213, 'grad_norm': 0.4772159159183502, 'learning_rate': 6.18e-05, 'num_tokens': 512617.0, 'mean_token_accuracy': 0.7425246722996235, 'epoch': 0.77}
[1A
[1A 38%|███▊      | 192/500 [18:47<29:59,  5.84s/it]
[1A 39%|███▊      | 193/500 [18:53<29:52,  5.84s/it]
[1A                                                 
{'loss': 0.7427, 'grad_norm': 0.5253567099571228, 'learning_rate': 6.16e-05, 'num_tokens': 515220.0, 'mean_token_accuracy': 0.7514742538332939, 'epoch': 0.77}
[1A
[1A 39%|███▊      | 193/500 [18:53<29:52,  5.84s/it]
[1A 39%|███▉      | 194/500 [18:59<30:04,  5.90s/it]
[1A                                                 
{'loss': 0.7296, 'grad_norm': 0.5081389546394348, 'learning_rate': 6.14e-05, 'num_tokens': 517999.0, 'mean_token_accuracy': 0.7524610422551632, 'epoch': 0.78}
[1A
[1A 39%|███▉      | 194/500 [18:59<30:04,  5.90s/it]
[1A 39%|███▉      | 195/500 [19:04<29:31,  5.81s/it]
[1A                                                 
{'loss': 0.8161, 'grad_norm': 0.5127468109130859, 'learning_rate': 6.12e-05, 'num_tokens': 520681.0, 'mean_token_accuracy': 0.7187811397016048, 'epoch': 0.78}
[1A
[1A 39%|███▉      | 195/500 [19:04<29:31,  5.81s/it]
[1A 39%|███▉      | 196/500 [19:11<30:14,  5.97s/it]
[1A                                                 
{'loss': 0.7687, 'grad_norm': 0.5122501850128174, 'learning_rate': 6.1e-05, 'num_tokens': 523527.0, 'mean_token_accuracy': 0.7517573535442352, 'epoch': 0.78}
[1A
[1A 39%|███▉      | 196/500 [19:11<30:14,  5.97s/it]
[1A 39%|███▉      | 197/500 [19:17<30:12,  5.98s/it]
[1A                                                 
{'loss': 0.7635, 'grad_norm': 0.5316532850265503, 'learning_rate': 6.08e-05, 'num_tokens': 526176.0, 'mean_token_accuracy': 0.7354782857000828, 'epoch': 0.79}
[1A
[1A 39%|███▉      | 197/500 [19:17<30:12,  5.98s/it]
[1A 40%|███▉      | 198/500 [19:22<29:52,  5.94s/it]
[1A                                                 
{'loss': 0.8657, 'grad_norm': 0.5454440712928772, 'learning_rate': 6.06e-05, 'num_tokens': 528781.0, 'mean_token_accuracy': 0.7107434347271919, 'epoch': 0.79}
[1A
[1A 40%|███▉      | 198/500 [19:22<29:52,  5.94s/it]
[1A 40%|███▉      | 199/500 [19:29<30:08,  6.01s/it]
[1A                                                 
{'loss': 0.832, 'grad_norm': 0.5035372376441956, 'learning_rate': 6.04e-05, 'num_tokens': 531301.0, 'mean_token_accuracy': 0.7185854967683554, 'epoch': 0.8}
[1A
[1A 40%|███▉      | 199/500 [19:29<30:08,  6.01s/it]
[1A 40%|████      | 200/500 [19:35<30:50,  6.17s/it]
[1A                                                 
{'loss': 0.7047, 'grad_norm': 0.4606190621852875, 'learning_rate': 6.02e-05, 'num_tokens': 534227.0, 'mean_token_accuracy': 0.7781533859670162, 'epoch': 0.8}
[1A
[1A 40%|████      | 200/500 [19:35<30:50,  6.17s/it]
[1A 40%|████      | 201/500 [19:41<29:54,  6.00s/it]
[1A                                                 
{'loss': 0.7567, 'grad_norm': 0.5239459276199341, 'learning_rate': 6e-05, 'num_tokens': 537150.0, 'mean_token_accuracy': 0.7596278302371502, 'epoch': 0.8}
[1A
[1A 40%|████      | 201/500 [19:41<29:54,  6.00s/it]
[1A 40%|████      | 202/500 [19:47<29:31,  5.95s/it]
[1A                                                 
{'loss': 0.7243, 'grad_norm': 0.4926902949810028, 'learning_rate': 5.9800000000000003e-05, 'num_tokens': 539782.0, 'mean_token_accuracy': 0.7699405066668987, 'epoch': 0.81}
[1A
[1A 40%|████      | 202/500 [19:47<29:31,  5.95s/it]
[1A 41%|████      | 203/500 [19:52<29:18,  5.92s/it]
[1A                                                 
{'loss': 0.7352, 'grad_norm': 0.5205582976341248, 'learning_rate': 5.96e-05, 'num_tokens': 542338.0, 'mean_token_accuracy': 0.7352958582341671, 'epoch': 0.81}
[1A
[1A 41%|████      | 203/500 [19:52<29:18,  5.92s/it]
[1A 41%|████      | 204/500 [19:58<28:47,  5.84s/it]
[1A                                                 
{'loss': 0.8022, 'grad_norm': 0.5511959195137024, 'learning_rate': 5.94e-05, 'num_tokens': 544875.0, 'mean_token_accuracy': 0.71067064255476, 'epoch': 0.82}
[1A
[1A 41%|████      | 204/500 [19:58<28:47,  5.84s/it]
[1A 41%|████      | 205/500 [20:04<28:38,  5.83s/it]
[1A                                                 
{'loss': 0.7736, 'grad_norm': 0.5354714393615723, 'learning_rate': 5.92e-05, 'num_tokens': 547381.0, 'mean_token_accuracy': 0.7356559634208679, 'epoch': 0.82}
[1A
[1A 41%|████      | 205/500 [20:04<28:38,  5.83s/it]
[1A 41%|████      | 206/500 [20:10<28:22,  5.79s/it]                           
{'loss': 0.6773, 'grad_norm': 0.47539085149765015, 'learning_rate': 5.9e-05, 'num_tokens': 550239.0, 'mean_token_accuracy': 0.7863474301993847, 'epoch': 0.82}
[1A
[1A 41%|████      | 206/500 [20:10<28:22,  5.79s/it]
[1A 41%|████▏     | 207/500 [20:15<27:52,  5.71s/it]                           
{'loss': 0.7806, 'grad_norm': 0.5251367092132568, 'learning_rate': 5.88e-05, 'num_tokens': 552726.0, 'mean_token_accuracy': 0.7092992793768644, 'epoch': 0.83}
[1A
[1A 41%|████▏     | 207/500 [20:15<27:52,  5.71s/it]
[1A 42%|████▏     | 208/500 [20:21<27:51,  5.73s/it]
[1A                                                 
{'loss': 0.7269, 'grad_norm': 0.5134556889533997, 'learning_rate': 5.86e-05, 'num_tokens': 555304.0, 'mean_token_accuracy': 0.7516220025718212, 'epoch': 0.83}
[1A
[1A 42%|████▏     | 208/500 [20:21<27:51,  5.73s/it]
[1A 42%|████▏     | 209/500 [20:27<27:44,  5.72s/it]
[1A                                                 
{'loss': 0.7788, 'grad_norm': 0.5794025659561157, 'learning_rate': 5.8399999999999997e-05, 'num_tokens': 557885.0, 'mean_token_accuracy': 0.7338245734572411, 'epoch': 0.84}
[1A
[1A 42%|████▏     | 209/500 [20:27<27:44,  5.72s/it]
[1A 42%|████▏     | 210/500 [20:32<27:23,  5.67s/it]
[1A                                                 
{'loss': 0.6992, 'grad_norm': 0.5282308459281921, 'learning_rate': 5.82e-05, 'num_tokens': 560611.0, 'mean_token_accuracy': 0.7630300968885422, 'epoch': 0.84}
[1A
[1A 42%|████▏     | 210/500 [20:32<27:23,  5.67s/it]
[1A 42%|████▏     | 211/500 [20:38<27:41,  5.75s/it]
[1A                                                 
{'loss': 0.6936, 'grad_norm': 0.48944059014320374, 'learning_rate': 5.8e-05, 'num_tokens': 563473.0, 'mean_token_accuracy': 0.7713886201381683, 'epoch': 0.84}
[1A
[1A 42%|████▏     | 211/500 [20:38<27:41,  5.75s/it]
[1A 42%|████▏     | 212/500 [20:44<27:57,  5.83s/it]                           
{'loss': 0.8142, 'grad_norm': 0.5131939649581909, 'learning_rate': 5.7799999999999995e-05, 'num_tokens': 566054.0, 'mean_token_accuracy': 0.7152227256447077, 'epoch': 0.85}
[1A
[1A 42%|████▏     | 212/500 [20:44<27:57,  5.83s/it]
[1A 43%|████▎     | 213/500 [20:50<28:24,  5.94s/it]
[1A                                                 
{'loss': 0.8262, 'grad_norm': 0.5480013489723206, 'learning_rate': 5.76e-05, 'num_tokens': 568323.0, 'mean_token_accuracy': 0.6946905087679625, 'epoch': 0.85}
[1A
[1A 43%|████▎     | 213/500 [20:50<28:24,  5.94s/it]
[1A 43%|████▎     | 214/500 [20:56<28:07,  5.90s/it]
[1A                                                 
{'loss': 0.8092, 'grad_norm': 0.5857232213020325, 'learning_rate': 5.74e-05, 'num_tokens': 570828.0, 'mean_token_accuracy': 0.7089321203529835, 'epoch': 0.86}
[1A
[1A 43%|████▎     | 214/500 [20:56<28:07,  5.90s/it]
[1A 43%|████▎     | 215/500 [21:02<27:53,  5.87s/it]
[1A                                                 
{'loss': 0.8024, 'grad_norm': 0.5600847005844116, 'learning_rate': 5.72e-05, 'num_tokens': 573433.0, 'mean_token_accuracy': 0.7193304933607578, 'epoch': 0.86}
[1A
[1A 43%|████▎     | 215/500 [21:02<27:53,  5.87s/it]
[1A 43%|████▎     | 216/500 [21:08<27:31,  5.82s/it]
[1A                                                 
{'loss': 0.7791, 'grad_norm': 0.5170620083808899, 'learning_rate': 5.6999999999999996e-05, 'num_tokens': 576199.0, 'mean_token_accuracy': 0.7361115999519825, 'epoch': 0.86}
[1A
[1A 43%|████▎     | 216/500 [21:08<27:31,  5.82s/it]
[1A 43%|████▎     | 217/500 [21:14<27:40,  5.87s/it]
[1A                                                 
{'loss': 0.6801, 'grad_norm': 0.5275292992591858, 'learning_rate': 5.68e-05, 'num_tokens': 578933.0, 'mean_token_accuracy': 0.7650927007198334, 'epoch': 0.87}
[1A
[1A 43%|████▎     | 217/500 [21:14<27:40,  5.87s/it]
[1A 44%|████▎     | 218/500 [21:19<27:31,  5.86s/it]
[1A                                                 
{'loss': 0.6787, 'grad_norm': 0.4887322187423706, 'learning_rate': 5.66e-05, 'num_tokens': 581763.0, 'mean_token_accuracy': 0.7793705128133297, 'epoch': 0.87}
[1A
[1A 44%|████▎     | 218/500 [21:19<27:31,  5.86s/it]
[1A 44%|████▍     | 219/500 [21:25<27:03,  5.78s/it]
[1A                                                 
{'loss': 0.7972, 'grad_norm': 0.5807576179504395, 'learning_rate': 5.6399999999999995e-05, 'num_tokens': 584251.0, 'mean_token_accuracy': 0.7110539749264717, 'epoch': 0.88}
[1A
[1A 44%|████▍     | 219/500 [21:25<27:03,  5.78s/it]
[1A 44%|████▍     | 220/500 [21:31<26:59,  5.78s/it]
[1A                                                 
{'loss': 0.7926, 'grad_norm': 0.509911835193634, 'learning_rate': 5.620000000000001e-05, 'num_tokens': 587110.0, 'mean_token_accuracy': 0.7385228388011456, 'epoch': 0.88}
[1A
[1A 44%|████▍     | 220/500 [21:31<26:59,  5.78s/it]
[1A 44%|████▍     | 221/500 [21:37<26:54,  5.79s/it]
[1A                                                 
{'loss': 0.6372, 'grad_norm': 0.48424458503723145, 'learning_rate': 5.6000000000000006e-05, 'num_tokens': 589990.0, 'mean_token_accuracy': 0.7949167937040329, 'epoch': 0.88}
[1A
[1A 44%|████▍     | 221/500 [21:37<26:54,  5.79s/it]
[1A 44%|████▍     | 222/500 [21:42<26:34,  5.73s/it]
[1A                                                 
{'loss': 0.7815, 'grad_norm': 0.5550992488861084, 'learning_rate': 5.580000000000001e-05, 'num_tokens': 592568.0, 'mean_token_accuracy': 0.7247047014534473, 'epoch': 0.89}
[1A
[1A 44%|████▍     | 222/500 [21:42<26:34,  5.73s/it]
[1A 45%|████▍     | 223/500 [21:48<26:37,  5.77s/it]
[1A                                                 
{'loss': 0.7136, 'grad_norm': 0.4877859652042389, 'learning_rate': 5.560000000000001e-05, 'num_tokens': 595472.0, 'mean_token_accuracy': 0.7555597331374884, 'epoch': 0.89}
[1A
[1A 45%|████▍     | 223/500 [21:48<26:37,  5.77s/it]
[1A 45%|████▍     | 224/500 [21:54<26:38,  5.79s/it]
[1A                                                 
{'loss': 0.7184, 'grad_norm': 0.48491284251213074, 'learning_rate': 5.5400000000000005e-05, 'num_tokens': 598195.0, 'mean_token_accuracy': 0.7649817429482937, 'epoch': 0.9}
[1A
[1A 45%|████▍     | 224/500 [21:54<26:38,  5.79s/it]
[1A 45%|████▌     | 225/500 [21:59<26:15,  5.73s/it]
[1A                                                 
{'loss': 0.7448, 'grad_norm': 0.5149732828140259, 'learning_rate': 5.520000000000001e-05, 'num_tokens': 600980.0, 'mean_token_accuracy': 0.7607543729245663, 'epoch': 0.9}
[1A
[1A 45%|████▌     | 225/500 [21:59<26:15,  5.73s/it]
[1A 45%|████▌     | 226/500 [22:05<26:05,  5.71s/it]                           
{'loss': 0.7593, 'grad_norm': 0.548708438873291, 'learning_rate': 5.500000000000001e-05, 'num_tokens': 603418.0, 'mean_token_accuracy': 0.7215300090610981, 'epoch': 0.9}
[1A
[1A 45%|████▌     | 226/500 [22:05<26:05,  5.71s/it]
[1A 45%|████▌     | 227/500 [22:11<26:02,  5.72s/it]
[1A                                                 
{'loss': 0.7694, 'grad_norm': 0.5392702221870422, 'learning_rate': 5.4800000000000004e-05, 'num_tokens': 606095.0, 'mean_token_accuracy': 0.7386567741632462, 'epoch': 0.91}
[1A
[1A 45%|████▌     | 227/500 [22:11<26:02,  5.72s/it]
[1A 46%|████▌     | 228/500 [22:16<25:47,  5.69s/it]
[1A                                                 
{'loss': 0.6868, 'grad_norm': 0.48671483993530273, 'learning_rate': 5.4600000000000006e-05, 'num_tokens': 609085.0, 'mean_token_accuracy': 0.7900471240282059, 'epoch': 0.91}
[1A
[1A 46%|████▌     | 228/500 [22:16<25:47,  5.69s/it]
[1A 46%|████▌     | 229/500 [22:22<25:43,  5.70s/it]                           
{'loss': 0.7277, 'grad_norm': 0.48807990550994873, 'learning_rate': 5.440000000000001e-05, 'num_tokens': 611807.0, 'mean_token_accuracy': 0.7498984280973673, 'epoch': 0.92}
[1A
[1A 46%|████▌     | 229/500 [22:22<25:43,  5.70s/it]
[1A 46%|████▌     | 230/500 [22:28<25:41,  5.71s/it]
[1A                                                 
{'loss': 0.7497, 'grad_norm': 0.531075119972229, 'learning_rate': 5.420000000000001e-05, 'num_tokens': 614510.0, 'mean_token_accuracy': 0.7458238936960697, 'epoch': 0.92}
[1A
[1A 46%|████▌     | 230/500 [22:28<25:41,  5.71s/it]
[1A 46%|████▌     | 231/500 [22:34<25:46,  5.75s/it]
[1A                                                 
{'loss': 0.7396, 'grad_norm': 0.5184969305992126, 'learning_rate': 5.4000000000000005e-05, 'num_tokens': 617345.0, 'mean_token_accuracy': 0.7597875595092773, 'epoch': 0.92}
[1A
[1A 46%|████▌     | 231/500 [22:34<25:46,  5.75s/it]
[1A 46%|████▋     | 232/500 [22:39<25:27,  5.70s/it]
[1A                                                 
{'loss': 0.7788, 'grad_norm': 0.5582348108291626, 'learning_rate': 5.380000000000001e-05, 'num_tokens': 619911.0, 'mean_token_accuracy': 0.7363660410046577, 'epoch': 0.93}
[1A
[1A 46%|████▋     | 232/500 [22:39<25:27,  5.70s/it]
[1A 47%|████▋     | 233/500 [22:45<25:24,  5.71s/it]                           
{'loss': 0.7901, 'grad_norm': 0.5517444014549255, 'learning_rate': 5.360000000000001e-05, 'num_tokens': 622683.0, 'mean_token_accuracy': 0.7327436842024326, 'epoch': 0.93}
[1A
[1A 47%|████▋     | 233/500 [22:45<25:24,  5.71s/it]
[1A 47%|████▋     | 234/500 [22:51<25:06,  5.66s/it]                           
{'loss': 0.7077, 'grad_norm': 0.5289240479469299, 'learning_rate': 5.3400000000000004e-05, 'num_tokens': 625551.0, 'mean_token_accuracy': 0.774373222142458, 'epoch': 0.94}
[1A
[1A 47%|████▋     | 234/500 [22:51<25:06,  5.66s/it]
[1A 47%|████▋     | 235/500 [22:56<25:07,  5.69s/it]
[1A                                                 
{'loss': 0.8752, 'grad_norm': 0.5423081517219543, 'learning_rate': 5.3200000000000006e-05, 'num_tokens': 627957.0, 'mean_token_accuracy': 0.6971078477799892, 'epoch': 0.94}
[1A
[1A 47%|████▋     | 235/500 [22:56<25:07,  5.69s/it]
[1A 47%|████▋     | 236/500 [23:02<25:19,  5.76s/it]
[1A                                                 
{'loss': 0.8275, 'grad_norm': 0.5841500163078308, 'learning_rate': 5.300000000000001e-05, 'num_tokens': 630502.0, 'mean_token_accuracy': 0.7188585959374905, 'epoch': 0.94}
[1A
[1A 47%|████▋     | 236/500 [23:02<25:19,  5.76s/it]
[1A 47%|████▋     | 237/500 [23:08<25:13,  5.75s/it]
[1A                                                 
{'loss': 0.7054, 'grad_norm': 0.597898542881012, 'learning_rate': 5.28e-05, 'num_tokens': 633230.0, 'mean_token_accuracy': 0.7590330876410007, 'epoch': 0.95}
[1A
[1A 47%|████▋     | 237/500 [23:08<25:13,  5.75s/it]
[1A 48%|████▊     | 238/500 [23:14<24:51,  5.69s/it]
[1A                                                 
{'loss': 0.7346, 'grad_norm': 0.5242086052894592, 'learning_rate': 5.2600000000000005e-05, 'num_tokens': 636033.0, 'mean_token_accuracy': 0.7477987855672836, 'epoch': 0.95}
[1A
[1A 48%|████▊     | 238/500 [23:14<24:51,  5.69s/it]
[1A 48%|████▊     | 239/500 [23:20<25:22,  5.84s/it]                           
{'loss': 0.7739, 'grad_norm': 0.5314761400222778, 'learning_rate': 5.2400000000000007e-05, 'num_tokens': 638821.0, 'mean_token_accuracy': 0.745888601988554, 'epoch': 0.96}
[1A
[1A 48%|████▊     | 239/500 [23:20<25:22,  5.84s/it]
[1A 48%|████▊     | 240/500 [23:26<26:04,  6.02s/it]
[1A                                                 
{'loss': 0.7952, 'grad_norm': 0.5314289331436157, 'learning_rate': 5.22e-05, 'num_tokens': 641410.0, 'mean_token_accuracy': 0.7184559069573879, 'epoch': 0.96}
[1A
[1A 48%|████▊     | 240/500 [23:26<26:04,  6.02s/it]
[1A 48%|████▊     | 241/500 [23:32<25:43,  5.96s/it]                           
{'loss': 0.7085, 'grad_norm': 0.4920342266559601, 'learning_rate': 5.2000000000000004e-05, 'num_tokens': 644129.0, 'mean_token_accuracy': 0.7621658593416214, 'epoch': 0.96}
[1A
[1A 48%|████▊     | 241/500 [23:32<25:43,  5.96s/it]
[1A 48%|████▊     | 242/500 [23:38<25:36,  5.96s/it]                           
{'loss': 0.8304, 'grad_norm': 0.5915730595588684, 'learning_rate': 5.1800000000000005e-05, 'num_tokens': 646451.0, 'mean_token_accuracy': 0.6999397613108158, 'epoch': 0.97}
[1A
[1A 48%|████▊     | 242/500 [23:38<25:36,  5.96s/it]
[1A 49%|████▊     | 243/500 [23:44<25:48,  6.03s/it]
[1A                                                 
{'loss': 0.7797, 'grad_norm': 0.5139617323875427, 'learning_rate': 5.16e-05, 'num_tokens': 649345.0, 'mean_token_accuracy': 0.7439747601747513, 'epoch': 0.97}
[1A
[1A 49%|████▊     | 243/500 [23:44<25:48,  6.03s/it]
[1A 49%|████▉     | 244/500 [23:51<26:24,  6.19s/it]
[1A                                                 
{'loss': 0.8374, 'grad_norm': 0.5462620258331299, 'learning_rate': 5.14e-05, 'num_tokens': 651957.0, 'mean_token_accuracy': 0.7042714897543192, 'epoch': 0.98}
[1A
[1A 49%|████▉     | 244/500 [23:51<26:24,  6.19s/it]
[1A 49%|████▉     | 245/500 [23:57<26:30,  6.24s/it]
[1A                                                 
{'loss': 0.6514, 'grad_norm': 0.4968036413192749, 'learning_rate': 5.1200000000000004e-05, 'num_tokens': 654894.0, 'mean_token_accuracy': 0.7861674055457115, 'epoch': 0.98}
[1A
[1A 49%|████▉     | 245/500 [23:57<26:30,  6.24s/it]
[1A 49%|████▉     | 246/500 [24:03<25:50,  6.10s/it]
[1A                                                 
{'loss': 0.8127, 'grad_norm': 0.5370546579360962, 'learning_rate': 5.1000000000000006e-05, 'num_tokens': 657233.0, 'mean_token_accuracy': 0.6886719949543476, 'epoch': 0.98}
[1A
[1A 49%|████▉     | 246/500 [24:03<25:50,  6.10s/it]
[1A 49%|████▉     | 247/500 [24:08<25:03,  5.94s/it]
[1A                                                 
{'loss': 0.6838, 'grad_norm': 0.5051165223121643, 'learning_rate': 5.08e-05, 'num_tokens': 660103.0, 'mean_token_accuracy': 0.7707741521298885, 'epoch': 0.99}
[1A
[1A 49%|████▉     | 247/500 [24:08<25:03,  5.94s/it]
[1A 50%|████▉     | 248/500 [24:14<25:05,  5.97s/it]
[1A                                                 
{'loss': 0.7348, 'grad_norm': 0.5289907455444336, 'learning_rate': 5.0600000000000003e-05, 'num_tokens': 662763.0, 'mean_token_accuracy': 0.7508480586111546, 'epoch': 0.99}
[1A
[1A 50%|████▉     | 248/500 [24:14<25:05,  5.97s/it]
[1A 50%|████▉     | 249/500 [24:21<25:08,  6.01s/it]
[1A                                                 
{'loss': 0.6941, 'grad_norm': 0.5022596120834351, 'learning_rate': 5.0400000000000005e-05, 'num_tokens': 665549.0, 'mean_token_accuracy': 0.7542072460055351, 'epoch': 1.0}
[1A
[1A 50%|████▉     | 249/500 [24:21<25:08,  6.01s/it]
[1A 50%|█████     | 250/500 [24:27<24:58,  6.00s/it]
[1A                                                 
{'loss': 0.8864, 'grad_norm': 0.5739828944206238, 'learning_rate': 5.02e-05, 'num_tokens': 667994.0, 'mean_token_accuracy': 0.6912475153803825, 'epoch': 1.0}
[1A
[1A 50%|█████     | 250/500 [24:27<24:58,  6.00s/it]
[1A 50%|█████     | 251/500 [24:33<25:02,  6.03s/it]
[1A                                                 
{'loss': 0.7277, 'grad_norm': 0.5065523982048035, 'learning_rate': 5e-05, 'num_tokens': 670702.0, 'mean_token_accuracy': 0.7424332052469254, 'epoch': 1.0}
[1A
[1A 50%|█████     | 251/500 [24:33<25:02,  6.03s/it]
[1A 50%|█████     | 252/500 [24:39<25:05,  6.07s/it]
[1A                                                 
[1A
{'loss': 0.6473, 'grad_norm': 0.4834044277667999, 'learning_rate': 4.9800000000000004e-05, 'num_tokens': 673540.0, 'mean_token_accuracy': 0.7756128422915936, 'epoch': 1.01}
[1A 50%|█████     | 252/500 [24:39<25:05,  6.07s/it]
[1A 51%|█████     | 253/500 [24:45<24:43,  6.00s/it]
[1A                                                 
{'loss': 0.7072, 'grad_norm': 0.5117712616920471, 'learning_rate': 4.96e-05, 'num_tokens': 676346.0, 'mean_token_accuracy': 0.7555495537817478, 'epoch': 1.01}
[1A
[1A 51%|█████     | 253/500 [24:45<24:43,  6.00s/it]
[1A 51%|█████     | 254/500 [24:51<24:36,  6.00s/it]
[1A                                                 
{'loss': 0.6672, 'grad_norm': 0.5330199003219604, 'learning_rate': 4.94e-05, 'num_tokens': 678900.0, 'mean_token_accuracy': 0.7554377373307943, 'epoch': 1.02}
[1A
[1A 51%|█████     | 254/500 [24:51<24:36,  6.00s/it]
[1A 51%|█████     | 255/500 [24:57<24:50,  6.09s/it]
[1A                                                 
{'loss': 0.8346, 'grad_norm': 0.5629818439483643, 'learning_rate': 4.92e-05, 'num_tokens': 681309.0, 'mean_token_accuracy': 0.6924720294773579, 'epoch': 1.02}
[1A
[1A 51%|█████     | 255/500 [24:57<24:50,  6.09s/it]
[1A 51%|█████     | 256/500 [25:03<24:44,  6.09s/it]
[1A                                                 
{'loss': 0.6897, 'grad_norm': 0.5078571438789368, 'learning_rate': 4.9e-05, 'num_tokens': 684196.0, 'mean_token_accuracy': 0.7720474079251289, 'epoch': 1.02}
[1A
[1A 51%|█████     | 256/500 [25:03<24:44,  6.09s/it]
[1A 51%|█████▏    | 257/500 [25:09<24:34,  6.07s/it]                           
{'loss': 0.7197, 'grad_norm': 0.5067765712738037, 'learning_rate': 4.88e-05, 'num_tokens': 686799.0, 'mean_token_accuracy': 0.7679028064012527, 'epoch': 1.03}
[1A
[1A 51%|█████▏    | 257/500 [25:09<24:34,  6.07s/it]
[1A 52%|█████▏    | 258/500 [25:15<24:09,  5.99s/it]
[1A                                                 
{'loss': 0.7372, 'grad_norm': 0.5206746459007263, 'learning_rate': 4.86e-05, 'num_tokens': 689574.0, 'mean_token_accuracy': 0.7454269379377365, 'epoch': 1.03}
[1A
[1A 52%|█████▏    | 258/500 [25:15<24:09,  5.99s/it]
[1A 52%|█████▏    | 259/500 [25:20<23:28,  5.84s/it]                           
{'loss': 0.6702, 'grad_norm': 0.5147190093994141, 'learning_rate': 4.8400000000000004e-05, 'num_tokens': 692615.0, 'mean_token_accuracy': 0.7812142297625542, 'epoch': 1.04}
[1A
[1A 52%|█████▏    | 259/500 [25:20<23:28,  5.84s/it]
[1A 52%|█████▏    | 260/500 [25:26<23:13,  5.81s/it]
[1A                                                 
{'loss': 0.7772, 'grad_norm': 0.5897424817085266, 'learning_rate': 4.82e-05, 'num_tokens': 695041.0, 'mean_token_accuracy': 0.7235330529510975, 'epoch': 1.04}
[1A
[1A 52%|█████▏    | 260/500 [25:26<23:13,  5.81s/it]
[1A 52%|█████▏    | 261/500 [25:32<23:05,  5.80s/it]
[1A                                                 
{'loss': 0.622, 'grad_norm': 0.5056555271148682, 'learning_rate': 4.8e-05, 'num_tokens': 697980.0, 'mean_token_accuracy': 0.7976235598325729, 'epoch': 1.04}
[1A
[1A 52%|█████▏    | 261/500 [25:32<23:05,  5.80s/it]
[1A 52%|█████▏    | 262/500 [25:37<22:43,  5.73s/it]
[1A                                                 
{'loss': 0.7179, 'grad_norm': 0.5845231413841248, 'learning_rate': 4.78e-05, 'num_tokens': 700498.0, 'mean_token_accuracy': 0.7410034872591496, 'epoch': 1.05}
[1A
[1A 52%|█████▏    | 262/500 [25:37<22:43,  5.73s/it]
[1A 53%|█████▎    | 263/500 [25:43<22:54,  5.80s/it]
[1A                                                 
{'loss': 0.701, 'grad_norm': 0.5133174657821655, 'learning_rate': 4.76e-05, 'num_tokens': 703327.0, 'mean_token_accuracy': 0.7630385532975197, 'epoch': 1.05}
[1A
[1A 53%|█████▎    | 263/500 [25:43<22:54,  5.80s/it]
[1A 53%|█████▎    | 264/500 [25:49<23:05,  5.87s/it]
[1A                                                 
{'loss': 0.849, 'grad_norm': 0.61273193359375, 'learning_rate': 4.74e-05, 'num_tokens': 705623.0, 'mean_token_accuracy': 0.6913051102310419, 'epoch': 1.06}
[1A
[1A 53%|█████▎    | 264/500 [25:49<23:05,  5.87s/it]
[1A 53%|█████▎    | 265/500 [25:55<23:10,  5.92s/it]
[1A                                                 
{'loss': 0.7681, 'grad_norm': 0.575021505355835, 'learning_rate': 4.72e-05, 'num_tokens': 707881.0, 'mean_token_accuracy': 0.7188322637230158, 'epoch': 1.06}
[1A
[1A 53%|█████▎    | 265/500 [25:55<23:10,  5.92s/it]
[1A 53%|█████▎    | 266/500 [26:01<22:53,  5.87s/it]                           
{'loss': 0.7112, 'grad_norm': 0.5184444785118103, 'learning_rate': 4.7e-05, 'num_tokens': 710638.0, 'mean_token_accuracy': 0.7729773744940758, 'epoch': 1.06}
[1A
[1A 53%|█████▎    | 266/500 [26:01<22:53,  5.87s/it]
[1A 53%|█████▎    | 267/500 [26:07<22:43,  5.85s/it]
[1A                                                 
{'loss': 0.6982, 'grad_norm': 0.5533289909362793, 'learning_rate': 4.6800000000000006e-05, 'num_tokens': 713462.0, 'mean_token_accuracy': 0.7748472429811954, 'epoch': 1.07}
[1A
[1A 53%|█████▎    | 267/500 [26:07<22:43,  5.85s/it]
[1A 54%|█████▎    | 268/500 [26:13<22:28,  5.81s/it]
[1A                                                 
{'loss': 0.6847, 'grad_norm': 0.5170456767082214, 'learning_rate': 4.660000000000001e-05, 'num_tokens': 716281.0, 'mean_token_accuracy': 0.7619990929961205, 'epoch': 1.07}
[1A
[1A 54%|█████▎    | 268/500 [26:13<22:28,  5.81s/it]
[1A 54%|█████▍    | 269/500 [26:18<22:04,  5.73s/it]
[1A                                                 
{'loss': 0.6851, 'grad_norm': 0.5045604705810547, 'learning_rate': 4.64e-05, 'num_tokens': 719150.0, 'mean_token_accuracy': 0.774916272610426, 'epoch': 1.08}
[1A
[1A 54%|█████▍    | 269/500 [26:18<22:04,  5.73s/it]
[1A 54%|█████▍    | 270/500 [26:24<22:01,  5.75s/it]
[1A                                                 
{'loss': 0.7502, 'grad_norm': 0.5773147344589233, 'learning_rate': 4.6200000000000005e-05, 'num_tokens': 721568.0, 'mean_token_accuracy': 0.7118073664605618, 'epoch': 1.08}
[1A
[1A 54%|█████▍    | 270/500 [26:24<22:01,  5.75s/it]
[1A 54%|█████▍    | 271/500 [26:30<21:37,  5.67s/it]
[1A                                                 
{'loss': 0.6643, 'grad_norm': 0.5313351154327393, 'learning_rate': 4.600000000000001e-05, 'num_tokens': 724388.0, 'mean_token_accuracy': 0.7795399688184261, 'epoch': 1.08}
[1A
[1A 54%|█████▍    | 271/500 [26:30<21:37,  5.67s/it]
[1A 54%|█████▍    | 272/500 [26:35<21:36,  5.69s/it]
[1A                                                 
{'loss': 0.6729, 'grad_norm': 0.5118434429168701, 'learning_rate': 4.58e-05, 'num_tokens': 727184.0, 'mean_token_accuracy': 0.7533962838351727, 'epoch': 1.09}
[1A
[1A 54%|█████▍    | 272/500 [26:35<21:36,  5.69s/it]
[1A 55%|█████▍    | 273/500 [26:41<21:37,  5.72s/it]
[1A                                                 
{'loss': 0.75, 'grad_norm': 0.6036596894264221, 'learning_rate': 4.5600000000000004e-05, 'num_tokens': 729699.0, 'mean_token_accuracy': 0.7405817061662674, 'epoch': 1.09}
[1A
[1A 55%|█████▍    | 273/500 [26:41<21:37,  5.72s/it]
[1A 55%|█████▍    | 274/500 [26:47<21:31,  5.72s/it]
[1A                                                 
{'loss': 0.6887, 'grad_norm': 0.5709535479545593, 'learning_rate': 4.5400000000000006e-05, 'num_tokens': 732329.0, 'mean_token_accuracy': 0.759322252124548, 'epoch': 1.1}
[1A
[1A 55%|█████▍    | 274/500 [26:47<21:31,  5.72s/it]
[1A 55%|█████▌    | 275/500 [26:52<21:11,  5.65s/it]
[1A                                                 
{'loss': 0.7419, 'grad_norm': 0.6204410791397095, 'learning_rate': 4.52e-05, 'num_tokens': 735036.0, 'mean_token_accuracy': 0.7415130641311407, 'epoch': 1.1}
[1A
[1A 55%|█████▌    | 275/500 [26:52<21:11,  5.65s/it]
[1A 55%|█████▌    | 276/500 [26:58<21:15,  5.70s/it]
[1A                                                 
{'loss': 0.6823, 'grad_norm': 0.6220988035202026, 'learning_rate': 4.5e-05, 'num_tokens': 737809.0, 'mean_token_accuracy': 0.7651102393865585, 'epoch': 1.1}
[1A
[1A 55%|█████▌    | 276/500 [26:58<21:15,  5.70s/it]
[1A 55%|█████▌    | 277/500 [27:04<21:13,  5.71s/it]
[1A                                                 
{'loss': 0.6755, 'grad_norm': 0.5531647801399231, 'learning_rate': 4.4800000000000005e-05, 'num_tokens': 740635.0, 'mean_token_accuracy': 0.7603472545742989, 'epoch': 1.11}
[1A
[1A 55%|█████▌    | 277/500 [27:04<21:13,  5.71s/it]
[1A 56%|█████▌    | 278/500 [27:09<20:58,  5.67s/it]                           
{'loss': 0.694, 'grad_norm': 0.5573290586471558, 'learning_rate': 4.46e-05, 'num_tokens': 743291.0, 'mean_token_accuracy': 0.7485614661127329, 'epoch': 1.11}
[1A
[1A 56%|█████▌    | 278/500 [27:09<20:58,  5.67s/it]
[1A 56%|█████▌    | 279/500 [27:15<21:04,  5.72s/it]
[1A                                                 
{'loss': 0.797, 'grad_norm': 0.6322693824768066, 'learning_rate': 4.44e-05, 'num_tokens': 745554.0, 'mean_token_accuracy': 0.6979216411709785, 'epoch': 1.12}
[1A
[1A 56%|█████▌    | 279/500 [27:15<21:04,  5.72s/it]
[1A 56%|█████▌    | 280/500 [27:21<21:06,  5.76s/it]
[1A                                                 
{'loss': 0.6627, 'grad_norm': 0.6058731079101562, 'learning_rate': 4.4200000000000004e-05, 'num_tokens': 748072.0, 'mean_token_accuracy': 0.7571508884429932, 'epoch': 1.12}
[1A
[1A 56%|█████▌    | 280/500 [27:21<21:06,  5.76s/it]
[1A 56%|█████▌    | 281/500 [27:27<20:44,  5.68s/it]
[1A                                                 
{'loss': 0.7521, 'grad_norm': 0.5737533569335938, 'learning_rate': 4.4000000000000006e-05, 'num_tokens': 750872.0, 'mean_token_accuracy': 0.7428234480321407, 'epoch': 1.12}
[1A
[1A 56%|█████▌    | 281/500 [27:27<20:44,  5.68s/it]
[1A 56%|█████▋    | 282/500 [27:32<20:44,  5.71s/it]
[1A                                                 
{'loss': 0.7295, 'grad_norm': 0.6090031266212463, 'learning_rate': 4.38e-05, 'num_tokens': 753577.0, 'mean_token_accuracy': 0.7487059272825718, 'epoch': 1.13}
[1A
[1A 56%|█████▋    | 282/500 [27:32<20:44,  5.71s/it]
[1A 57%|█████▋    | 283/500 [27:38<20:41,  5.72s/it]
[1A                                                 
{'loss': 0.7976, 'grad_norm': 0.6467612981796265, 'learning_rate': 4.36e-05, 'num_tokens': 755970.0, 'mean_token_accuracy': 0.6941307093948126, 'epoch': 1.13}
[1A
[1A 57%|█████▋    | 283/500 [27:38<20:41,  5.72s/it]
[1A 57%|█████▋    | 284/500 [27:44<20:32,  5.71s/it]
[1A                                                 
{'loss': 0.7369, 'grad_norm': 0.5474572777748108, 'learning_rate': 4.3400000000000005e-05, 'num_tokens': 758839.0, 'mean_token_accuracy': 0.7454253789037466, 'epoch': 1.14}
[1A
[1A 57%|█████▋    | 284/500 [27:44<20:32,  5.71s/it]
[1A 57%|█████▋    | 285/500 [27:50<20:43,  5.78s/it]
[1A                                                 
{'loss': 0.7882, 'grad_norm': 0.6528917551040649, 'learning_rate': 4.32e-05, 'num_tokens': 761221.0, 'mean_token_accuracy': 0.7027119174599648, 'epoch': 1.14}
[1A
[1A 57%|█████▋    | 285/500 [27:50<20:43,  5.78s/it]
[1A 57%|█████▋    | 286/500 [27:56<21:15,  5.96s/it]                           
{'loss': 0.6574, 'grad_norm': 0.6028240919113159, 'learning_rate': 4.3e-05, 'num_tokens': 763891.0, 'mean_token_accuracy': 0.7512932270765305, 'epoch': 1.14}
[1A
[1A 57%|█████▋    | 286/500 [27:56<21:15,  5.96s/it]
[1A 57%|█████▋    | 287/500 [28:02<20:39,  5.82s/it]
[1A                                                 
{'loss': 0.6969, 'grad_norm': 0.6123329401016235, 'learning_rate': 4.2800000000000004e-05, 'num_tokens': 766469.0, 'mean_token_accuracy': 0.7321891188621521, 'epoch': 1.15}
[1A
[1A 57%|█████▋    | 287/500 [28:02<20:39,  5.82s/it]
[1A 58%|█████▊    | 288/500 [28:07<20:30,  5.80s/it]                           
{'loss': 0.7394, 'grad_norm': 0.575767457485199, 'learning_rate': 4.26e-05, 'num_tokens': 769000.0, 'mean_token_accuracy': 0.7344845235347748, 'epoch': 1.15}
[1A
[1A 58%|█████▊    | 288/500 [28:07<20:30,  5.80s/it]
[1A 58%|█████▊    | 289/500 [28:13<20:16,  5.77s/it]
[1A                                                 
{'loss': 0.6717, 'grad_norm': 0.5691353678703308, 'learning_rate': 4.24e-05, 'num_tokens': 771879.0, 'mean_token_accuracy': 0.7744016703218222, 'epoch': 1.16}
[1A
[1A 58%|█████▊    | 289/500 [28:13<20:16,  5.77s/it]
[1A 58%|█████▊    | 290/500 [28:19<19:58,  5.71s/it]
[1A                                                 
{'loss': 0.7352, 'grad_norm': 0.568273663520813, 'learning_rate': 4.22e-05, 'num_tokens': 774520.0, 'mean_token_accuracy': 0.7436823174357414, 'epoch': 1.16}
[1A
[1A 58%|█████▊    | 290/500 [28:19<19:58,  5.71s/it]
[1A 58%|█████▊    | 291/500 [28:25<20:33,  5.90s/it]
[1A                                                 
{'loss': 0.6838, 'grad_norm': 0.6166329383850098, 'learning_rate': 4.2e-05, 'num_tokens': 777112.0, 'mean_token_accuracy': 0.7459780052304268, 'epoch': 1.16}
[1A
[1A 58%|█████▊    | 291/500 [28:25<20:33,  5.90s/it]
[1A 58%|█████▊    | 292/500 [28:31<20:50,  6.01s/it]
[1A                                                 
{'loss': 0.6763, 'grad_norm': 0.5688990354537964, 'learning_rate': 4.18e-05, 'num_tokens': 779785.0, 'mean_token_accuracy': 0.7658988833427429, 'epoch': 1.17}
[1A
[1A 58%|█████▊    | 292/500 [28:31<20:50,  6.01s/it]
[1A 59%|█████▊    | 293/500 [28:37<20:44,  6.01s/it]
[1A                                                 
{'loss': 0.6392, 'grad_norm': 0.578865647315979, 'learning_rate': 4.16e-05, 'num_tokens': 782593.0, 'mean_token_accuracy': 0.7765793986618519, 'epoch': 1.17}
[1A
[1A 59%|█████▊    | 293/500 [28:37<20:44,  6.01s/it]
[1A 59%|█████▉    | 294/500 [28:43<20:38,  6.01s/it]
[1A                                                 
{'loss': 0.7452, 'grad_norm': 0.5894824266433716, 'learning_rate': 4.14e-05, 'num_tokens': 785126.0, 'mean_token_accuracy': 0.7301131263375282, 'epoch': 1.18}
[1A
[1A 59%|█████▉    | 294/500 [28:43<20:38,  6.01s/it]
[1A 59%|█████▉    | 295/500 [28:49<20:29,  6.00s/it]
[1A                                                 
{'loss': 0.6063, 'grad_norm': 0.5391729474067688, 'learning_rate': 4.12e-05, 'num_tokens': 787912.0, 'mean_token_accuracy': 0.7899076230823994, 'epoch': 1.18}
[1A
[1A 59%|█████▉    | 295/500 [28:49<20:29,  6.00s/it]
[1A 59%|█████▉    | 296/500 [28:55<20:29,  6.03s/it]
[1A                                                 
{'loss': 0.6508, 'grad_norm': 0.6054255366325378, 'learning_rate': 4.1e-05, 'num_tokens': 790506.0, 'mean_token_accuracy': 0.7503271475434303, 'epoch': 1.18}
[1A
[1A 59%|█████▉    | 296/500 [28:55<20:29,  6.03s/it]
[1A 59%|█████▉    | 297/500 [29:01<20:12,  5.97s/it]
[1A                                                 
{'loss': 0.6738, 'grad_norm': 0.5835083723068237, 'learning_rate': 4.08e-05, 'num_tokens': 793335.0, 'mean_token_accuracy': 0.764933168888092, 'epoch': 1.19}
[1A
[1A 59%|█████▉    | 297/500 [29:01<20:12,  5.97s/it]
[1A 60%|█████▉    | 298/500 [29:07<20:11,  6.00s/it]
[1A                                                 
{'loss': 0.7426, 'grad_norm': 0.6146147847175598, 'learning_rate': 4.0600000000000004e-05, 'num_tokens': 795864.0, 'mean_token_accuracy': 0.7258751019835472, 'epoch': 1.19}
[1A
[1A 60%|█████▉    | 298/500 [29:07<20:11,  6.00s/it]
[1A 60%|█████▉    | 299/500 [29:13<19:41,  5.88s/it]
[1A                                                 
{'loss': 0.6979, 'grad_norm': 0.5896355509757996, 'learning_rate': 4.0400000000000006e-05, 'num_tokens': 798481.0, 'mean_token_accuracy': 0.7567609325051308, 'epoch': 1.2}
[1A
[1A 60%|█████▉    | 299/500 [29:13<19:41,  5.88s/it]
[1A 60%|██████    | 300/500 [29:19<19:31,  5.86s/it]
[1A                                                 
{'loss': 0.5882, 'grad_norm': 0.5624248385429382, 'learning_rate': 4.02e-05, 'num_tokens': 801282.0, 'mean_token_accuracy': 0.7908373922109604, 'epoch': 1.2}
[1A
[1A 60%|██████    | 300/500 [29:19<19:31,  5.86s/it]
[1A 60%|██████    | 301/500 [29:24<19:22,  5.84s/it]
[1A                                                 
{'loss': 0.6391, 'grad_norm': 0.5374745726585388, 'learning_rate': 4e-05, 'num_tokens': 804078.0, 'mean_token_accuracy': 0.7791719883680344, 'epoch': 1.2}
[1A
[1A 60%|██████    | 301/500 [29:24<19:22,  5.84s/it]
[1A 60%|██████    | 302/500 [29:30<18:58,  5.75s/it]
[1A                                                 
{'loss': 0.7506, 'grad_norm': 0.6027494668960571, 'learning_rate': 3.9800000000000005e-05, 'num_tokens': 806708.0, 'mean_token_accuracy': 0.7302977927029133, 'epoch': 1.21}
[1A
[1A 60%|██████    | 302/500 [29:30<18:58,  5.75s/it]
[1A 61%|██████    | 303/500 [29:36<19:26,  5.92s/it]
[1A                                                 
{'loss': 0.5932, 'grad_norm': 0.5563808679580688, 'learning_rate': 3.960000000000001e-05, 'num_tokens': 809415.0, 'mean_token_accuracy': 0.7814655788242817, 'epoch': 1.21}
[1A
[1A 61%|██████    | 303/500 [29:36<19:26,  5.92s/it]
[1A 61%|██████    | 304/500 [29:43<19:36,  6.00s/it]
[1A                                                 
{'loss': 0.6847, 'grad_norm': 0.6060619950294495, 'learning_rate': 3.94e-05, 'num_tokens': 812098.0, 'mean_token_accuracy': 0.7503057606518269, 'epoch': 1.22}
[1A
[1A 61%|██████    | 304/500 [29:43<19:36,  6.00s/it]
[1A 61%|██████    | 305/500 [29:49<19:34,  6.02s/it]
[1A                                                 
{'loss': 0.7814, 'grad_norm': 0.6644387245178223, 'learning_rate': 3.9200000000000004e-05, 'num_tokens': 814509.0, 'mean_token_accuracy': 0.7153336256742477, 'epoch': 1.22}
[1A
[1A 61%|██████    | 305/500 [29:49<19:34,  6.02s/it]
[1A 61%|██████    | 306/500 [29:54<19:06,  5.91s/it]
[1A                                                 
{'loss': 0.6315, 'grad_norm': 0.5534297823905945, 'learning_rate': 3.9000000000000006e-05, 'num_tokens': 817460.0, 'mean_token_accuracy': 0.8004580289125443, 'epoch': 1.22}
[1A
[1A 61%|██████    | 306/500 [29:54<19:06,  5.91s/it]
[1A 61%|██████▏   | 307/500 [30:00<18:58,  5.90s/it]
[1A                                                 
{'loss': 0.7018, 'grad_norm': 0.6400338411331177, 'learning_rate': 3.88e-05, 'num_tokens': 820037.0, 'mean_token_accuracy': 0.7450245320796967, 'epoch': 1.23}
[1A
[1A 61%|██████▏   | 307/500 [30:00<18:58,  5.90s/it]
[1A 62%|██████▏   | 308/500 [30:06<18:44,  5.86s/it]
[1A                                                 
{'loss': 0.6973, 'grad_norm': 0.6001465320587158, 'learning_rate': 3.86e-05, 'num_tokens': 822652.0, 'mean_token_accuracy': 0.7573267407715321, 'epoch': 1.23}
[1A
[1A 62%|██████▏   | 308/500 [30:06<18:44,  5.86s/it]
[1A 62%|██████▏   | 309/500 [30:12<18:46,  5.90s/it]
[1A                                                 
{'loss': 0.6956, 'grad_norm': 0.6097058653831482, 'learning_rate': 3.8400000000000005e-05, 'num_tokens': 825415.0, 'mean_token_accuracy': 0.7557849176228046, 'epoch': 1.24}
[1A
[1A 62%|██████▏   | 309/500 [30:12<18:46,  5.90s/it]
[1A 62%|██████▏   | 310/500 [30:18<18:44,  5.92s/it]                           
{'loss': 0.6646, 'grad_norm': 0.5872907042503357, 'learning_rate': 3.82e-05, 'num_tokens': 828306.0, 'mean_token_accuracy': 0.7632906939834356, 'epoch': 1.24}
[1A
[1A 62%|██████▏   | 310/500 [30:18<18:44,  5.92s/it]
[1A 62%|██████▏   | 311/500 [30:24<18:43,  5.95s/it]
[1A                                                 
{'loss': 0.701, 'grad_norm': 0.6515692472457886, 'learning_rate': 3.8e-05, 'num_tokens': 831131.0, 'mean_token_accuracy': 0.7589971795678139, 'epoch': 1.24}
[1A
[1A 62%|██████▏   | 311/500 [30:24<18:43,  5.95s/it]
[1A 62%|██████▏   | 312/500 [30:30<18:27,  5.89s/it]
[1A                                                 
{'loss': 0.7223, 'grad_norm': 0.6635113954544067, 'learning_rate': 3.7800000000000004e-05, 'num_tokens': 833564.0, 'mean_token_accuracy': 0.7270275317132473, 'epoch': 1.25}
[1A
[1A 62%|██████▏   | 312/500 [30:30<18:27,  5.89s/it]
[1A 63%|██████▎   | 313/500 [30:36<18:27,  5.92s/it]
[1A                                                 
{'loss': 0.6322, 'grad_norm': 0.6175540685653687, 'learning_rate': 3.76e-05, 'num_tokens': 836095.0, 'mean_token_accuracy': 0.7516415975987911, 'epoch': 1.25}
[1A
[1A 63%|██████▎   | 313/500 [30:36<18:27,  5.92s/it]
[1A 63%|██████▎   | 314/500 [30:42<18:27,  5.95s/it]
[1A                                                 
{'loss': 0.7766, 'grad_norm': 0.6319108009338379, 'learning_rate': 3.74e-05, 'num_tokens': 838681.0, 'mean_token_accuracy': 0.7209805026650429, 'epoch': 1.26}
[1A
[1A 63%|██████▎   | 314/500 [30:42<18:27,  5.95s/it]
[1A 63%|██████▎   | 315/500 [30:47<18:10,  5.90s/it]
[1A                                                 
{'loss': 0.7052, 'grad_norm': 0.6724476218223572, 'learning_rate': 3.72e-05, 'num_tokens': 841204.0, 'mean_token_accuracy': 0.7479177005589008, 'epoch': 1.26}
[1A
[1A 63%|██████▎   | 315/500 [30:47<18:10,  5.90s/it]
[1A 63%|██████▎   | 316/500 [30:53<18:11,  5.93s/it]
[1A                                                 
{'loss': 0.6193, 'grad_norm': 0.5841421484947205, 'learning_rate': 3.7e-05, 'num_tokens': 844058.0, 'mean_token_accuracy': 0.7923553287982941, 'epoch': 1.26}
[1A
[1A 63%|██████▎   | 316/500 [30:53<18:11,  5.93s/it]
[1A 63%|██████▎   | 317/500 [30:59<18:09,  5.95s/it]
[1A                                                 
{'loss': 0.7208, 'grad_norm': 0.6315715909004211, 'learning_rate': 3.68e-05, 'num_tokens': 846802.0, 'mean_token_accuracy': 0.7404247000813484, 'epoch': 1.27}
[1A
[1A 63%|██████▎   | 317/500 [30:59<18:09,  5.95s/it]
[1A 64%|██████▎   | 318/500 [31:05<17:58,  5.92s/it]
[1A                                                 
{'loss': 0.7417, 'grad_norm': 0.6402271389961243, 'learning_rate': 3.66e-05, 'num_tokens': 849359.0, 'mean_token_accuracy': 0.7177931647747755, 'epoch': 1.27}
[1A
[1A 64%|██████▎   | 318/500 [31:05<17:58,  5.92s/it]
[1A 64%|██████▍   | 319/500 [31:11<18:08,  6.01s/it]
[1A                                                 
{'loss': 0.6519, 'grad_norm': 0.6050275564193726, 'learning_rate': 3.6400000000000004e-05, 'num_tokens': 852165.0, 'mean_token_accuracy': 0.7777391374111176, 'epoch': 1.28}
[1A
[1A 64%|██████▍   | 319/500 [31:11<18:08,  6.01s/it]
[1A 64%|██████▍   | 320/500 [31:17<17:54,  5.97s/it]
[1A                                                 
{'loss': 0.7502, 'grad_norm': 0.6311423182487488, 'learning_rate': 3.62e-05, 'num_tokens': 854815.0, 'mean_token_accuracy': 0.7308741230517626, 'epoch': 1.28}
[1A
[1A 64%|██████▍   | 320/500 [31:17<17:54,  5.97s/it]
[1A 64%|██████▍   | 321/500 [31:24<18:02,  6.05s/it]
[1A                                                 
{'loss': 0.7311, 'grad_norm': 0.6603385210037231, 'learning_rate': 3.6e-05, 'num_tokens': 857134.0, 'mean_token_accuracy': 0.7164123989641666, 'epoch': 1.28}
[1A
[1A 64%|██████▍   | 321/500 [31:24<18:02,  6.05s/it]
[1A 64%|██████▍   | 322/500 [31:29<17:43,  5.97s/it]
[1A                                                 
{'loss': 0.5561, 'grad_norm': 0.5735321044921875, 'learning_rate': 3.58e-05, 'num_tokens': 860083.0, 'mean_token_accuracy': 0.8152970969676971, 'epoch': 1.29}
[1A
[1A 64%|██████▍   | 322/500 [31:29<17:43,  5.97s/it]
[1A 65%|██████▍   | 323/500 [31:36<17:47,  6.03s/it]
[1A                                                 
{'loss': 0.7594, 'grad_norm': 0.6432638168334961, 'learning_rate': 3.56e-05, 'num_tokens': 862559.0, 'mean_token_accuracy': 0.7275214735418558, 'epoch': 1.29}
[1A
[1A 65%|██████▍   | 323/500 [31:36<17:47,  6.03s/it]
[1A 65%|██████▍   | 324/500 [31:41<17:30,  5.97s/it]                           
{'loss': 0.6839, 'grad_norm': 0.6196374297142029, 'learning_rate': 3.54e-05, 'num_tokens': 865576.0, 'mean_token_accuracy': 0.7748340144753456, 'epoch': 1.3}
[1A
[1A 65%|██████▍   | 324/500 [31:41<17:30,  5.97s/it]
[1A 65%|██████▌   | 325/500 [31:47<17:14,  5.91s/it]
[1A                                                 
{'loss': 0.6921, 'grad_norm': 0.605847954750061, 'learning_rate': 3.52e-05, 'num_tokens': 868377.0, 'mean_token_accuracy': 0.758918721228838, 'epoch': 1.3}
[1A
[1A 65%|██████▌   | 325/500 [31:47<17:14,  5.91s/it]
[1A 65%|██████▌   | 326/500 [31:53<17:13,  5.94s/it]
[1A                                                 
{'loss': 0.6396, 'grad_norm': 0.6074722409248352, 'learning_rate': 3.5e-05, 'num_tokens': 871178.0, 'mean_token_accuracy': 0.7743286117911339, 'epoch': 1.3}
[1A
[1A 65%|██████▌   | 326/500 [31:53<17:13,  5.94s/it]
[1A 65%|██████▌   | 327/500 [31:59<16:52,  5.85s/it]
[1A                                                 
{'loss': 0.7513, 'grad_norm': 0.6378158330917358, 'learning_rate': 3.48e-05, 'num_tokens': 873665.0, 'mean_token_accuracy': 0.7418228723108768, 'epoch': 1.31}
[1A
[1A 65%|██████▌   | 327/500 [31:59<16:52,  5.85s/it]
[1A 66%|██████▌   | 328/500 [32:05<17:14,  6.01s/it]
[1A                                                 
{'loss': 0.7258, 'grad_norm': 0.6143174171447754, 'learning_rate': 3.46e-05, 'num_tokens': 876174.0, 'mean_token_accuracy': 0.7422033529728651, 'epoch': 1.31}
[1A
[1A 66%|██████▌   | 328/500 [32:05<17:14,  6.01s/it]
[1A 66%|██████▌   | 329/500 [32:11<16:59,  5.96s/it]
[1A                                                 
[1A
{'loss': 0.6257, 'grad_norm': 0.5576609373092651, 'learning_rate': 3.4399999999999996e-05, 'num_tokens': 878980.0, 'mean_token_accuracy': 0.7907975018024445, 'epoch': 1.32}
[1A 66%|██████▌   | 329/500 [32:11<16:59,  5.96s/it]
[1A 66%|██████▌   | 330/500 [32:17<16:31,  5.83s/it]
[1A                                                 
{'loss': 0.7496, 'grad_norm': 0.720429003238678, 'learning_rate': 3.4200000000000005e-05, 'num_tokens': 881302.0, 'mean_token_accuracy': 0.7144683636724949, 'epoch': 1.32}
[1A
[1A 66%|██████▌   | 330/500 [32:17<16:31,  5.83s/it]
[1A 66%|██████▌   | 331/500 [32:22<16:24,  5.82s/it]
[1A                                                 
{'loss': 0.6719, 'grad_norm': 0.581678032875061, 'learning_rate': 3.4000000000000007e-05, 'num_tokens': 884119.0, 'mean_token_accuracy': 0.7744903638958931, 'epoch': 1.32}
[1A
[1A 66%|██████▌   | 331/500 [32:22<16:24,  5.82s/it]
[1A 66%|██████▋   | 332/500 [32:28<16:16,  5.81s/it]
[1A                                                 
{'loss': 0.6854, 'grad_norm': 0.6850642561912537, 'learning_rate': 3.38e-05, 'num_tokens': 886600.0, 'mean_token_accuracy': 0.7424632906913757, 'epoch': 1.33}
[1A
[1A 66%|██████▋   | 332/500 [32:28<16:16,  5.81s/it]
[1A 67%|██████▋   | 333/500 [32:34<15:59,  5.75s/it]                           
{'loss': 0.6732, 'grad_norm': 0.6812807321548462, 'learning_rate': 3.3600000000000004e-05, 'num_tokens': 889442.0, 'mean_token_accuracy': 0.7987192049622536, 'epoch': 1.33}
[1A
[1A 67%|██████▋   | 333/500 [32:34<15:59,  5.75s/it]
[1A 67%|██████▋   | 334/500 [32:40<15:57,  5.77s/it]
[1A                                                 
{'loss': 0.6649, 'grad_norm': 0.6322287917137146, 'learning_rate': 3.3400000000000005e-05, 'num_tokens': 891979.0, 'mean_token_accuracy': 0.7459205891937017, 'epoch': 1.34}
[1A
[1A 67%|██████▋   | 334/500 [32:40<15:57,  5.77s/it]
[1A 67%|██████▋   | 335/500 [32:45<15:53,  5.78s/it]
[1A                                                 
{'loss': 0.6873, 'grad_norm': 0.6174781918525696, 'learning_rate': 3.32e-05, 'num_tokens': 894714.0, 'mean_token_accuracy': 0.7593743521720171, 'epoch': 1.34}
[1A
[1A 67%|██████▋   | 335/500 [32:45<15:53,  5.78s/it]
[1A 67%|██████▋   | 336/500 [32:51<15:39,  5.73s/it]
[1A                                                 
{'loss': 0.6555, 'grad_norm': 0.6357588171958923, 'learning_rate': 3.3e-05, 'num_tokens': 897361.0, 'mean_token_accuracy': 0.7659824416041374, 'epoch': 1.34}
[1A
[1A 67%|██████▋   | 336/500 [32:51<15:39,  5.73s/it]
[1A 67%|██████▋   | 337/500 [32:57<16:08,  5.94s/it]
[1A                                                 
{'loss': 0.7214, 'grad_norm': 0.668759286403656, 'learning_rate': 3.2800000000000004e-05, 'num_tokens': 900004.0, 'mean_token_accuracy': 0.7400190103799105, 'epoch': 1.35}
[1A
[1A 67%|██████▋   | 337/500 [32:57<16:08,  5.94s/it]
[1A 68%|██████▊   | 338/500 [33:04<16:21,  6.06s/it]
[1A                                                 
{'loss': 0.6542, 'grad_norm': 0.5818089246749878, 'learning_rate': 3.26e-05, 'num_tokens': 902781.0, 'mean_token_accuracy': 0.7655093632638454, 'epoch': 1.35}
[1A
[1A 68%|██████▊   | 338/500 [33:04<16:21,  6.06s/it]
[1A 68%|██████▊   | 339/500 [33:10<16:04,  5.99s/it]
[1A                                                 
{'loss': 0.7115, 'grad_norm': 0.6927705407142639, 'learning_rate': 3.24e-05, 'num_tokens': 905215.0, 'mean_token_accuracy': 0.7404736764729023, 'epoch': 1.36}
[1A
[1A 68%|██████▊   | 339/500 [33:10<16:04,  5.99s/it]
[1A 68%|██████▊   | 340/500 [33:16<16:26,  6.17s/it]                           
{'loss': 0.6504, 'grad_norm': 0.6343770027160645, 'learning_rate': 3.2200000000000003e-05, 'num_tokens': 908046.0, 'mean_token_accuracy': 0.7765773460268974, 'epoch': 1.36}
[1A
[1A 68%|██████▊   | 340/500 [33:16<16:26,  6.17s/it]
[1A 68%|██████▊   | 341/500 [33:22<16:29,  6.22s/it]
[1A                                                 
{'loss': 0.6966, 'grad_norm': 0.6241265535354614, 'learning_rate': 3.2000000000000005e-05, 'num_tokens': 910659.0, 'mean_token_accuracy': 0.7414665650576353, 'epoch': 1.36}
[1A
[1A 68%|██████▊   | 341/500 [33:22<16:29,  6.22s/it]
[1A 68%|██████▊   | 342/500 [33:28<16:00,  6.08s/it]                           
{'loss': 0.657, 'grad_norm': 0.601847231388092, 'learning_rate': 3.18e-05, 'num_tokens': 913348.0, 'mean_token_accuracy': 0.7646886967122555, 'epoch': 1.37}
[1A
[1A 68%|██████▊   | 342/500 [33:28<16:00,  6.08s/it]
[1A 69%|██████▊   | 343/500 [33:34<15:54,  6.08s/it]
[1A                                                 
{'loss': 0.7973, 'grad_norm': 0.6916162371635437, 'learning_rate': 3.16e-05, 'num_tokens': 915593.0, 'mean_token_accuracy': 0.7326302565634251, 'epoch': 1.37}
[1A
[1A 69%|██████▊   | 343/500 [33:34<15:54,  6.08s/it]
[1A 69%|██████▉   | 344/500 [33:40<15:36,  6.00s/it]                           
{'loss': 0.6872, 'grad_norm': 0.5985589623451233, 'learning_rate': 3.1400000000000004e-05, 'num_tokens': 918315.0, 'mean_token_accuracy': 0.762628760188818, 'epoch': 1.38}
[1A
[1A 69%|██████▉   | 344/500 [33:40<15:36,  6.00s/it]
[1A 69%|██████▉   | 345/500 [33:47<15:48,  6.12s/it]
[1A                                                 
{'loss': 0.721, 'grad_norm': 0.6090693473815918, 'learning_rate': 3.12e-05, 'num_tokens': 920882.0, 'mean_token_accuracy': 0.7431179285049438, 'epoch': 1.38}
[1A
[1A 69%|██████▉   | 345/500 [33:47<15:48,  6.12s/it]
[1A 69%|██████▉   | 346/500 [33:53<15:41,  6.11s/it]                           
{'loss': 0.6901, 'grad_norm': 0.5874831080436707, 'learning_rate': 3.1e-05, 'num_tokens': 923718.0, 'mean_token_accuracy': 0.7629155777394772, 'epoch': 1.38}
[1A
[1A 69%|██████▉   | 346/500 [33:53<15:41,  6.11s/it]
[1A 69%|██████▉   | 347/500 [33:59<15:34,  6.11s/it]
[1A                                                 
{'loss': 0.6339, 'grad_norm': 0.5736424922943115, 'learning_rate': 3.08e-05, 'num_tokens': 926435.0, 'mean_token_accuracy': 0.7921663261950016, 'epoch': 1.39}
[1A
[1A 69%|██████▉   | 347/500 [33:59<15:34,  6.11s/it]
[1A 70%|██████▉   | 348/500 [34:05<15:22,  6.07s/it]
[1A                                                 
{'loss': 0.7086, 'grad_norm': 0.6495463252067566, 'learning_rate': 3.06e-05, 'num_tokens': 929041.0, 'mean_token_accuracy': 0.7345237545669079, 'epoch': 1.39}
[1A
[1A 70%|██████▉   | 348/500 [34:05<15:22,  6.07s/it]
[1A 70%|██████▉   | 349/500 [34:11<15:16,  6.07s/it]
[1A                                                 
{'loss': 0.6286, 'grad_norm': 0.5751089453697205, 'learning_rate': 3.04e-05, 'num_tokens': 931890.0, 'mean_token_accuracy': 0.7836769931018353, 'epoch': 1.4}
[1A
[1A 70%|██████▉   | 349/500 [34:11<15:16,  6.07s/it]
[1A 70%|███████   | 350/500 [34:17<15:24,  6.16s/it]
[1A                                                 
{'loss': 0.7163, 'grad_norm': 0.6544555425643921, 'learning_rate': 3.02e-05, 'num_tokens': 934444.0, 'mean_token_accuracy': 0.7525555621832609, 'epoch': 1.4}
[1A
[1A 70%|███████   | 350/500 [34:17<15:24,  6.16s/it]
[1A 70%|███████   | 351/500 [34:23<15:14,  6.14s/it]
[1A                                                 
{'loss': 0.8255, 'grad_norm': 0.6340512037277222, 'learning_rate': 3e-05, 'num_tokens': 936899.0, 'mean_token_accuracy': 0.7044621929526329, 'epoch': 1.4}
[1A
[1A 70%|███████   | 351/500 [34:23<15:14,  6.14s/it]
[1A 70%|███████   | 352/500 [34:29<14:44,  5.97s/it]
[1A                                                 
{'loss': 0.7335, 'grad_norm': 0.6051145195960999, 'learning_rate': 2.98e-05, 'num_tokens': 939613.0, 'mean_token_accuracy': 0.7455784529447556, 'epoch': 1.41}
[1A
[1A 70%|███████   | 352/500 [34:29<14:44,  5.97s/it]
[1A 71%|███████   | 353/500 [34:35<14:33,  5.94s/it]                           
{'loss': 0.7047, 'grad_norm': 0.6360377669334412, 'learning_rate': 2.96e-05, 'num_tokens': 942163.0, 'mean_token_accuracy': 0.7380977384746075, 'epoch': 1.41}
[1A
[1A 71%|███████   | 353/500 [34:35<14:33,  5.94s/it]
[1A 71%|███████   | 354/500 [34:40<14:19,  5.89s/it]
[1A                                                 
{'loss': 0.6328, 'grad_norm': 0.618613064289093, 'learning_rate': 2.94e-05, 'num_tokens': 944955.0, 'mean_token_accuracy': 0.7862291038036346, 'epoch': 1.42}
[1A
[1A 71%|███████   | 354/500 [34:40<14:19,  5.89s/it]
[1A 71%|███████   | 355/500 [34:46<14:08,  5.85s/it]
[1A                                                 
{'loss': 0.592, 'grad_norm': 0.5724384784698486, 'learning_rate': 2.9199999999999998e-05, 'num_tokens': 947986.0, 'mean_token_accuracy': 0.8075927495956421, 'epoch': 1.42}
[1A
[1A 71%|███████   | 355/500 [34:46<14:08,  5.85s/it]
[1A 71%|███████   | 356/500 [34:52<14:04,  5.87s/it]
[1A                                                 
{'loss': 0.7055, 'grad_norm': 0.577506422996521, 'learning_rate': 2.9e-05, 'num_tokens': 950770.0, 'mean_token_accuracy': 0.7643600888550282, 'epoch': 1.42}
[1A
[1A 71%|███████   | 356/500 [34:52<14:04,  5.87s/it]
[1A 71%|███████▏  | 357/500 [34:58<14:16,  5.99s/it]
[1A                                                 
{'loss': 0.6782, 'grad_norm': 0.6291365623474121, 'learning_rate': 2.88e-05, 'num_tokens': 953533.0, 'mean_token_accuracy': 0.787106990814209, 'epoch': 1.43}
[1A
[1A 71%|███████▏  | 357/500 [34:58<14:16,  5.99s/it]
[1A 72%|███████▏  | 358/500 [35:04<14:02,  5.93s/it]
[1A                                                 
{'loss': 0.68, 'grad_norm': 0.6133196949958801, 'learning_rate': 2.86e-05, 'num_tokens': 956108.0, 'mean_token_accuracy': 0.7451079450547695, 'epoch': 1.43}
[1A
[1A 72%|███████▏  | 358/500 [35:04<14:02,  5.93s/it]
[1A 72%|███████▏  | 359/500 [35:10<14:03,  5.99s/it]
[1A                                                 
{'loss': 0.6951, 'grad_norm': 0.6148697137832642, 'learning_rate': 2.84e-05, 'num_tokens': 958786.0, 'mean_token_accuracy': 0.7530307061970234, 'epoch': 1.44}
[1A
[1A 72%|███████▏  | 359/500 [35:10<14:03,  5.99s/it]
[1A 72%|███████▏  | 360/500 [35:16<13:59,  6.00s/it]
[1A                                                 
{'loss': 0.7158, 'grad_norm': 0.5896106958389282, 'learning_rate': 2.8199999999999998e-05, 'num_tokens': 961607.0, 'mean_token_accuracy': 0.7558351419866085, 'epoch': 1.44}
[1A
[1A 72%|███████▏  | 360/500 [35:16<13:59,  6.00s/it]
[1A 72%|███████▏  | 361/500 [35:22<13:43,  5.92s/it]
[1A                                                 
{'loss': 0.7236, 'grad_norm': 0.6802549958229065, 'learning_rate': 2.8000000000000003e-05, 'num_tokens': 964046.0, 'mean_token_accuracy': 0.7308120392262936, 'epoch': 1.44}
[1A
[1A 72%|███████▏  | 361/500 [35:22<13:43,  5.92s/it]
[1A 72%|███████▏  | 362/500 [35:28<13:40,  5.95s/it]
[1A                                                 
{'loss': 0.6749, 'grad_norm': 0.6262052655220032, 'learning_rate': 2.7800000000000005e-05, 'num_tokens': 966898.0, 'mean_token_accuracy': 0.7674007136374712, 'epoch': 1.45}
[1A
[1A 72%|███████▏  | 362/500 [35:28<13:40,  5.95s/it]
[1A 73%|███████▎  | 363/500 [35:34<13:37,  5.97s/it]
[1A                                                 
{'loss': 0.8698, 'grad_norm': 0.7762694358825684, 'learning_rate': 2.7600000000000003e-05, 'num_tokens': 969160.0, 'mean_token_accuracy': 0.6830823346972466, 'epoch': 1.45}
[1A
[1A 73%|███████▎  | 363/500 [35:34<13:37,  5.97s/it]
[1A 73%|███████▎  | 364/500 [35:40<13:22,  5.90s/it]
[1A                                                 
{'loss': 0.6463, 'grad_norm': 0.5981042385101318, 'learning_rate': 2.7400000000000002e-05, 'num_tokens': 972053.0, 'mean_token_accuracy': 0.7874585948884487, 'epoch': 1.46}
[1A
[1A 73%|███████▎  | 364/500 [35:40<13:22,  5.90s/it]
[1A 73%|███████▎  | 365/500 [35:46<13:36,  6.05s/it]
[1A                                                 
{'loss': 0.7529, 'grad_norm': 0.647667407989502, 'learning_rate': 2.7200000000000004e-05, 'num_tokens': 974542.0, 'mean_token_accuracy': 0.7268078364431858, 'epoch': 1.46}
[1A
[1A 73%|███████▎  | 365/500 [35:46<13:36,  6.05s/it]
[1A 73%|███████▎  | 366/500 [35:53<14:12,  6.36s/it]
[1A                                                 
{'loss': 0.6592, 'grad_norm': 0.5839447975158691, 'learning_rate': 2.7000000000000002e-05, 'num_tokens': 977371.0, 'mean_token_accuracy': 0.7706004455685616, 'epoch': 1.46}
[1A
[1A 73%|███████▎  | 366/500 [35:53<14:12,  6.36s/it]
[1A 73%|███████▎  | 367/500 [36:00<14:15,  6.43s/it]
[1A                                                 
{'loss': 0.7295, 'grad_norm': 0.6244423985481262, 'learning_rate': 2.6800000000000004e-05, 'num_tokens': 979989.0, 'mean_token_accuracy': 0.7594653740525246, 'epoch': 1.47}
[1A
[1A 73%|███████▎  | 367/500 [36:00<14:15,  6.43s/it]
[1A 74%|███████▎  | 368/500 [36:07<14:19,  6.51s/it]
[1A                                                 
{'loss': 0.7064, 'grad_norm': 0.6263158321380615, 'learning_rate': 2.6600000000000003e-05, 'num_tokens': 982712.0, 'mean_token_accuracy': 0.7467347830533981, 'epoch': 1.47}
[1A
[1A 74%|███████▎  | 368/500 [36:07<14:19,  6.51s/it]
[1A 74%|███████▍  | 369/500 [36:13<13:51,  6.34s/it]
[1A                                                 
{'loss': 0.6288, 'grad_norm': 0.611748456954956, 'learning_rate': 2.64e-05, 'num_tokens': 985472.0, 'mean_token_accuracy': 0.7681082971394062, 'epoch': 1.48}
[1A
[1A 74%|███████▍  | 369/500 [36:13<13:51,  6.34s/it]
[1A 74%|███████▍  | 370/500 [36:18<13:21,  6.16s/it]
[1A                                                 
{'loss': 0.7288, 'grad_norm': 0.6332715749740601, 'learning_rate': 2.6200000000000003e-05, 'num_tokens': 988141.0, 'mean_token_accuracy': 0.742750309407711, 'epoch': 1.48}
[1A
[1A 74%|███████▍  | 370/500 [36:18<13:21,  6.16s/it]
[1A 74%|███████▍  | 371/500 [36:24<13:06,  6.10s/it]
[1A                                                 
{'loss': 0.6247, 'grad_norm': 0.655188262462616, 'learning_rate': 2.6000000000000002e-05, 'num_tokens': 990868.0, 'mean_token_accuracy': 0.7824492156505585, 'epoch': 1.48}
[1A
[1A 74%|███████▍  | 371/500 [36:24<13:06,  6.10s/it]
[1A 74%|███████▍  | 372/500 [36:30<12:50,  6.02s/it]
[1A                                                 
{'loss': 0.7283, 'grad_norm': 0.6371842622756958, 'learning_rate': 2.58e-05, 'num_tokens': 993726.0, 'mean_token_accuracy': 0.749991849064827, 'epoch': 1.49}
[1A
[1A 74%|███████▍  | 372/500 [36:30<12:50,  6.02s/it]
[1A 75%|███████▍  | 373/500 [36:36<12:30,  5.91s/it]
[1A                                                 
{'loss': 0.7193, 'grad_norm': 0.6456080675125122, 'learning_rate': 2.5600000000000002e-05, 'num_tokens': 996341.0, 'mean_token_accuracy': 0.7452972196042538, 'epoch': 1.49}
[1A
[1A 75%|███████▍  | 373/500 [36:36<12:30,  5.91s/it]
[1A 75%|███████▍  | 374/500 [36:42<12:19,  5.87s/it]
[1A                                                 
{'loss': 0.6383, 'grad_norm': 0.5868597030639648, 'learning_rate': 2.54e-05, 'num_tokens': 999313.0, 'mean_token_accuracy': 0.7929749488830566, 'epoch': 1.5}
[1A
[1A 75%|███████▍  | 374/500 [36:42<12:19,  5.87s/it]
[1A 75%|███████▌  | 375/500 [36:47<12:12,  5.86s/it]
[1A                                                 
{'loss': 0.7345, 'grad_norm': 0.615142822265625, 'learning_rate': 2.5200000000000003e-05, 'num_tokens': 1001893.0, 'mean_token_accuracy': 0.7306465581059456, 'epoch': 1.5}
[1A
[1A 75%|███████▌  | 375/500 [36:47<12:12,  5.86s/it]
[1A 75%|███████▌  | 376/500 [36:53<11:56,  5.78s/it]
[1A                                                 
{'loss': 0.7561, 'grad_norm': 0.6516855359077454, 'learning_rate': 2.5e-05, 'num_tokens': 1004520.0, 'mean_token_accuracy': 0.7271527349948883, 'epoch': 1.5}
[1A
[1A 75%|███████▌  | 376/500 [36:53<11:56,  5.78s/it]
[1A 75%|███████▌  | 377/500 [36:59<11:52,  5.79s/it]
[1A                                                 
{'loss': 0.6813, 'grad_norm': 0.5978541970252991, 'learning_rate': 2.48e-05, 'num_tokens': 1007201.0, 'mean_token_accuracy': 0.7533790562301874, 'epoch': 1.51}
[1A
[1A 75%|███████▌  | 377/500 [36:59<11:52,  5.79s/it]
[1A 76%|███████▌  | 378/500 [37:05<12:15,  6.03s/it]
[1A                                                 
{'loss': 0.6899, 'grad_norm': 0.6152059435844421, 'learning_rate': 2.46e-05, 'num_tokens': 1009972.0, 'mean_token_accuracy': 0.7812961433082819, 'epoch': 1.51}
[1A
[1A 76%|███████▌  | 378/500 [37:05<12:15,  6.03s/it]
[1A 76%|███████▌  | 379/500 [37:12<12:40,  6.28s/it]
[1A                                                 
{'loss': 0.6009, 'grad_norm': 0.5946459770202637, 'learning_rate': 2.44e-05, 'num_tokens': 1012809.0, 'mean_token_accuracy': 0.7968176566064358, 'epoch': 1.52}
[1A
[1A 76%|███████▌  | 379/500 [37:12<12:40,  6.28s/it]
[1A 76%|███████▌  | 380/500 [37:19<12:46,  6.39s/it]
[1A                                                 
{'loss': 0.5934, 'grad_norm': 0.5834364295005798, 'learning_rate': 2.4200000000000002e-05, 'num_tokens': 1015749.0, 'mean_token_accuracy': 0.8082119710743427, 'epoch': 1.52}
[1A
[1A 76%|███████▌  | 380/500 [37:19<12:46,  6.39s/it]
[1A 76%|███████▌  | 381/500 [37:26<12:56,  6.53s/it]
[1A                                                 
{'loss': 0.6718, 'grad_norm': 0.6305004358291626, 'learning_rate': 2.4e-05, 'num_tokens': 1018469.0, 'mean_token_accuracy': 0.758662473410368, 'epoch': 1.52}
[1A
[1A 76%|███████▌  | 381/500 [37:26<12:56,  6.53s/it]
[1A 76%|███████▋  | 382/500 [37:32<12:53,  6.55s/it]
[1A                                                 
{'loss': 0.7544, 'grad_norm': 0.6945289373397827, 'learning_rate': 2.38e-05, 'num_tokens': 1020990.0, 'mean_token_accuracy': 0.7220806777477264, 'epoch': 1.53}
[1A
[1A 76%|███████▋  | 382/500 [37:32<12:53,  6.55s/it]
[1A 77%|███████▋  | 383/500 [37:39<13:01,  6.68s/it]
[1A                                                 
{'loss': 0.626, 'grad_norm': 0.5575336217880249, 'learning_rate': 2.36e-05, 'num_tokens': 1023975.0, 'mean_token_accuracy': 0.7933003753423691, 'epoch': 1.53}
[1A
[1A 77%|███████▋  | 383/500 [37:39<13:01,  6.68s/it]
[1A 77%|███████▋  | 384/500 [37:46<13:07,  6.79s/it]
[1A                                                 
{'loss': 0.7604, 'grad_norm': 0.631033182144165, 'learning_rate': 2.3400000000000003e-05, 'num_tokens': 1026550.0, 'mean_token_accuracy': 0.7244145758450031, 'epoch': 1.54}
[1A
[1A 77%|███████▋  | 384/500 [37:46<13:07,  6.79s/it]
[1A 77%|███████▋  | 385/500 [37:53<13:07,  6.85s/it]
[1A                                                 
{'loss': 0.7417, 'grad_norm': 0.6616441011428833, 'learning_rate': 2.32e-05, 'num_tokens': 1029150.0, 'mean_token_accuracy': 0.7444900795817375, 'epoch': 1.54}
[1A
[1A 77%|███████▋  | 385/500 [37:53<13:07,  6.85s/it]
[1A 77%|███████▋  | 386/500 [38:00<12:58,  6.82s/it]
[1A                                                 
{'loss': 0.6652, 'grad_norm': 0.621788740158081, 'learning_rate': 2.3000000000000003e-05, 'num_tokens': 1032116.0, 'mean_token_accuracy': 0.782307218760252, 'epoch': 1.54}
[1A
[1A 77%|███████▋  | 386/500 [38:00<12:58,  6.82s/it]
[1A 77%|███████▋  | 387/500 [38:07<12:55,  6.86s/it]
[1A                                                 
{'loss': 0.6595, 'grad_norm': 0.6136056780815125, 'learning_rate': 2.2800000000000002e-05, 'num_tokens': 1034892.0, 'mean_token_accuracy': 0.7673436589539051, 'epoch': 1.55}
[1A
[1A 77%|███████▋  | 387/500 [38:07<12:55,  6.86s/it]
[1A 78%|███████▊  | 388/500 [38:14<12:54,  6.92s/it]
[1A                                                 
{'loss': 0.6966, 'grad_norm': 0.6531649827957153, 'learning_rate': 2.26e-05, 'num_tokens': 1037793.0, 'mean_token_accuracy': 0.7654023692011833, 'epoch': 1.55}
[1A
[1A 78%|███████▊  | 388/500 [38:14<12:54,  6.92s/it]
[1A 78%|███████▊  | 389/500 [38:21<12:40,  6.85s/it]
[1A                                                 
{'loss': 0.7898, 'grad_norm': 0.683513879776001, 'learning_rate': 2.2400000000000002e-05, 'num_tokens': 1040308.0, 'mean_token_accuracy': 0.7066033501178026, 'epoch': 1.56}
[1A
[1A 78%|███████▊  | 389/500 [38:21<12:40,  6.85s/it]
[1A 78%|███████▊  | 390/500 [38:28<12:35,  6.87s/it]
[1A                                                 
{'loss': 0.6099, 'grad_norm': 0.5825085639953613, 'learning_rate': 2.22e-05, 'num_tokens': 1043255.0, 'mean_token_accuracy': 0.7979724407196045, 'epoch': 1.56}
[1A
[1A 78%|███████▊  | 390/500 [38:28<12:35,  6.87s/it]
[1A 78%|███████▊  | 391/500 [38:35<12:31,  6.90s/it]
[1A                                                 
{'loss': 0.6848, 'grad_norm': 0.5930019021034241, 'learning_rate': 2.2000000000000003e-05, 'num_tokens': 1045961.0, 'mean_token_accuracy': 0.7519668079912663, 'epoch': 1.56}
[1A
[1A 78%|███████▊  | 391/500 [38:35<12:31,  6.90s/it]
[1A 78%|███████▊  | 392/500 [38:41<12:17,  6.83s/it]
[1A                                                 
{'loss': 0.6812, 'grad_norm': 0.6645776033401489, 'learning_rate': 2.18e-05, 'num_tokens': 1048654.0, 'mean_token_accuracy': 0.7638149112462997, 'epoch': 1.57}
[1A
[1A 78%|███████▊  | 392/500 [38:41<12:17,  6.83s/it]
[1A 79%|███████▊  | 393/500 [38:48<12:12,  6.85s/it]
[1A                                                 
{'loss': 0.7096, 'grad_norm': 0.70135098695755, 'learning_rate': 2.16e-05, 'num_tokens': 1051119.0, 'mean_token_accuracy': 0.7310553230345249, 'epoch': 1.57}
[1A
[1A 79%|███████▊  | 393/500 [38:48<12:12,  6.85s/it]
[1A 79%|███████▉  | 394/500 [38:54<11:33,  6.54s/it]
[1A                                                 
{'loss': 0.6638, 'grad_norm': 0.6182530522346497, 'learning_rate': 2.1400000000000002e-05, 'num_tokens': 1053976.0, 'mean_token_accuracy': 0.7799979746341705, 'epoch': 1.58}
[1A
[1A 79%|███████▉  | 394/500 [38:54<11:33,  6.54s/it]
[1A 79%|███████▉  | 395/500 [39:00<11:14,  6.42s/it]
[1A                                                 
{'loss': 0.8326, 'grad_norm': 0.6729776859283447, 'learning_rate': 2.12e-05, 'num_tokens': 1056535.0, 'mean_token_accuracy': 0.6956284902989864, 'epoch': 1.58}
[1A
[1A 79%|███████▉  | 395/500 [39:00<11:14,  6.42s/it]
[1A 79%|███████▉  | 396/500 [39:06<10:55,  6.30s/it]
[1A                                                 
{'loss': 0.7252, 'grad_norm': 0.6258277893066406, 'learning_rate': 2.1e-05, 'num_tokens': 1059290.0, 'mean_token_accuracy': 0.7551135718822479, 'epoch': 1.58}
[1A
[1A 79%|███████▉  | 396/500 [39:06<10:55,  6.30s/it]
[1A 79%|███████▉  | 397/500 [39:12<10:33,  6.15s/it]                           
{'loss': 0.7058, 'grad_norm': 0.6570123434066772, 'learning_rate': 2.08e-05, 'num_tokens': 1061915.0, 'mean_token_accuracy': 0.7510204892605543, 'epoch': 1.59}
[1A
[1A 79%|███████▉  | 397/500 [39:12<10:33,  6.15s/it]
[1A 80%|███████▉  | 398/500 [39:17<10:06,  5.95s/it]
[1A                                                 
{'loss': 0.7953, 'grad_norm': 0.7467159628868103, 'learning_rate': 2.06e-05, 'num_tokens': 1064299.0, 'mean_token_accuracy': 0.7253136746585369, 'epoch': 1.59}
[1A
[1A 80%|███████▉  | 398/500 [39:17<10:06,  5.95s/it]
[1A 80%|███████▉  | 399/500 [39:23<09:53,  5.88s/it]
[1A                                                 
{'loss': 0.6871, 'grad_norm': 0.6250869631767273, 'learning_rate': 2.04e-05, 'num_tokens': 1067037.0, 'mean_token_accuracy': 0.7730368562042713, 'epoch': 1.6}
[1A
[1A 80%|███████▉  | 399/500 [39:23<09:53,  5.88s/it]
[1A 80%|████████  | 400/500 [39:29<09:45,  5.85s/it]
[1A                                                 
{'loss': 0.6641, 'grad_norm': 0.6349980235099792, 'learning_rate': 2.0200000000000003e-05, 'num_tokens': 1069602.0, 'mean_token_accuracy': 0.7512854114174843, 'epoch': 1.6}
[1A
[1A 80%|████████  | 400/500 [39:29<09:45,  5.85s/it]
[1A 80%|████████  | 401/500 [39:34<09:28,  5.74s/it]
[1A                                                 
{'loss': 0.7356, 'grad_norm': 0.6482105851173401, 'learning_rate': 2e-05, 'num_tokens': 1072166.0, 'mean_token_accuracy': 0.7342838905751705, 'epoch': 1.6}
[1A
[1A 80%|████████  | 401/500 [39:34<09:28,  5.74s/it]
[1A 80%|████████  | 402/500 [39:40<09:24,  5.76s/it]
[1A                                                 
{'loss': 0.6652, 'grad_norm': 0.7210305333137512, 'learning_rate': 1.9800000000000004e-05, 'num_tokens': 1074768.0, 'mean_token_accuracy': 0.7555748596787453, 'epoch': 1.61}
[1A
[1A 80%|████████  | 402/500 [39:40<09:24,  5.76s/it]
[1A 81%|████████  | 403/500 [39:46<09:18,  5.76s/it]
[1A                                                 
{'loss': 0.6896, 'grad_norm': 0.6636918783187866, 'learning_rate': 1.9600000000000002e-05, 'num_tokens': 1077538.0, 'mean_token_accuracy': 0.7563708387315273, 'epoch': 1.61}
[1A
[1A 81%|████████  | 403/500 [39:46<09:18,  5.76s/it]
[1A 81%|████████  | 404/500 [39:52<09:05,  5.68s/it]                           
{'loss': 0.6716, 'grad_norm': 0.6751013398170471, 'learning_rate': 1.94e-05, 'num_tokens': 1080011.0, 'mean_token_accuracy': 0.7424480244517326, 'epoch': 1.62}
[1A
[1A 81%|████████  | 404/500 [39:52<09:05,  5.68s/it]
[1A 81%|████████  | 405/500 [39:57<09:00,  5.69s/it]                           
{'loss': 0.6993, 'grad_norm': 0.6174853444099426, 'learning_rate': 1.9200000000000003e-05, 'num_tokens': 1082785.0, 'mean_token_accuracy': 0.7481271624565125, 'epoch': 1.62}
[1A
[1A 81%|████████  | 405/500 [39:57<09:00,  5.69s/it]
[1A 81%|████████  | 406/500 [40:03<09:00,  5.75s/it]
[1A                                                 
{'loss': 0.7053, 'grad_norm': 0.6148867011070251, 'learning_rate': 1.9e-05, 'num_tokens': 1085795.0, 'mean_token_accuracy': 0.7823657095432281, 'epoch': 1.62}
[1A
[1A 81%|████████  | 406/500 [40:03<09:00,  5.75s/it]
[1A 81%|████████▏ | 407/500 [40:09<08:46,  5.66s/it]
[1A                                                 
{'loss': 0.6266, 'grad_norm': 0.6106875538825989, 'learning_rate': 1.88e-05, 'num_tokens': 1088653.0, 'mean_token_accuracy': 0.7924187183380127, 'epoch': 1.63}
[1A
[1A 81%|████████▏ | 407/500 [40:09<08:46,  5.66s/it]
[1A 82%|████████▏ | 408/500 [40:15<09:03,  5.91s/it]
[1A                                                 
{'loss': 0.7127, 'grad_norm': 0.636115312576294, 'learning_rate': 1.86e-05, 'num_tokens': 1091243.0, 'mean_token_accuracy': 0.7467585280537605, 'epoch': 1.63}
[1A
[1A 82%|████████▏ | 408/500 [40:15<09:03,  5.91s/it]
[1A 82%|████████▏ | 409/500 [40:21<08:57,  5.90s/it]
[1A                                                 
{'loss': 0.7074, 'grad_norm': 0.6419598460197449, 'learning_rate': 1.84e-05, 'num_tokens': 1094001.0, 'mean_token_accuracy': 0.7662108801305294, 'epoch': 1.64}
[1A
[1A 82%|████████▏ | 409/500 [40:21<08:57,  5.90s/it]
[1A 82%|████████▏ | 410/500 [40:26<08:40,  5.78s/it]
[1A                                                 
{'loss': 0.6968, 'grad_norm': 0.6583847403526306, 'learning_rate': 1.8200000000000002e-05, 'num_tokens': 1096709.0, 'mean_token_accuracy': 0.7429279889911413, 'epoch': 1.64}
[1A
[1A 82%|████████▏ | 410/500 [40:26<08:40,  5.78s/it]
[1A 82%|████████▏ | 411/500 [40:32<08:32,  5.76s/it]                           
{'loss': 0.6547, 'grad_norm': 0.6349405646324158, 'learning_rate': 1.8e-05, 'num_tokens': 1099445.0, 'mean_token_accuracy': 0.7738220077008009, 'epoch': 1.64}
[1A
[1A 82%|████████▏ | 411/500 [40:32<08:32,  5.76s/it]
[1A 82%|████████▏ | 412/500 [40:38<08:26,  5.76s/it]
[1A                                                 
{'loss': 0.722, 'grad_norm': 0.6564755439758301, 'learning_rate': 1.78e-05, 'num_tokens': 1102049.0, 'mean_token_accuracy': 0.7440578527748585, 'epoch': 1.65}
[1A
[1A 82%|████████▏ | 412/500 [40:38<08:26,  5.76s/it]
[1A 83%|████████▎ | 413/500 [40:43<08:12,  5.67s/it]
[1A                                                 
{'loss': 0.6293, 'grad_norm': 0.6577427387237549, 'learning_rate': 1.76e-05, 'num_tokens': 1104777.0, 'mean_token_accuracy': 0.7884674482047558, 'epoch': 1.65}
[1A
[1A 83%|████████▎ | 413/500 [40:43<08:12,  5.67s/it]
[1A 83%|████████▎ | 414/500 [40:49<08:07,  5.67s/it]
[1A                                                 
{'loss': 0.6683, 'grad_norm': 0.6255513429641724, 'learning_rate': 1.74e-05, 'num_tokens': 1107619.0, 'mean_token_accuracy': 0.7740550842136145, 'epoch': 1.66}
[1A
[1A 83%|████████▎ | 414/500 [40:49<08:07,  5.67s/it]
[1A 83%|████████▎ | 415/500 [40:55<08:04,  5.70s/it]
[1A                                                 
{'loss': 0.6771, 'grad_norm': 0.6429651975631714, 'learning_rate': 1.7199999999999998e-05, 'num_tokens': 1110395.0, 'mean_token_accuracy': 0.7675261609256268, 'epoch': 1.66}
[1A
[1A 83%|████████▎ | 415/500 [40:55<08:04,  5.70s/it]
[1A 83%|████████▎ | 416/500 [41:01<08:00,  5.72s/it]
[1A                                                 
{'loss': 0.6196, 'grad_norm': 0.694735050201416, 'learning_rate': 1.7000000000000003e-05, 'num_tokens': 1113063.0, 'mean_token_accuracy': 0.7786314263939857, 'epoch': 1.66}
[1A
[1A 83%|████████▎ | 416/500 [41:01<08:00,  5.72s/it]
[1A 83%|████████▎ | 417/500 [41:06<07:49,  5.66s/it]
[1A                                                 
{'loss': 0.7078, 'grad_norm': 0.6517371535301208, 'learning_rate': 1.6800000000000002e-05, 'num_tokens': 1115710.0, 'mean_token_accuracy': 0.750640794634819, 'epoch': 1.67}
[1A
[1A 83%|████████▎ | 417/500 [41:06<07:49,  5.66s/it]
[1A 84%|████████▎ | 418/500 [41:12<07:52,  5.76s/it]
[1A                                                 
{'loss': 0.6348, 'grad_norm': 0.5939876437187195, 'learning_rate': 1.66e-05, 'num_tokens': 1118378.0, 'mean_token_accuracy': 0.78563641756773, 'epoch': 1.67}
[1A
[1A 84%|████████▎ | 418/500 [41:12<07:52,  5.76s/it]
[1A 84%|████████▍ | 419/500 [41:18<07:48,  5.78s/it]
[1A                                                 
{'loss': 0.6609, 'grad_norm': 0.6661964058876038, 'learning_rate': 1.6400000000000002e-05, 'num_tokens': 1121202.0, 'mean_token_accuracy': 0.7574010249227285, 'epoch': 1.68}
[1A
[1A 84%|████████▍ | 419/500 [41:18<07:48,  5.78s/it]
[1A 84%|████████▍ | 420/500 [41:24<07:51,  5.89s/it]
[1A                                                 
{'loss': 0.7761, 'grad_norm': 0.6920713186264038, 'learning_rate': 1.62e-05, 'num_tokens': 1123734.0, 'mean_token_accuracy': 0.7281308993697166, 'epoch': 1.68}
[1A
[1A 84%|████████▍ | 420/500 [41:24<07:51,  5.89s/it]
[1A 84%|████████▍ | 421/500 [41:30<07:48,  5.93s/it]
[1A                                                 
{'loss': 0.6488, 'grad_norm': 0.5857836604118347, 'learning_rate': 1.6000000000000003e-05, 'num_tokens': 1126619.0, 'mean_token_accuracy': 0.7659343406558037, 'epoch': 1.68}
[1A
[1A 84%|████████▍ | 421/500 [41:30<07:48,  5.93s/it]
[1A 84%|████████▍ | 422/500 [41:36<07:37,  5.86s/it]
[1A                                                 
{'loss': 0.7868, 'grad_norm': 0.681587278842926, 'learning_rate': 1.58e-05, 'num_tokens': 1128972.0, 'mean_token_accuracy': 0.7033875454217196, 'epoch': 1.69}
[1A
[1A 84%|████████▍ | 422/500 [41:36<07:37,  5.86s/it]
[1A 85%|████████▍ | 423/500 [41:42<07:32,  5.87s/it]                           
{'loss': 0.805, 'grad_norm': 0.7421016693115234, 'learning_rate': 1.56e-05, 'num_tokens': 1131206.0, 'mean_token_accuracy': 0.7117275856435299, 'epoch': 1.69}
[1A
[1A 85%|████████▍ | 423/500 [41:42<07:32,  5.87s/it]
[1A 85%|████████▍ | 424/500 [41:48<07:28,  5.90s/it]
[1A                                                 
{'loss': 0.7042, 'grad_norm': 0.6737041473388672, 'learning_rate': 1.54e-05, 'num_tokens': 1133979.0, 'mean_token_accuracy': 0.7574746534228325, 'epoch': 1.7}
[1A
[1A 85%|████████▍ | 424/500 [41:48<07:28,  5.90s/it]
[1A 85%|████████▌ | 425/500 [41:54<07:24,  5.93s/it]
[1A                                                 
{'loss': 0.6603, 'grad_norm': 0.630164623260498, 'learning_rate': 1.52e-05, 'num_tokens': 1136634.0, 'mean_token_accuracy': 0.7627679631114006, 'epoch': 1.7}
[1A
[1A 85%|████████▌ | 425/500 [41:54<07:24,  5.93s/it]
[1A 85%|████████▌ | 426/500 [41:59<07:15,  5.88s/it]
[1A                                                 
{'loss': 0.6054, 'grad_norm': 0.6327542662620544, 'learning_rate': 1.5e-05, 'num_tokens': 1139516.0, 'mean_token_accuracy': 0.7944984696805477, 'epoch': 1.7}
[1A
[1A 85%|████████▌ | 426/500 [41:59<07:15,  5.88s/it]
[1A 85%|████████▌ | 427/500 [42:06<07:15,  5.97s/it]
[1A                                                 
{'loss': 0.6612, 'grad_norm': 0.6779571175575256, 'learning_rate': 1.48e-05, 'num_tokens': 1142181.0, 'mean_token_accuracy': 0.7715602181851864, 'epoch': 1.71}
[1A
[1A 85%|████████▌ | 427/500 [42:06<07:15,  5.97s/it]
[1A 86%|████████▌ | 428/500 [42:12<07:12,  6.00s/it]
[1A                                                 
{'loss': 0.6746, 'grad_norm': 0.6195927858352661, 'learning_rate': 1.4599999999999999e-05, 'num_tokens': 1145123.0, 'mean_token_accuracy': 0.7755156457424164, 'epoch': 1.71}
[1A
[1A 86%|████████▌ | 428/500 [42:12<07:12,  6.00s/it]
[1A 86%|████████▌ | 429/500 [42:17<07:00,  5.92s/it]
[1A                                                 
{'loss': 0.7097, 'grad_norm': 0.6690100431442261, 'learning_rate': 1.44e-05, 'num_tokens': 1147862.0, 'mean_token_accuracy': 0.738177377730608, 'epoch': 1.72}
[1A
[1A 86%|████████▌ | 429/500 [42:17<07:00,  5.92s/it]
[1A 86%|████████▌ | 430/500 [42:23<06:56,  5.95s/it]
[1A                                                 
{'loss': 0.7139, 'grad_norm': 0.6981440186500549, 'learning_rate': 1.42e-05, 'num_tokens': 1150403.0, 'mean_token_accuracy': 0.7307238653302193, 'epoch': 1.72}
[1A
[1A 86%|████████▌ | 430/500 [42:23<06:56,  5.95s/it]
[1A 86%|████████▌ | 431/500 [42:30<06:56,  6.04s/it]
[1A                                                 
{'loss': 0.7247, 'grad_norm': 0.6403262615203857, 'learning_rate': 1.4000000000000001e-05, 'num_tokens': 1152898.0, 'mean_token_accuracy': 0.7352309376001358, 'epoch': 1.72}
[1A
[1A 86%|████████▌ | 431/500 [42:30<06:56,  6.04s/it]
[1A 86%|████████▋ | 432/500 [42:36<06:46,  5.98s/it]
[1A                                                 
{'loss': 0.6611, 'grad_norm': 0.6496454477310181, 'learning_rate': 1.3800000000000002e-05, 'num_tokens': 1155602.0, 'mean_token_accuracy': 0.7541326805949211, 'epoch': 1.73}
[1A
[1A 86%|████████▋ | 432/500 [42:36<06:46,  5.98s/it]
[1A 87%|████████▋ | 433/500 [42:42<06:40,  5.98s/it]
[1A                                                 
{'loss': 0.6487, 'grad_norm': 0.6225670576095581, 'learning_rate': 1.3600000000000002e-05, 'num_tokens': 1158358.0, 'mean_token_accuracy': 0.7686144672334194, 'epoch': 1.73}
[1A
[1A 87%|████████▋ | 433/500 [42:42<06:40,  5.98s/it]
[1A 87%|████████▋ | 434/500 [42:47<06:32,  5.95s/it]
[1A                                                 
{'loss': 0.7424, 'grad_norm': 0.6737971901893616, 'learning_rate': 1.3400000000000002e-05, 'num_tokens': 1160989.0, 'mean_token_accuracy': 0.7353616692125797, 'epoch': 1.74}
[1A
[1A 87%|████████▋ | 434/500 [42:47<06:32,  5.95s/it]
[1A 87%|████████▋ | 435/500 [42:53<06:21,  5.86s/it]
[1A                                                 
{'loss': 0.7022, 'grad_norm': 0.6474928259849548, 'learning_rate': 1.32e-05, 'num_tokens': 1163520.0, 'mean_token_accuracy': 0.7516825459897518, 'epoch': 1.74}
[1A
[1A 87%|████████▋ | 435/500 [42:53<06:21,  5.86s/it]
[1A 87%|████████▋ | 436/500 [42:59<06:16,  5.88s/it]
[1A                                                 
{'loss': 0.7166, 'grad_norm': 0.6593466997146606, 'learning_rate': 1.3000000000000001e-05, 'num_tokens': 1166207.0, 'mean_token_accuracy': 0.7489511631429195, 'epoch': 1.74}
[1A
[1A 87%|████████▋ | 436/500 [42:59<06:16,  5.88s/it]
[1A 87%|████████▋ | 437/500 [43:05<06:12,  5.91s/it]
[1A                                                 
{'loss': 0.659, 'grad_norm': 0.6689736843109131, 'learning_rate': 1.2800000000000001e-05, 'num_tokens': 1169076.0, 'mean_token_accuracy': 0.7705123517662287, 'epoch': 1.75}
[1A
[1A 87%|████████▋ | 437/500 [43:05<06:12,  5.91s/it]
[1A 88%|████████▊ | 438/500 [43:11<06:05,  5.89s/it]
[1A                                                 
{'loss': 0.6728, 'grad_norm': 0.6716419458389282, 'learning_rate': 1.2600000000000001e-05, 'num_tokens': 1171796.0, 'mean_token_accuracy': 0.7529406286776066, 'epoch': 1.75}
[1A
[1A 88%|████████▊ | 438/500 [43:11<06:05,  5.89s/it]
[1A 88%|████████▊ | 439/500 [43:17<05:59,  5.89s/it]                           
{'loss': 0.6888, 'grad_norm': 0.6406426429748535, 'learning_rate': 1.24e-05, 'num_tokens': 1174542.0, 'mean_token_accuracy': 0.7687173672020435, 'epoch': 1.76}
[1A
[1A 88%|████████▊ | 439/500 [43:17<05:59,  5.89s/it]
[1A 88%|████████▊ | 440/500 [43:23<05:52,  5.88s/it]
[1A                                                 
{'loss': 0.702, 'grad_norm': 0.6948758959770203, 'learning_rate': 1.22e-05, 'num_tokens': 1177269.0, 'mean_token_accuracy': 0.7559375166893005, 'epoch': 1.76}
[1A
[1A 88%|████████▊ | 440/500 [43:23<05:52,  5.88s/it]
[1A 88%|████████▊ | 441/500 [43:28<05:43,  5.82s/it]
[1A                                                 
{'loss': 0.5787, 'grad_norm': 0.6276993751525879, 'learning_rate': 1.2e-05, 'num_tokens': 1180109.0, 'mean_token_accuracy': 0.794554091989994, 'epoch': 1.76}
[1A
[1A 88%|████████▊ | 441/500 [43:28<05:43,  5.82s/it]
[1A 88%|████████▊ | 442/500 [43:34<05:39,  5.86s/it]
[1A                                                 
{'loss': 0.6512, 'grad_norm': 0.6379305124282837, 'learning_rate': 1.18e-05, 'num_tokens': 1182885.0, 'mean_token_accuracy': 0.7685969024896622, 'epoch': 1.77}
[1A
[1A 88%|████████▊ | 442/500 [43:34<05:39,  5.86s/it]
[1A 89%|████████▊ | 443/500 [43:40<05:36,  5.91s/it]
[1A                                                 
{'loss': 0.5934, 'grad_norm': 0.6323484182357788, 'learning_rate': 1.16e-05, 'num_tokens': 1185900.0, 'mean_token_accuracy': 0.7952488549053669, 'epoch': 1.77}
[1A
[1A 89%|████████▊ | 443/500 [43:40<05:36,  5.91s/it]
[1A 89%|████████▉ | 444/500 [43:46<05:29,  5.88s/it]
[1A                                                 
{'loss': 0.6565, 'grad_norm': 0.6708967089653015, 'learning_rate': 1.1400000000000001e-05, 'num_tokens': 1188625.0, 'mean_token_accuracy': 0.766510259360075, 'epoch': 1.78}
[1A
[1A 89%|████████▉ | 444/500 [43:46<05:29,  5.88s/it]
[1A 89%|████████▉ | 445/500 [43:52<05:25,  5.92s/it]
[1A                                                 
{'loss': 0.6342, 'grad_norm': 0.6663468480110168, 'learning_rate': 1.1200000000000001e-05, 'num_tokens': 1191273.0, 'mean_token_accuracy': 0.7634955868124962, 'epoch': 1.78}
[1A
[1A 89%|████████▉ | 445/500 [43:52<05:25,  5.92s/it]
[1A 89%|████████▉ | 446/500 [43:58<05:21,  5.95s/it]
[1A                                                 
{'loss': 0.6252, 'grad_norm': 0.6446422934532166, 'learning_rate': 1.1000000000000001e-05, 'num_tokens': 1193878.0, 'mean_token_accuracy': 0.7580682132393122, 'epoch': 1.78}
[1A
[1A 89%|████████▉ | 446/500 [43:58<05:21,  5.95s/it]
[1A 89%|████████▉ | 447/500 [44:04<05:12,  5.89s/it]
[1A                                                 
{'loss': 0.6698, 'grad_norm': 0.664164662361145, 'learning_rate': 1.08e-05, 'num_tokens': 1196684.0, 'mean_token_accuracy': 0.7499314565211535, 'epoch': 1.79}
[1A
[1A 89%|████████▉ | 447/500 [44:04<05:12,  5.89s/it]
[1A 90%|████████▉ | 448/500 [44:10<05:08,  5.94s/it]
[1A                                                 
{'loss': 0.7741, 'grad_norm': 0.6906625628471375, 'learning_rate': 1.06e-05, 'num_tokens': 1199325.0, 'mean_token_accuracy': 0.7132666371762753, 'epoch': 1.79}
[1A
[1A 90%|████████▉ | 448/500 [44:10<05:08,  5.94s/it]
[1A 90%|████████▉ | 449/500 [44:16<05:03,  5.96s/it]
[1A                                                 
{'loss': 0.702, 'grad_norm': 0.6650765538215637, 'learning_rate': 1.04e-05, 'num_tokens': 1201879.0, 'mean_token_accuracy': 0.7315688915550709, 'epoch': 1.8}
[1A
[1A 90%|████████▉ | 449/500 [44:16<05:03,  5.96s/it]
[1A 90%|█████████ | 450/500 [44:22<04:55,  5.91s/it]
[1A                                                 
{'loss': 0.7231, 'grad_norm': 0.6823604106903076, 'learning_rate': 1.02e-05, 'num_tokens': 1204558.0, 'mean_token_accuracy': 0.7492963150143623, 'epoch': 1.8}
[1A
[1A 90%|█████████ | 450/500 [44:22<04:55,  5.91s/it]
[1A 90%|█████████ | 451/500 [44:28<04:50,  5.92s/it]
[1A                                                 
{'loss': 0.6125, 'grad_norm': 0.5925204157829285, 'learning_rate': 1e-05, 'num_tokens': 1207491.0, 'mean_token_accuracy': 0.791293166577816, 'epoch': 1.8}
[1A
[1A 90%|█████████ | 451/500 [44:28<04:50,  5.92s/it]
[1A 90%|█████████ | 452/500 [44:34<04:44,  5.93s/it]
[1A                                                 
{'loss': 0.6018, 'grad_norm': 0.6039453148841858, 'learning_rate': 9.800000000000001e-06, 'num_tokens': 1210423.0, 'mean_token_accuracy': 0.8158878907561302, 'epoch': 1.81}
[1A
[1A 90%|█████████ | 452/500 [44:34<04:44,  5.93s/it]
[1A 91%|█████████ | 453/500 [44:39<04:38,  5.92s/it]
[1A                                                 
{'loss': 0.6886, 'grad_norm': 0.622582197189331, 'learning_rate': 9.600000000000001e-06, 'num_tokens': 1213189.0, 'mean_token_accuracy': 0.7554139215499163, 'epoch': 1.81}
[1A
[1A 91%|█████████ | 453/500 [44:39<04:38,  5.92s/it]
[1A 91%|█████████ | 454/500 [44:45<04:30,  5.89s/it]
[1A                                                 
{'loss': 0.6452, 'grad_norm': 0.6453185081481934, 'learning_rate': 9.4e-06, 'num_tokens': 1215797.0, 'mean_token_accuracy': 0.764054149389267, 'epoch': 1.82}
[1A
[1A 91%|█████████ | 454/500 [44:45<04:30,  5.89s/it]
[1A 91%|█████████ | 455/500 [44:51<04:24,  5.87s/it]
[1A                                                 
{'loss': 0.6695, 'grad_norm': 0.6444061398506165, 'learning_rate': 9.2e-06, 'num_tokens': 1218456.0, 'mean_token_accuracy': 0.7675311677157879, 'epoch': 1.82}
[1A
[1A 91%|█████████ | 455/500 [44:51<04:24,  5.87s/it]
[1A 91%|█████████ | 456/500 [44:57<04:21,  5.94s/it]
[1A                                                 
{'loss': 0.7484, 'grad_norm': 0.7739560604095459, 'learning_rate': 9e-06, 'num_tokens': 1220859.0, 'mean_token_accuracy': 0.7202245816588402, 'epoch': 1.82}
[1A
[1A 91%|█████████ | 456/500 [44:57<04:21,  5.94s/it]
[1A 91%|█████████▏| 457/500 [45:04<04:32,  6.33s/it]
[1A                                                 
{'loss': 0.8924, 'grad_norm': 0.7351629734039307, 'learning_rate': 8.8e-06, 'num_tokens': 1222987.0, 'mean_token_accuracy': 0.6764245517551899, 'epoch': 1.83}
[1A
[1A 91%|█████████▏| 457/500 [45:04<04:32,  6.33s/it]
[1A 92%|█████████▏| 458/500 [45:10<04:21,  6.22s/it]
[1A                                                 
{'loss': 0.7626, 'grad_norm': 0.7330503463745117, 'learning_rate': 8.599999999999999e-06, 'num_tokens': 1225655.0, 'mean_token_accuracy': 0.7424490600824356, 'epoch': 1.83}
[1A
[1A 92%|█████████▏| 458/500 [45:10<04:21,  6.22s/it]
[1A 92%|█████████▏| 459/500 [45:16<04:10,  6.12s/it]
[1A                                                 
{'loss': 0.7071, 'grad_norm': 0.6990047097206116, 'learning_rate': 8.400000000000001e-06, 'num_tokens': 1228294.0, 'mean_token_accuracy': 0.7450277172029018, 'epoch': 1.84}
[1A
[1A 92%|█████████▏| 459/500 [45:16<04:10,  6.12s/it]
[1A 92%|█████████▏| 460/500 [45:22<03:59,  5.98s/it]
[1A                                                 
{'loss': 0.7823, 'grad_norm': 0.7625250220298767, 'learning_rate': 8.200000000000001e-06, 'num_tokens': 1230685.0, 'mean_token_accuracy': 0.7201233021914959, 'epoch': 1.84}
[1A
[1A 92%|█████████▏| 460/500 [45:22<03:59,  5.98s/it]
[1A 92%|█████████▏| 461/500 [45:28<03:52,  5.97s/it]
[1A                                                 
{'loss': 0.6484, 'grad_norm': 0.6577473878860474, 'learning_rate': 8.000000000000001e-06, 'num_tokens': 1233578.0, 'mean_token_accuracy': 0.7661181464791298, 'epoch': 1.84}
[1A
[1A 92%|█████████▏| 461/500 [45:28<03:52,  5.97s/it]
[1A 92%|█████████▏| 462/500 [45:34<03:45,  5.95s/it]
[1A                                                 
{'loss': 0.683, 'grad_norm': 0.6722510457038879, 'learning_rate': 7.8e-06, 'num_tokens': 1236387.0, 'mean_token_accuracy': 0.7682219222187996, 'epoch': 1.85}
[1A
[1A 92%|█████████▏| 462/500 [45:34<03:45,  5.95s/it]
[1A 93%|█████████▎| 463/500 [45:40<03:39,  5.94s/it]
[1A                                                 
{'loss': 0.7097, 'grad_norm': 0.6502269506454468, 'learning_rate': 7.6e-06, 'num_tokens': 1239068.0, 'mean_token_accuracy': 0.7354574128985405, 'epoch': 1.85}
[1A
[1A 93%|█████████▎| 463/500 [45:40<03:39,  5.94s/it]
[1A 93%|█████████▎| 464/500 [45:47<03:43,  6.20s/it]
[1A                                                 
{'loss': 0.6069, 'grad_norm': 0.615944504737854, 'learning_rate': 7.4e-06, 'num_tokens': 1242154.0, 'mean_token_accuracy': 0.814918328076601, 'epoch': 1.86}
[1A
[1A 93%|█████████▎| 464/500 [45:47<03:43,  6.20s/it]
[1A 93%|█████████▎| 465/500 [45:52<03:33,  6.11s/it]
[1A                                                 
{'loss': 0.6826, 'grad_norm': 0.6259327530860901, 'learning_rate': 7.2e-06, 'num_tokens': 1244882.0, 'mean_token_accuracy': 0.7671404629945755, 'epoch': 1.86}
[1A
[1A 93%|█████████▎| 465/500 [45:52<03:33,  6.11s/it]
[1A 93%|█████████▎| 466/500 [45:59<03:30,  6.18s/it]
[1A                                                 
{'loss': 0.6666, 'grad_norm': 0.7331876158714294, 'learning_rate': 7.000000000000001e-06, 'num_tokens': 1247559.0, 'mean_token_accuracy': 0.7581302858889103, 'epoch': 1.86}
[1A
[1A 93%|█████████▎| 466/500 [45:59<03:30,  6.18s/it]
[1A 93%|█████████▎| 467/500 [46:05<03:23,  6.15s/it]
[1A                                                 
{'loss': 0.6906, 'grad_norm': 0.6526521444320679, 'learning_rate': 6.800000000000001e-06, 'num_tokens': 1250094.0, 'mean_token_accuracy': 0.7389001064002514, 'epoch': 1.87}
[1A
[1A 93%|█████████▎| 467/500 [46:05<03:23,  6.15s/it]
[1A 94%|█████████▎| 468/500 [46:11<03:17,  6.17s/it]
[1A                                                 
{'loss': 0.704, 'grad_norm': 0.6963632106781006, 'learning_rate': 6.6e-06, 'num_tokens': 1252671.0, 'mean_token_accuracy': 0.736788846552372, 'epoch': 1.87}
[1A
[1A 94%|█████████▎| 468/500 [46:11<03:17,  6.17s/it]
[1A 94%|█████████▍| 469/500 [46:18<03:14,  6.28s/it]
[1A                                                 
{'loss': 0.6277, 'grad_norm': 0.7044842839241028, 'learning_rate': 6.4000000000000006e-06, 'num_tokens': 1255274.0, 'mean_token_accuracy': 0.769946999847889, 'epoch': 1.88}
[1A
[1A 94%|█████████▍| 469/500 [46:18<03:14,  6.28s/it]
[1A 94%|█████████▍| 470/500 [46:23<03:05,  6.17s/it]
[1A                                                 
{'loss': 0.7213, 'grad_norm': 0.6749674081802368, 'learning_rate': 6.2e-06, 'num_tokens': 1257724.0, 'mean_token_accuracy': 0.7392523214221001, 'epoch': 1.88}
[1A
[1A 94%|█████████▍| 470/500 [46:23<03:05,  6.17s/it]
[1A 94%|█████████▍| 471/500 [46:29<02:56,  6.09s/it]
[1A                                                 
{'loss': 0.7559, 'grad_norm': 0.6915273070335388, 'learning_rate': 6e-06, 'num_tokens': 1260199.0, 'mean_token_accuracy': 0.7150603272020817, 'epoch': 1.88}
[1A
[1A 94%|█████████▍| 471/500 [46:29<02:56,  6.09s/it]
[1A 94%|█████████▍| 472/500 [46:35<02:49,  6.07s/it]
[1A                                                 
{'loss': 0.7114, 'grad_norm': 0.6427247524261475, 'learning_rate': 5.8e-06, 'num_tokens': 1262885.0, 'mean_token_accuracy': 0.7559610046446323, 'epoch': 1.89}
[1A
[1A 94%|█████████▍| 472/500 [46:35<02:49,  6.07s/it]
[1A 95%|█████████▍| 473/500 [46:42<02:47,  6.21s/it]
[1A                                                 
{'loss': 0.611, 'grad_norm': 0.6339733004570007, 'learning_rate': 5.600000000000001e-06, 'num_tokens': 1265737.0, 'mean_token_accuracy': 0.7855753898620605, 'epoch': 1.89}
[1A
[1A 95%|█████████▍| 473/500 [46:42<02:47,  6.21s/it]
[1A 95%|█████████▍| 474/500 [46:48<02:40,  6.16s/it]
[1A                                                 
{'loss': 0.7586, 'grad_norm': 0.6851649284362793, 'learning_rate': 5.4e-06, 'num_tokens': 1268321.0, 'mean_token_accuracy': 0.7276970148086548, 'epoch': 1.9}
[1A
[1A 95%|█████████▍| 474/500 [46:48<02:40,  6.16s/it]
[1A 95%|█████████▌| 475/500 [46:54<02:31,  6.04s/it]
[1A                                                 
{'loss': 0.6748, 'grad_norm': 0.7129560112953186, 'learning_rate': 5.2e-06, 'num_tokens': 1270936.0, 'mean_token_accuracy': 0.7628991790115833, 'epoch': 1.9}
[1A
[1A 95%|█████████▌| 475/500 [46:54<02:31,  6.04s/it]
[1A 95%|█████████▌| 476/500 [47:00<02:24,  6.01s/it]
[1A                                                 
{'loss': 0.6952, 'grad_norm': 0.6677046418190002, 'learning_rate': 5e-06, 'num_tokens': 1273326.0, 'mean_token_accuracy': 0.7372923716902733, 'epoch': 1.9}
[1A
[1A 95%|█████████▌| 476/500 [47:00<02:24,  6.01s/it]
[1A 95%|█████████▌| 477/500 [47:06<02:17,  5.97s/it]
[1A                                                 
{'loss': 0.6569, 'grad_norm': 0.6335500478744507, 'learning_rate': 4.800000000000001e-06, 'num_tokens': 1276167.0, 'mean_token_accuracy': 0.7753384187817574, 'epoch': 1.91}
[1A
[1A 95%|█████████▌| 477/500 [47:06<02:17,  5.97s/it]
[1A 96%|█████████▌| 478/500 [47:11<02:09,  5.89s/it]
[1A                                                 
{'loss': 0.6896, 'grad_norm': 0.6716448664665222, 'learning_rate': 4.6e-06, 'num_tokens': 1278774.0, 'mean_token_accuracy': 0.7682038359344006, 'epoch': 1.91}
[1A
[1A 96%|█████████▌| 478/500 [47:11<02:09,  5.89s/it]
[1A 96%|█████████▌| 479/500 [47:18<02:06,  6.01s/it]
[1A                                                 
{'loss': 0.6622, 'grad_norm': 0.6020164489746094, 'learning_rate': 4.4e-06, 'num_tokens': 1281553.0, 'mean_token_accuracy': 0.768404696136713, 'epoch': 1.92}
[1A
[1A 96%|█████████▌| 479/500 [47:18<02:06,  6.01s/it]
[1A 96%|█████████▌| 480/500 [47:24<02:00,  6.00s/it]
[1A                                                 
{'loss': 0.7138, 'grad_norm': 0.6513615250587463, 'learning_rate': 4.2000000000000004e-06, 'num_tokens': 1283953.0, 'mean_token_accuracy': 0.7445770390331745, 'epoch': 1.92}
[1A
[1A 96%|█████████▌| 480/500 [47:24<02:00,  6.00s/it]
[1A 96%|█████████▌| 481/500 [47:29<01:53,  5.98s/it]
[1A                                                 
{'loss': 0.6036, 'grad_norm': 0.6022448539733887, 'learning_rate': 4.000000000000001e-06, 'num_tokens': 1286774.0, 'mean_token_accuracy': 0.80196213722229, 'epoch': 1.92}
[1A
[1A 96%|█████████▌| 481/500 [47:29<01:53,  5.98s/it]
[1A 96%|█████████▋| 482/500 [47:35<01:47,  5.95s/it]
[1A                                                 
[1A
{'loss': 0.7653, 'grad_norm': 0.7009310126304626, 'learning_rate': 3.8e-06, 'num_tokens': 1289401.0, 'mean_token_accuracy': 0.7259331531822681, 'epoch': 1.93}
[1A 96%|█████████▋| 482/500 [47:35<01:47,  5.95s/it]
[1A 97%|█████████▋| 483/500 [47:41<01:41,  5.94s/it]
[1A                                                 
{'loss': 0.687, 'grad_norm': 0.6717507243156433, 'learning_rate': 3.6e-06, 'num_tokens': 1291981.0, 'mean_token_accuracy': 0.7478557378053665, 'epoch': 1.93}
[1A
[1A 97%|█████████▋| 483/500 [47:41<01:41,  5.94s/it]
[1A 97%|█████████▋| 484/500 [47:47<01:33,  5.84s/it]                           
{'loss': 0.7506, 'grad_norm': 0.6930789351463318, 'learning_rate': 3.4000000000000005e-06, 'num_tokens': 1294474.0, 'mean_token_accuracy': 0.7290308214724064, 'epoch': 1.94}
[1A
[1A 97%|█████████▋| 484/500 [47:47<01:33,  5.84s/it]
[1A 97%|█████████▋| 485/500 [47:53<01:27,  5.86s/it]
[1A                                                 
{'loss': 0.6665, 'grad_norm': 0.6440122127532959, 'learning_rate': 3.2000000000000003e-06, 'num_tokens': 1297047.0, 'mean_token_accuracy': 0.7669672966003418, 'epoch': 1.94}
[1A
[1A 97%|█████████▋| 485/500 [47:53<01:27,  5.86s/it]
[1A 97%|█████████▋| 486/500 [47:59<01:23,  5.96s/it]
[1A                                                 
{'loss': 0.7166, 'grad_norm': 0.659472644329071, 'learning_rate': 3e-06, 'num_tokens': 1299431.0, 'mean_token_accuracy': 0.725483288988471, 'epoch': 1.94}
[1A
[1A 97%|█████████▋| 486/500 [47:59<01:23,  5.96s/it]
[1A 97%|█████████▋| 487/500 [48:05<01:16,  5.89s/it]
[1A                                                 
{'loss': 0.6586, 'grad_norm': 0.6353288292884827, 'learning_rate': 2.8000000000000003e-06, 'num_tokens': 1302097.0, 'mean_token_accuracy': 0.7596085332334042, 'epoch': 1.95}
[1A
[1A 97%|█████████▋| 487/500 [48:05<01:16,  5.89s/it]
[1A 98%|█████████▊| 488/500 [48:10<01:10,  5.85s/it]
[1A                                                 
{'loss': 0.7106, 'grad_norm': 0.7008199691772461, 'learning_rate': 2.6e-06, 'num_tokens': 1304689.0, 'mean_token_accuracy': 0.7487492449581623, 'epoch': 1.95}
[1A
[1A 98%|█████████▊| 488/500 [48:10<01:10,  5.85s/it]
{'loss': 0.6961, 'grad_norm': 0.6719655394554138, 'learning_rate': 2.4000000000000003e-06, 'num_tokens': 1307325.0, 'mean_token_accuracy': 0.7497338354587555, 'epoch': 1.96}
[1A 98%|█████████▊| 489/500 [48:16<01:04,  5.87s/it]                           
[1A
[1A 98%|█████████▊| 489/500 [48:16<01:04,  5.87s/it]
{'loss': 0.6752, 'grad_norm': 0.6685160398483276, 'learning_rate': 2.2e-06, 'num_tokens': 1310087.0, 'mean_token_accuracy': 0.7442184463143349, 'epoch': 1.96}
[1A 98%|█████████▊| 490/500 [48:23<01:01,  6.12s/it]                           
[1A
[1A 98%|█████████▊| 490/500 [48:23<01:01,  6.12s/it]
{'loss': 0.6052, 'grad_norm': 0.6177837252616882, 'learning_rate': 2.0000000000000003e-06, 'num_tokens': 1312912.0, 'mean_token_accuracy': 0.7968061380088329, 'epoch': 1.96}
[1A 98%|█████████▊| 491/500 [48:29<00:55,  6.14s/it]                           
[1A
[1A 98%|█████████▊| 491/500 [48:29<00:55,  6.14s/it]
{'loss': 0.7034, 'grad_norm': 0.6979209780693054, 'learning_rate': 1.8e-06, 'num_tokens': 1315458.0, 'mean_token_accuracy': 0.7549745477735996, 'epoch': 1.97}
[1A 98%|█████████▊| 492/500 [48:36<00:49,  6.21s/it]                           
[1A
[1A 98%|█████████▊| 492/500 [48:36<00:49,  6.21s/it]
{'loss': 0.6595, 'grad_norm': 0.6294914484024048, 'learning_rate': 1.6000000000000001e-06, 'num_tokens': 1318111.0, 'mean_token_accuracy': 0.757523350417614, 'epoch': 1.97}
[1A 99%|█████████▊| 493/500 [48:42<00:43,  6.18s/it]                           
[1A
[1A 99%|█████████▊| 493/500 [48:42<00:43,  6.18s/it]
[1A 99%|█████████▉| 494/500 [48:48<00:37,  6.25s/it]
[1A                                                 
{'loss': 0.6921, 'grad_norm': 0.672082245349884, 'learning_rate': 1.4000000000000001e-06, 'num_tokens': 1320559.0, 'mean_token_accuracy': 0.73672741279006, 'epoch': 1.98}
[1A
[1A 99%|█████████▉| 494/500 [48:48<00:37,  6.25s/it]
[1A 99%|█████████▉| 495/500 [48:54<00:30,  6.14s/it]
[1A                                                 
{'loss': 0.749, 'grad_norm': 0.7021303772926331, 'learning_rate': 1.2000000000000002e-06, 'num_tokens': 1323001.0, 'mean_token_accuracy': 0.7176296450197697, 'epoch': 1.98}
[1A
[1A 99%|█████████▉| 495/500 [48:54<00:30,  6.14s/it]
[1A 99%|█████████▉| 496/500 [49:00<00:24,  6.03s/it]
[1A                                                 
{'loss': 0.6896, 'grad_norm': 0.663451611995697, 'learning_rate': 1.0000000000000002e-06, 'num_tokens': 1325451.0, 'mean_token_accuracy': 0.7562352195382118, 'epoch': 1.98}
[1A
[1A 99%|█████████▉| 496/500 [49:00<00:24,  6.03s/it]
[1A 99%|█████████▉| 497/500 [49:05<00:17,  5.88s/it]
[1A                                                 
{'loss': 0.6412, 'grad_norm': 0.6627668142318726, 'learning_rate': 8.000000000000001e-07, 'num_tokens': 1327971.0, 'mean_token_accuracy': 0.7660469636321068, 'epoch': 1.99}
[1A
[1A 99%|█████████▉| 497/500 [49:05<00:17,  5.88s/it]
[1A100%|█████████▉| 498/500 [49:11<00:11,  5.86s/it]
[1A                                                 
{'loss': 0.7182, 'grad_norm': 0.6626591086387634, 'learning_rate': 6.000000000000001e-07, 'num_tokens': 1330541.0, 'mean_token_accuracy': 0.7339302487671375, 'epoch': 1.99}
[1A
[1A100%|█████████▉| 498/500 [49:11<00:11,  5.86s/it]
[1A100%|█████████▉| 499/500 [49:17<00:05,  5.82s/it]
[1A                                                 
{'loss': 0.7061, 'grad_norm': 0.7139919996261597, 'learning_rate': 4.0000000000000003e-07, 'num_tokens': 1333197.0, 'mean_token_accuracy': 0.7551683336496353, 'epoch': 2.0}
[1A
[1A100%|█████████▉| 499/500 [49:17<00:05,  5.82s/it]
[1A100%|██████████| 500/500 [49:22<00:00,  5.74s/it]                           
{'loss': 0.7291, 'grad_norm': 0.6669611930847168, 'learning_rate': 2.0000000000000002e-07, 'num_tokens': 1335988.0, 'mean_token_accuracy': 0.7503992058336735, 'epoch': 2.0}
[1A
[1A100%|██████████| 500/500 [49:22<00:00,  5.74s/it]                           
{'train_runtime': 2962.9552, 'train_samples_per_second': 2.7, 'train_steps_per_second': 0.169, 'train_loss': 0.7946457726955414, 'epoch': 2.0}
[1A
[1A100%|██████████| 500/500 [49:22<00:00,  5.74s/it]
[1A100%|██████████| 500/500 [49:22<00:00,  5.93s/it]
saved adapter -> /adapters/s2_c075 | files=['README.md', 'adapter_config.json', 'adapter_model.safetensors', 'added_tokens.json', 'chat_template.jinja', 'merges.txt', 'special_tokens_map.json', 'tokenizer.json', 'tokenizer_config.json', 'vocab.json']

===== SFT done =====
  run_name     : s2_c075
  model_id     : Qwen/Qwen2.5-7B-Instruct
  n_examples   : 4000
  adapter_path : /adapters/s2_c075  (volume: ft-adapters)
  files        : ['README.md', 'adapter_config.json', 'adapter_model.safetensors', 'added_tokens.json', 'chat_template.jinja', 'merges.txt', 'special_tokens_map.json', 'tokenizer.json', 'tokenizer_config.json', 'vocab.json']
Stopping app - local entrypoint completed.
✓ App completed. View run at 
https://modal.com/apps/reichers-shai-c9-dmitry/main/ap-pXNH138eu4K7YCGRANsB1d
