
===== launch at 2026-06-11 17:25:51: uv run modal run cloud/modal_sft_s2.py --data-path ... =====
✓ Initialized. View run at 
https://modal.com/apps/reichers-shai-c9-dmitry/main/ap-oj9jLjOxZ9byg86qOyLO8a
✓ Created objects.
├── 🔨 Created mount 
│   /Users/dmitrymanning-coe/Documents/Research/Simplex/error-correct-sprint/clo
│   ud/modal_sft_s2.py
├── 🔨 Created mount 
│   /Users/dmitrymanning-coe/Documents/Research/Simplex/error-correct-sprint/exp
│   eriments/data
└── 🔨 Created function train.
smoke=False | model=Qwen/Qwen2.5-7B-Instruct | 2000 examples | run_name=s2_dup33x30_r2

[1AMap:   0%|          | 0/2000 [00:00<?, ? examples/s]
[1AMap:  36%|███▋      | 730/2000 [00:00<00:00, 7199.17 examples/s]
[1AMap:  79%|███████▉  | 1579/2000 [00:00<00:00, 7426.07 examples/s]
[1AMap: 100%|██████████| 2000/2000 [00:00<00:00, 7758.38 examples/s]

[1ALoading checkpoint shards:   0%|          | 0/4 [00:00<?, ?it/s]
[1ALoading checkpoint shards:  25%|██▌       | 1/4 [00:06<00:20,  6.96s/it]
[1ALoading checkpoint shards:  50%|█████     | 2/4 [00:12<00:11,  5.86s/it]
[1ALoading checkpoint shards:  75%|███████▌  | 3/4 [00:17<00:05,  5.52s/it]
[1ALoading checkpoint shards: 100%|██████████| 4/4 [00:21<00:00,  5.22s/it]
[1ALoading checkpoint shards: 100%|██████████| 4/4 [00:21<00:00,  5.49s/it]
average_tokens_across_devices is set to True but it is invalid when world size is1. Turn it to False automatically.

[1AAdding EOS to train dataset:   0%|          | 0/2000 [00:00<?, ? examples/s]
[1AAdding EOS to train dataset: 100%|██████████| 2000/2000 [00:00<00:00, 21900.83 examples/s]

[1ATokenizing train dataset:   0%|          | 0/2000 [00:00<?, ? examples/s]
[1ATokenizing train dataset:  10%|█         | 206/2000 [00:00<00:00, 2036.52 examples/s]
[1ATokenizing train dataset:  25%|██▌       | 505/2000 [00:00<00:00, 1997.49 examples/s]
[1ATokenizing train dataset:  39%|███▉      | 783/2000 [00:00<00:00, 1920.33 examples/s]
[1ATokenizing train dataset:  49%|████▉     | 981/2000 [00:00<00:00, 1919.34 examples/s]
[1ATokenizing train dataset:  59%|█████▉    | 1189/2000 [00:00<00:00, 1334.65 examples/s]
[1ATokenizing train dataset:  70%|██████▉   | 1394/2000 [00:00<00:00, 1497.96 examples/s]
[1ATokenizing train dataset:  80%|████████  | 1607/2000 [00:00<00:00, 1652.81 examples/s]
[1ATokenizing train dataset:  91%|█████████ | 1820/2000 [00:01<00:00, 1775.79 examples/s]
[1ATokenizing train dataset: 100%|██████████| 2000/2000 [00:01<00:00, 1631.54 examples/s]

[1ATruncating train dataset:   0%|          | 0/2000 [00:00<?, ? examples/s]
[1ATruncating train dataset: 100%|██████████| 2000/2000 [00:00<00:00, 59423.29 examples/s]
Detected kernel version 4.4.0, which is below the recommended minimum of 5.5.0; this can cause the process to hang. It is recommended to upgrade the kernel to the minimum version or higher.
No label_names provided for model class `PeftModelForCausalLM`. Since `PeftModel` hides base models input arguments, if label_names is not given, label_names can't be set automatically within `Trainer`. Note that empty label_names list will be used instead.

[1A  0%|          | 0/250 [00:00<?, ?it/s]
[1A  0%|          | 1/250 [00:13<55:10, 13.30s/it]
[1A                                               
{'loss': 3.1446, 'grad_norm': 1.0850048065185547, 'learning_rate': 0.0001, 'num_tokens': 2158.0, 'mean_token_accuracy': 0.43080600537359715, 'epoch': 0.01}
[1A
[1A  0%|          | 1/250 [00:13<55:10, 13.30s/it]
{'loss': 3.2146, 'grad_norm': 1.2211025953292847, 'learning_rate': 9.960000000000001e-05, 'num_tokens': 4242.0, 'mean_token_accuracy': 0.42957798577845097, 'epoch': 0.02}
[1A  1%|          | 2/250 [00:21<43:00, 10.41s/it]                             
[1A  1%|          | 2/250 [00:21<43:00, 10.41s/it]
[1A  1%|          | 3/250 [00:29<38:10,  9.27s/it]
[1A                                               
{'loss': 2.9144, 'grad_norm': 1.233373761177063, 'learning_rate': 9.92e-05, 'num_tokens': 6662.0, 'mean_token_accuracy': 0.47620102018117905, 'epoch': 0.02}
[1A
[1A  1%|          | 3/250 [00:29<38:10,  9.27s/it]
[1A  2%|▏         | 4/250 [00:37<35:02,  8.55s/it]                             
{'loss': 2.6222, 'grad_norm': 1.2234243154525757, 'learning_rate': 9.88e-05, 'num_tokens': 9211.0, 'mean_token_accuracy': 0.46306237019598484, 'epoch': 0.03}
[1A  2%|▏         | 4/250 [00:37<35:02,  8.55s/it]
[1A  2%|▏         | 5/250 [00:44<33:31,  8.21s/it]
[1A                                               
[1A
{'loss': 2.4485, 'grad_norm': 1.2006429433822632, 'learning_rate': 9.84e-05, 'num_tokens': 11571.0, 'mean_token_accuracy': 0.46499792113900185, 'epoch': 0.04}
[1A  2%|▏         | 5/250 [00:44<33:31,  8.21s/it]
[1A  2%|▏         | 6/250 [00:52<32:53,  8.09s/it]
[1A                                               
{'loss': 2.156, 'grad_norm': 0.8869036436080933, 'learning_rate': 9.8e-05, 'num_tokens': 13904.0, 'mean_token_accuracy': 0.47831142507493496, 'epoch': 0.05}
[1A
[1A  2%|▏         | 6/250 [00:52<32:53,  8.09s/it]
[1A  3%|▎         | 7/250 [00:59<31:55,  7.88s/it]
[1A                                               
[1A
{'loss': 2.464, 'grad_norm': 1.2146594524383545, 'learning_rate': 9.76e-05, 'num_tokens': 15704.0, 'mean_token_accuracy': 0.4260873757302761, 'epoch': 0.06}
{'loss': 2.118, 'grad_norm': 0.8244268298149109, 'learning_rate': 9.72e-05, 'num_tokens': 17990.0, 'mean_token_accuracy': 0.467322401702404, 'epoch': 0.06}
[1A  3%|▎         | 7/250 [00:59<31:55,  7.88s/it]  3%|▎         | 8/250 [01:07<31:36,  7.84s/it]
{'loss': 1.9674, 'grad_norm': 0.9980632066726685, 'learning_rate': 9.680000000000001e-05, 'num_tokens': 20206.0, 'mean_token_accuracy': 0.4756086114794016, 'epoch': 0.07}
[1A  3%|▎         | 8/250 [01:07<31:36,  7.84s/it]  4%|▎         | 9/250 [01:15<31:15,  7.78s/it]
[1A  4%|▎         | 9/250 [01:15<31:15,  7.78s/it]
[1A  4%|▍         | 10/250 [01:22<30:34,  7.64s/it]
[1A                                                
{'loss': 1.9774, 'grad_norm': 0.891181230545044, 'learning_rate': 9.64e-05, 'num_tokens': 22369.0, 'mean_token_accuracy': 0.49752366729080677, 'epoch': 0.08}
[1A
[1A  4%|▍         | 10/250 [01:22<30:34,  7.64s/it]
[1A  4%|▍         | 11/250 [01:30<30:15,  7.60s/it]
[1A                                                
{'loss': 1.7411, 'grad_norm': 0.8490632772445679, 'learning_rate': 9.6e-05, 'num_tokens': 24659.0, 'mean_token_accuracy': 0.5298794601112604, 'epoch': 0.09}
[1A
[1A  4%|▍         | 11/250 [01:30<30:15,  7.60s/it]
[1A  5%|▍         | 12/250 [01:37<29:51,  7.53s/it]
[1A                                                
{'loss': 1.5104, 'grad_norm': 0.9331936836242676, 'learning_rate': 9.56e-05, 'num_tokens': 27314.0, 'mean_token_accuracy': 0.5917203854769468, 'epoch': 0.1}
[1A
[1A  5%|▍         | 12/250 [01:37<29:51,  7.53s/it]
[1A  5%|▌         | 13/250 [01:45<29:43,  7.53s/it]
{'loss': 1.6879, 'grad_norm': 0.7886760830879211, 'learning_rate': 9.52e-05, 'num_tokens': 29520.0, 'mean_token_accuracy': 0.5152113605290651, 'epoch': 0.1}
[1A                                                
[1A  5%|▌         | 13/250 [01:45<29:43,  7.53s/it]
[1A  6%|▌         | 14/250 [01:52<29:37,  7.53s/it]
[1A                                                
{'loss': 1.5618, 'grad_norm': 0.6930453777313232, 'learning_rate': 9.48e-05, 'num_tokens': 31641.0, 'mean_token_accuracy': 0.5402011498808861, 'epoch': 0.11}
[1A
[1A  6%|▌         | 14/250 [01:52<29:37,  7.53s/it]
[1A  6%|▌         | 15/250 [01:59<29:17,  7.48s/it]
[1A                                                
{'loss': 1.3924, 'grad_norm': 0.7281349301338196, 'learning_rate': 9.44e-05, 'num_tokens': 34149.0, 'mean_token_accuracy': 0.5719229523092508, 'epoch': 0.12}
[1A
[1A  6%|▌         | 15/250 [01:59<29:17,  7.48s/it]
[1A  6%|▋         | 16/250 [02:07<28:54,  7.41s/it]
[1A                                                
{'loss': 1.5276, 'grad_norm': 0.6946640610694885, 'learning_rate': 9.4e-05, 'num_tokens': 36154.0, 'mean_token_accuracy': 0.5542644057422876, 'epoch': 0.13}
[1A
[1A  6%|▋         | 16/250 [02:07<28:54,  7.41s/it]
[1A  7%|▋         | 17/250 [02:14<28:57,  7.46s/it]
[1A                                                
{'loss': 1.2472, 'grad_norm': 0.7365552186965942, 'learning_rate': 9.360000000000001e-05, 'num_tokens': 38562.0, 'mean_token_accuracy': 0.6317437645047903, 'epoch': 0.14}
[1A
[1A  7%|▋         | 17/250 [02:14<28:57,  7.46s/it]
[1A  7%|▋         | 18/250 [02:22<28:52,  7.47s/it]
[1A                                                
{'loss': 1.3901, 'grad_norm': 0.6911687254905701, 'learning_rate': 9.320000000000002e-05, 'num_tokens': 40670.0, 'mean_token_accuracy': 0.5718345008790493, 'epoch': 0.14}
[1A
[1A  7%|▋         | 18/250 [02:22<28:52,  7.47s/it]
[1A  8%|▊         | 19/250 [02:29<28:29,  7.40s/it]
[1A                                                
{'loss': 1.1789, 'grad_norm': 0.5960938334465027, 'learning_rate': 9.28e-05, 'num_tokens': 43061.0, 'mean_token_accuracy': 0.6346194595098495, 'epoch': 0.15}
[1A
[1A  8%|▊         | 19/250 [02:29<28:29,  7.40s/it]
[1A  8%|▊         | 20/250 [02:37<28:33,  7.45s/it]
[1A                                                
{'loss': 1.2616, 'grad_norm': 0.6349772214889526, 'learning_rate': 9.240000000000001e-05, 'num_tokens': 45414.0, 'mean_token_accuracy': 0.6035859417170286, 'epoch': 0.16}
[1A
[1A  8%|▊         | 20/250 [02:37<28:33,  7.45s/it]
[1A  8%|▊         | 21/250 [02:44<28:27,  7.45s/it]
{'loss': 1.1651, 'grad_norm': 0.6015865802764893, 'learning_rate': 9.200000000000001e-05, 'num_tokens': 47726.0, 'mean_token_accuracy': 0.6392057556658983, 'epoch': 0.17}
[1A                                                
[1A  8%|▊         | 21/250 [02:44<28:27,  7.45s/it]
[1A  9%|▉         | 22/250 [02:52<28:26,  7.49s/it]
[1A                                                
{'loss': 1.0453, 'grad_norm': 0.5258327126502991, 'learning_rate': 9.16e-05, 'num_tokens': 50176.0, 'mean_token_accuracy': 0.648988887667656, 'epoch': 0.18}
[1A
[1A  9%|▉         | 22/250 [02:52<28:26,  7.49s/it]
[1A  9%|▉         | 23/250 [02:59<27:47,  7.35s/it]
[1A                                                
{'loss': 1.1436, 'grad_norm': 0.5572354793548584, 'learning_rate': 9.120000000000001e-05, 'num_tokens': 52331.0, 'mean_token_accuracy': 0.617196211591363, 'epoch': 0.18}
[1A
[1A  9%|▉         | 23/250 [02:59<27:47,  7.35s/it]
[1A 10%|▉         | 24/250 [03:06<27:35,  7.32s/it]
[1A                                                
{'loss': 1.0446, 'grad_norm': 0.6298684477806091, 'learning_rate': 9.080000000000001e-05, 'num_tokens': 54535.0, 'mean_token_accuracy': 0.6312756333500147, 'epoch': 0.19}
[1A
[1A 10%|▉         | 24/250 [03:06<27:35,  7.32s/it]
[1A 10%|█         | 25/250 [03:13<27:34,  7.35s/it]
[1A                                                
{'loss': 1.0049, 'grad_norm': 0.5589310526847839, 'learning_rate': 9.04e-05, 'num_tokens': 57011.0, 'mean_token_accuracy': 0.6560063045471907, 'epoch': 0.2}
[1A
[1A 10%|█         | 25/250 [03:13<27:34,  7.35s/it]
[1A 10%|█         | 26/250 [03:21<27:17,  7.31s/it]
[1A                                                
{'loss': 1.1245, 'grad_norm': 0.6099040508270264, 'learning_rate': 9e-05, 'num_tokens': 59253.0, 'mean_token_accuracy': 0.6325383111834526, 'epoch': 0.21}
[1A
[1A 10%|█         | 26/250 [03:21<27:17,  7.31s/it]
[1A 11%|█         | 27/250 [03:28<27:16,  7.34s/it]
[1A                                                
{'loss': 0.9095, 'grad_norm': 0.514121413230896, 'learning_rate': 8.960000000000001e-05, 'num_tokens': 61669.0, 'mean_token_accuracy': 0.6859809923917055, 'epoch': 0.22}
[1A
[1A 11%|█         | 27/250 [03:28<27:16,  7.34s/it]
[1A 11%|█         | 28/250 [03:36<27:32,  7.44s/it]
[1A                                                
{'loss': 0.9934, 'grad_norm': 0.4731716513633728, 'learning_rate': 8.92e-05, 'num_tokens': 64093.0, 'mean_token_accuracy': 0.6685581654310226, 'epoch': 0.22}
[1A
[1A 11%|█         | 28/250 [03:36<27:32,  7.44s/it]
[1A 12%|█▏        | 29/250 [03:43<27:12,  7.39s/it]
[1A                                                
{'loss': 0.9352, 'grad_norm': 0.5109090805053711, 'learning_rate': 8.88e-05, 'num_tokens': 66516.0, 'mean_token_accuracy': 0.6710313446819782, 'epoch': 0.23}
[1A
[1A 12%|█▏        | 29/250 [03:43<27:12,  7.39s/it]
[1A 12%|█▏        | 30/250 [03:51<27:19,  7.45s/it]
[1A                                                
{'loss': 0.9186, 'grad_norm': 0.5390856862068176, 'learning_rate': 8.840000000000001e-05, 'num_tokens': 68963.0, 'mean_token_accuracy': 0.7031032592058182, 'epoch': 0.24}
[1A
[1A 12%|█▏        | 30/250 [03:51<27:19,  7.45s/it]
[1A 12%|█▏        | 31/250 [03:58<27:30,  7.54s/it]
[1A                                                
{'loss': 1.0219, 'grad_norm': 0.5642160773277283, 'learning_rate': 8.800000000000001e-05, 'num_tokens': 71057.0, 'mean_token_accuracy': 0.6545755285769701, 'epoch': 0.25}
[1A
[1A 12%|█▏        | 31/250 [03:58<27:30,  7.54s/it]
[1A 13%|█▎        | 32/250 [04:06<27:17,  7.51s/it]
[1A                                                
{'loss': 0.7638, 'grad_norm': 0.457757830619812, 'learning_rate': 8.76e-05, 'num_tokens': 73746.0, 'mean_token_accuracy': 0.7284403741359711, 'epoch': 0.26}
[1A
[1A 13%|█▎        | 32/250 [04:06<27:17,  7.51s/it]
[1A 13%|█▎        | 33/250 [04:13<27:07,  7.50s/it]
[1A                                                
{'loss': 0.9889, 'grad_norm': 0.5793726444244385, 'learning_rate': 8.72e-05, 'num_tokens': 75802.0, 'mean_token_accuracy': 0.650729812681675, 'epoch': 0.26}
[1A
[1A 13%|█▎        | 33/250 [04:13<27:07,  7.50s/it]
[1A 14%|█▎        | 34/250 [04:21<27:11,  7.55s/it]
[1A                                                
{'loss': 0.947, 'grad_norm': 0.6403986811637878, 'learning_rate': 8.680000000000001e-05, 'num_tokens': 78101.0, 'mean_token_accuracy': 0.6463957019150257, 'epoch': 0.27}
[1A
[1A 14%|█▎        | 34/250 [04:21<27:11,  7.55s/it]
[1A 14%|█▍        | 35/250 [04:28<26:43,  7.46s/it]
[1A                                                
{'loss': 0.8, 'grad_norm': 0.5359482169151306, 'learning_rate': 8.64e-05, 'num_tokens': 80440.0, 'mean_token_accuracy': 0.7139000464230776, 'epoch': 0.28}
[1A
[1A 14%|█▍        | 35/250 [04:28<26:43,  7.46s/it]
[1A 14%|█▍        | 36/250 [04:36<26:41,  7.48s/it]
[1A                                                
{'loss': 0.785, 'grad_norm': 0.5385080575942993, 'learning_rate': 8.6e-05, 'num_tokens': 82848.0, 'mean_token_accuracy': 0.7124790623784065, 'epoch': 0.29}
[1A
[1A 14%|█▍        | 36/250 [04:36<26:41,  7.48s/it]
[1A 15%|█▍        | 37/250 [04:43<26:26,  7.45s/it]
[1A                                                
{'loss': 0.9815, 'grad_norm': 0.6417545676231384, 'learning_rate': 8.560000000000001e-05, 'num_tokens': 84966.0, 'mean_token_accuracy': 0.6523419506847858, 'epoch': 0.3}
[1A
[1A 15%|█▍        | 37/250 [04:43<26:26,  7.45s/it]
[1A 15%|█▌        | 38/250 [04:50<26:03,  7.38s/it]
[1A                                                
{'loss': 0.6695, 'grad_norm': 0.6068675518035889, 'learning_rate': 8.52e-05, 'num_tokens': 87821.0, 'mean_token_accuracy': 0.7790264673531055, 'epoch': 0.3}
[1A
[1A 15%|█▌        | 38/250 [04:50<26:03,  7.38s/it]
[1A 16%|█▌        | 39/250 [04:58<26:11,  7.45s/it]                            
{'loss': 0.7976, 'grad_norm': 0.5417550206184387, 'learning_rate': 8.48e-05, 'num_tokens': 90158.0, 'mean_token_accuracy': 0.6898603569716215, 'epoch': 0.31}
[1A
[1A 16%|█▌        | 39/250 [04:58<26:11,  7.45s/it]
[1A 16%|█▌        | 40/250 [05:05<26:00,  7.43s/it]
[1A                                                
{'loss': 0.8592, 'grad_norm': 0.6309706568717957, 'learning_rate': 8.44e-05, 'num_tokens': 92336.0, 'mean_token_accuracy': 0.6776934303343296, 'epoch': 0.32}
[1A
[1A 16%|█▌        | 40/250 [05:05<26:00,  7.43s/it]
[1A 16%|█▋        | 41/250 [05:13<25:55,  7.44s/it]
[1A                                                
{'loss': 0.8577, 'grad_norm': 0.6169460415840149, 'learning_rate': 8.4e-05, 'num_tokens': 94558.0, 'mean_token_accuracy': 0.664689788594842, 'epoch': 0.33}
[1A
[1A 16%|█▋        | 41/250 [05:13<25:55,  7.44s/it]
[1A 17%|█▋        | 42/250 [05:20<25:56,  7.48s/it]
{'loss': 0.6291, 'grad_norm': 0.7477018237113953, 'learning_rate': 8.36e-05, 'num_tokens': 96973.0, 'mean_token_accuracy': 0.7383063286542892, 'epoch': 0.34}
[1A                                                
[1A 17%|█▋        | 42/250 [05:20<25:56,  7.48s/it]
[1A 17%|█▋        | 43/250 [05:28<25:59,  7.53s/it]
[1A                                                
{'loss': 0.757, 'grad_norm': 0.6004881262779236, 'learning_rate': 8.32e-05, 'num_tokens': 99108.0, 'mean_token_accuracy': 0.7130924426019192, 'epoch': 0.34}
[1A
[1A 17%|█▋        | 43/250 [05:28<25:59,  7.53s/it]
[1A 18%|█▊        | 44/250 [05:35<25:33,  7.44s/it]
[1A                                                
{'loss': 0.9825, 'grad_norm': 0.7576232552528381, 'learning_rate': 8.28e-05, 'num_tokens': 101238.0, 'mean_token_accuracy': 0.6661942601203918, 'epoch': 0.35}
[1A
[1A 18%|█▊        | 44/250 [05:35<25:33,  7.44s/it]
[1A 18%|█▊        | 45/250 [05:43<25:51,  7.57s/it]
[1A                                                
{'loss': 0.4856, 'grad_norm': 0.4755207300186157, 'learning_rate': 8.24e-05, 'num_tokens': 104042.0, 'mean_token_accuracy': 0.8130276575684547, 'epoch': 0.36}
[1A
[1A 18%|█▊        | 45/250 [05:43<25:51,  7.57s/it]
{'loss': 0.5535, 'grad_norm': 0.5700808763504028, 'learning_rate': 8.2e-05, 'num_tokens': 106719.0, 'mean_token_accuracy': 0.7940360568463802, 'epoch': 0.37}
[1A 18%|█▊        | 46/250 [05:51<25:53,  7.62s/it]                            
[1A 18%|█▊        | 46/250 [05:51<25:53,  7.62s/it] 19%|█▉        | 47/250 [05:58<25:22,  7.50s/it]
[1A                                                
[1A
{'loss': 0.6422, 'grad_norm': 0.6789884567260742, 'learning_rate': 8.16e-05, 'num_tokens': 108970.0, 'mean_token_accuracy': 0.7195941489189863, 'epoch': 0.38}
[1A 19%|█▉        | 47/250 [05:58<25:22,  7.50s/it]
[1A 19%|█▉        | 48/250 [06:05<25:08,  7.47s/it]
[1A                                                
{'loss': 0.7376, 'grad_norm': 0.7750829458236694, 'learning_rate': 8.120000000000001e-05, 'num_tokens': 111289.0, 'mean_token_accuracy': 0.7163913547992706, 'epoch': 0.38}
[1A
[1A 19%|█▉        | 48/250 [06:05<25:08,  7.47s/it]
[1A 20%|█▉        | 49/250 [06:13<24:58,  7.46s/it]
[1A                                                
{'loss': 0.5303, 'grad_norm': 0.7552610039710999, 'learning_rate': 8.080000000000001e-05, 'num_tokens': 113921.0, 'mean_token_accuracy': 0.7935629561543465, 'epoch': 0.39}
[1A
[1A 20%|█▉        | 49/250 [06:13<24:58,  7.46s/it]
[1A 20%|██        | 50/250 [06:20<24:45,  7.43s/it]
[1A                                                
{'loss': 0.6076, 'grad_norm': 0.781467080116272, 'learning_rate': 8.04e-05, 'num_tokens': 116394.0, 'mean_token_accuracy': 0.7596137765794992, 'epoch': 0.4}
[1A
[1A 20%|██        | 50/250 [06:20<24:45,  7.43s/it]
[1A 20%|██        | 51/250 [06:27<24:33,  7.41s/it]
[1A                                                
{'loss': 0.5523, 'grad_norm': 0.7093167901039124, 'learning_rate': 8e-05, 'num_tokens': 118918.0, 'mean_token_accuracy': 0.7720633894205093, 'epoch': 0.41}
[1A
[1A 20%|██        | 51/250 [06:27<24:33,  7.41s/it]
[1A 21%|██        | 52/250 [06:35<24:30,  7.43s/it]                            
{'loss': 0.6224, 'grad_norm': 0.8212128281593323, 'learning_rate': 7.960000000000001e-05, 'num_tokens': 121174.0, 'mean_token_accuracy': 0.7307808734476566, 'epoch': 0.42}
[1A
[1A 21%|██        | 52/250 [06:35<24:30,  7.43s/it]
[1A 21%|██        | 53/250 [06:42<24:13,  7.38s/it]
[1A                                                
{'loss': 0.9866, 'grad_norm': 0.9211462736129761, 'learning_rate': 7.920000000000001e-05, 'num_tokens': 123094.0, 'mean_token_accuracy': 0.6449548732489347, 'epoch': 0.42}
[1A
[1A 21%|██        | 53/250 [06:42<24:13,  7.38s/it]
[1A 22%|██▏       | 54/250 [06:50<24:28,  7.49s/it]
[1A                                                
{'loss': 1.0505, 'grad_norm': 0.8612579703330994, 'learning_rate': 7.88e-05, 'num_tokens': 124893.0, 'mean_token_accuracy': 0.6258526667952538, 'epoch': 0.43}
[1A
[1A 22%|██▏       | 54/250 [06:50<24:28,  7.49s/it]
[1A 22%|██▏       | 55/250 [06:58<24:28,  7.53s/it]
[1A                                                
{'loss': 0.7217, 'grad_norm': 0.6501373648643494, 'learning_rate': 7.840000000000001e-05, 'num_tokens': 126958.0, 'mean_token_accuracy': 0.7018525451421738, 'epoch': 0.44}
[1A
[1A 22%|██▏       | 55/250 [06:58<24:28,  7.53s/it]
{'loss': 0.7961, 'grad_norm': 0.6647695302963257, 'learning_rate': 7.800000000000001e-05, 'num_tokens': 128924.0, 'mean_token_accuracy': 0.6880824249237776, 'epoch': 0.45}
[1A 22%|██▏       | 56/250 [07:05<24:22,  7.54s/it]                            
[1A 22%|██▏       | 56/250 [07:05<24:22,  7.54s/it]
{'loss': 0.4518, 'grad_norm': 0.8705966472625732, 'learning_rate': 7.76e-05, 'num_tokens': 131380.0, 'mean_token_accuracy': 0.7940861228853464, 'epoch': 0.46}
[1A 23%|██▎       | 57/250 [07:12<23:58,  7.45s/it]                            
[1A 23%|██▎       | 57/250 [07:12<23:58,  7.45s/it]
[1A 23%|██▎       | 58/250 [07:20<24:01,  7.51s/it]
[1A                                                
{'loss': 0.3513, 'grad_norm': 0.6540915966033936, 'learning_rate': 7.72e-05, 'num_tokens': 134180.0, 'mean_token_accuracy': 0.8601028732955456, 'epoch': 0.46}
[1A
[1A 23%|██▎       | 58/250 [07:20<24:01,  7.51s/it]
[1A 24%|██▎       | 59/250 [07:28<23:52,  7.50s/it]
[1A                                                
{'loss': 0.7692, 'grad_norm': 0.6985196471214294, 'learning_rate': 7.680000000000001e-05, 'num_tokens': 136121.0, 'mean_token_accuracy': 0.6897170599550009, 'epoch': 0.47}
[1A
[1A 24%|██▎       | 59/250 [07:28<23:52,  7.50s/it]
[1A 24%|██▍       | 60/250 [07:35<23:27,  7.41s/it]
[1A                                                
{'loss': 0.4392, 'grad_norm': 0.7073692679405212, 'learning_rate': 7.64e-05, 'num_tokens': 138686.0, 'mean_token_accuracy': 0.815834503620863, 'epoch': 0.48}
[1A
[1A 24%|██▍       | 60/250 [07:35<23:27,  7.41s/it]
[1A 24%|██▍       | 61/250 [07:42<23:22,  7.42s/it]
[1A                                                
{'loss': 0.751, 'grad_norm': 0.9323717951774597, 'learning_rate': 7.6e-05, 'num_tokens': 140822.0, 'mean_token_accuracy': 0.6896186619997025, 'epoch': 0.49}
[1A
[1A 24%|██▍       | 61/250 [07:42<23:22,  7.42s/it]
[1A 25%|██▍       | 62/250 [07:50<23:23,  7.46s/it]
[1A                                                
{'loss': 0.4524, 'grad_norm': 0.6097621917724609, 'learning_rate': 7.560000000000001e-05, 'num_tokens': 143096.0, 'mean_token_accuracy': 0.7658847570419312, 'epoch': 0.5}
[1A
[1A 25%|██▍       | 62/250 [07:50<23:23,  7.46s/it]
[1A 25%|██▌       | 63/250 [07:57<23:06,  7.42s/it]
[1A                                                
{'loss': 0.5273, 'grad_norm': 0.7025299072265625, 'learning_rate': 7.52e-05, 'num_tokens': 145409.0, 'mean_token_accuracy': 0.7514022774994373, 'epoch': 0.5}
[1A
[1A 25%|██▌       | 63/250 [07:57<23:06,  7.42s/it]
[1A 26%|██▌       | 64/250 [08:05<23:11,  7.48s/it]
[1A                                                
{'loss': 0.8577, 'grad_norm': 0.6935921311378479, 'learning_rate': 7.48e-05, 'num_tokens': 147308.0, 'mean_token_accuracy': 0.6580237317830324, 'epoch': 0.51}
[1A
[1A 26%|██▌       | 64/250 [08:05<23:11,  7.48s/it]
[1A 26%|██▌       | 65/250 [08:12<23:16,  7.55s/it]
[1A                                                
{'loss': 0.6714, 'grad_norm': 0.6995969414710999, 'learning_rate': 7.44e-05, 'num_tokens': 149408.0, 'mean_token_accuracy': 0.7139352355152369, 'epoch': 0.52}
[1A
[1A 26%|██▌       | 65/250 [08:12<23:16,  7.55s/it]
[1A 26%|██▋       | 66/250 [08:20<23:00,  7.50s/it]
[1A                                                
{'loss': 0.4365, 'grad_norm': 0.6338383555412292, 'learning_rate': 7.4e-05, 'num_tokens': 151832.0, 'mean_token_accuracy': 0.8053060062229633, 'epoch': 0.53}
[1A
[1A 26%|██▋       | 66/250 [08:20<23:00,  7.50s/it]
{'loss': 0.3655, 'grad_norm': 0.6225781440734863, 'learning_rate': 7.36e-05, 'num_tokens': 154298.0, 'mean_token_accuracy': 0.8146774470806122, 'epoch': 0.54}
[1A 27%|██▋       | 67/250 [08:27<22:54,  7.51s/it]                            
[1A
[1A 27%|██▋       | 67/250 [08:27<22:54,  7.51s/it]
[1A 27%|██▋       | 68/250 [08:35<22:51,  7.54s/it]
{'loss': 0.5935, 'grad_norm': 0.683337926864624, 'learning_rate': 7.32e-05, 'num_tokens': 156426.0, 'mean_token_accuracy': 0.7516614608466625, 'epoch': 0.54}
[1A                                                
[1A
[1A 27%|██▋       | 68/250 [08:35<22:51,  7.54s/it]
[1A 28%|██▊       | 69/250 [08:42<22:30,  7.46s/it]
[1A                                                
{'loss': 0.4246, 'grad_norm': 0.6162845492362976, 'learning_rate': 7.280000000000001e-05, 'num_tokens': 158733.0, 'mean_token_accuracy': 0.7873189672827721, 'epoch': 0.55}
[1A
[1A 28%|██▊       | 69/250 [08:42<22:30,  7.46s/it]
[1A 28%|██▊       | 70/250 [08:50<22:25,  7.48s/it]
[1A                                                
{'loss': 0.5205, 'grad_norm': 0.6159178018569946, 'learning_rate': 7.24e-05, 'num_tokens': 160960.0, 'mean_token_accuracy': 0.7473125346004963, 'epoch': 0.56}
[1A
[1A 28%|██▊       | 70/250 [08:50<22:25,  7.48s/it]
{'loss': 0.3751, 'grad_norm': 0.6201843619346619, 'learning_rate': 7.2e-05, 'num_tokens': 163412.0, 'mean_token_accuracy': 0.8104203827679157, 'epoch': 0.57}
[1A 28%|██▊       | 71/250 [08:57<22:18,  7.48s/it]                            
[1A
[1A 28%|██▊       | 71/250 [08:57<22:18,  7.48s/it]
{'loss': 0.6446, 'grad_norm': 0.8106921911239624, 'learning_rate': 7.16e-05, 'num_tokens': 165495.0, 'mean_token_accuracy': 0.7287026010453701, 'epoch': 0.58}
[1A 29%|██▉       | 72/250 [09:04<21:57,  7.40s/it]                            
[1A
[1A 29%|██▉       | 72/250 [09:04<21:57,  7.40s/it]
[1A 29%|██▉       | 73/250 [09:12<21:51,  7.41s/it]
[1A                                                
{'loss': 0.2376, 'grad_norm': 0.49336254596710205, 'learning_rate': 7.12e-05, 'num_tokens': 168041.0, 'mean_token_accuracy': 0.8504277411848307, 'epoch': 0.58}
[1A
[1A 29%|██▉       | 73/250 [09:12<21:51,  7.41s/it]
[1A 30%|██▉       | 74/250 [09:20<22:02,  7.52s/it]                            
[1A
{'loss': 0.3645, 'grad_norm': 0.7369602918624878, 'learning_rate': 7.08e-05, 'num_tokens': 170442.0, 'mean_token_accuracy': 0.807987168431282, 'epoch': 0.59}
[1A 30%|██▉       | 74/250 [09:20<22:02,  7.52s/it]
[1A 30%|███       | 75/250 [09:27<21:53,  7.50s/it]
[1A                                                
{'loss': 0.6899, 'grad_norm': 0.5787346959114075, 'learning_rate': 7.04e-05, 'num_tokens': 172477.0, 'mean_token_accuracy': 0.696764599531889, 'epoch': 0.6}
[1A
[1A 30%|███       | 75/250 [09:27<21:53,  7.50s/it]
[1A 30%|███       | 76/250 [09:35<21:56,  7.57s/it]
[1A                                                
{'loss': 0.5846, 'grad_norm': 0.6712764501571655, 'learning_rate': 7e-05, 'num_tokens': 174627.0, 'mean_token_accuracy': 0.7329847253859043, 'epoch': 0.61}
[1A
[1A 30%|███       | 76/250 [09:35<21:56,  7.57s/it]
[1A 31%|███       | 77/250 [09:42<21:47,  7.56s/it]
[1A                                                
{'loss': 0.7857, 'grad_norm': 0.7255570292472839, 'learning_rate': 6.96e-05, 'num_tokens': 176649.0, 'mean_token_accuracy': 0.6935062315315008, 'epoch': 0.62}
[1A
[1A 31%|███       | 77/250 [09:42<21:47,  7.56s/it]
[1A 31%|███       | 78/250 [09:50<21:46,  7.60s/it]                            
{'loss': 0.3829, 'grad_norm': 0.5288854837417603, 'learning_rate': 6.92e-05, 'num_tokens': 179033.0, 'mean_token_accuracy': 0.8077096752822399, 'epoch': 0.62}
[1A
[1A 31%|███       | 78/250 [09:50<21:46,  7.60s/it]
[1A 32%|███▏      | 79/250 [09:57<21:31,  7.55s/it]
[1A                                                
{'loss': 0.4789, 'grad_norm': 0.6571651101112366, 'learning_rate': 6.879999999999999e-05, 'num_tokens': 181338.0, 'mean_token_accuracy': 0.7611722592264414, 'epoch': 0.63}
[1A
[1A 32%|███▏      | 79/250 [09:57<21:31,  7.55s/it]
{'loss': 0.39, 'grad_norm': 0.7824287414550781, 'learning_rate': 6.840000000000001e-05, 'num_tokens': 183816.0, 'mean_token_accuracy': 0.8099720105528831, 'epoch': 0.64}
[1A 32%|███▏      | 80/250 [10:05<21:38,  7.64s/it]                            
[1A
[1A 32%|███▏      | 80/250 [10:05<21:38,  7.64s/it]
[1A 32%|███▏      | 81/250 [10:13<21:24,  7.60s/it]
[1A                                                
{'loss': 0.6157, 'grad_norm': 0.6835893392562866, 'learning_rate': 6.800000000000001e-05, 'num_tokens': 185894.0, 'mean_token_accuracy': 0.7063989359885454, 'epoch': 0.65}
[1A
[1A 32%|███▏      | 81/250 [10:13<21:24,  7.60s/it]
[1A 33%|███▎      | 82/250 [10:20<21:18,  7.61s/it]
[1A                                                
{'loss': 0.9618, 'grad_norm': 0.6435338258743286, 'learning_rate': 6.76e-05, 'num_tokens': 187689.0, 'mean_token_accuracy': 0.6564351618289948, 'epoch': 0.66}
[1A
{'loss': 0.2648, 'grad_norm': 0.7789403200149536, 'learning_rate': 6.720000000000001e-05, 'num_tokens': 190267.0, 'mean_token_accuracy': 0.8501250669360161, 'epoch': 0.66}
[1A 33%|███▎      | 82/250 [10:20<21:18,  7.61s/it] 33%|███▎      | 83/250 [10:28<21:01,  7.55s/it]
[1A
[1A 33%|███▎      | 83/250 [10:28<21:01,  7.55s/it]
[1A 34%|███▎      | 84/250 [10:35<20:48,  7.52s/it]
[1A                                                
{'loss': 0.2307, 'grad_norm': 0.487746000289917, 'learning_rate': 6.680000000000001e-05, 'num_tokens': 192799.0, 'mean_token_accuracy': 0.8656321913003922, 'epoch': 0.67}
[1A
[1A 34%|███▎      | 84/250 [10:35<20:48,  7.52s/it]
{'loss': 0.397, 'grad_norm': 0.4121145009994507, 'learning_rate': 6.64e-05, 'num_tokens': 195084.0, 'mean_token_accuracy': 0.7969811670482159, 'epoch': 0.68}
[1A 34%|███▍      | 85/250 [10:42<20:21,  7.40s/it]                            
[1A
[1A 34%|███▍      | 85/250 [10:42<20:21,  7.40s/it]
[1A 34%|███▍      | 86/250 [10:50<20:25,  7.47s/it]
[1A                                                
{'loss': 0.2734, 'grad_norm': 0.32590368390083313, 'learning_rate': 6.6e-05, 'num_tokens': 197602.0, 'mean_token_accuracy': 0.8341948203742504, 'epoch': 0.69}
[1A
[1A 34%|███▍      | 86/250 [10:50<20:25,  7.47s/it]
[1A 35%|███▍      | 87/250 [10:58<20:15,  7.46s/it]
[1A                                                
{'loss': 0.5209, 'grad_norm': 0.6423600316047668, 'learning_rate': 6.560000000000001e-05, 'num_tokens': 199770.0, 'mean_token_accuracy': 0.7455292213708162, 'epoch': 0.7}
[1A
[1A 35%|███▍      | 87/250 [10:58<20:15,  7.46s/it]
[1A 35%|███▌      | 88/250 [11:05<19:57,  7.39s/it]
[1A                                                
{'loss': 0.4264, 'grad_norm': 0.45396125316619873, 'learning_rate': 6.52e-05, 'num_tokens': 202050.0, 'mean_token_accuracy': 0.7824063375592232, 'epoch': 0.7}
[1A
[1A 35%|███▌      | 88/250 [11:05<19:57,  7.39s/it]
[1A 36%|███▌      | 89/250 [11:12<19:59,  7.45s/it]
[1A                                                
{'loss': 0.597, 'grad_norm': 0.5395104885101318, 'learning_rate': 6.48e-05, 'num_tokens': 204013.0, 'mean_token_accuracy': 0.7319656144827604, 'epoch': 0.71}
[1A
[1A 36%|███▌      | 89/250 [11:12<19:59,  7.45s/it]
[1A 36%|███▌      | 90/250 [11:20<20:01,  7.51s/it]
[1A                                                
{'loss': 0.2835, 'grad_norm': 0.461832731962204, 'learning_rate': 6.440000000000001e-05, 'num_tokens': 206595.0, 'mean_token_accuracy': 0.8229899276047945, 'epoch': 0.72}
[1A
[1A 36%|███▌      | 90/250 [11:20<20:01,  7.51s/it]
[1A 36%|███▋      | 91/250 [11:27<19:52,  7.50s/it]
[1A                                                
{'loss': 0.3202, 'grad_norm': 0.42457202076911926, 'learning_rate': 6.400000000000001e-05, 'num_tokens': 208974.0, 'mean_token_accuracy': 0.815421100705862, 'epoch': 0.73}
[1A
[1A 36%|███▋      | 91/250 [11:27<19:52,  7.50s/it]
{'loss': 0.6824, 'grad_norm': 0.6188022494316101, 'learning_rate': 6.36e-05, 'num_tokens': 210940.0, 'mean_token_accuracy': 0.7252445034682751, 'epoch': 0.74}
[1A 37%|███▋      | 92/250 [11:35<19:46,  7.51s/it]                            
[1A
[1A 37%|███▋      | 92/250 [11:35<19:46,  7.51s/it]
{'loss': 0.5205, 'grad_norm': 0.5839195251464844, 'learning_rate': 6.32e-05, 'num_tokens': 213153.0, 'mean_token_accuracy': 0.7528729643672705, 'epoch': 0.74}
[1A 37%|███▋      | 93/250 [11:43<19:41,  7.52s/it]                            
[1A
[1A 37%|███▋      | 93/250 [11:43<19:41,  7.52s/it]
[1A 38%|███▊      | 94/250 [11:50<19:32,  7.51s/it]
[1A                                                
{'loss': 0.6569, 'grad_norm': 0.7758291363716125, 'learning_rate': 6.280000000000001e-05, 'num_tokens': 215155.0, 'mean_token_accuracy': 0.7054657991975546, 'epoch': 0.75}
[1A
[1A 38%|███▊      | 94/250 [11:50<19:32,  7.51s/it]
[1A 38%|███▊      | 95/250 [11:58<19:27,  7.53s/it]
[1A                                                
{'loss': 0.3036, 'grad_norm': 0.6686012148857117, 'learning_rate': 6.24e-05, 'num_tokens': 217501.0, 'mean_token_accuracy': 0.8143437467515469, 'epoch': 0.76}
[1A
[1A 38%|███▊      | 95/250 [11:58<19:27,  7.53s/it]
[1A 38%|███▊      | 96/250 [12:05<19:16,  7.51s/it]
{'loss': 0.4007, 'grad_norm': 0.4341107904911041, 'learning_rate': 6.2e-05, 'num_tokens': 219733.0, 'mean_token_accuracy': 0.7748798448592424, 'epoch': 0.77}
[1A                                                
[1A 38%|███▊      | 96/250 [12:05<19:16,  7.51s/it]
[1A 39%|███▉      | 97/250 [12:12<18:51,  7.40s/it]
[1A                                                
{'loss': 0.9297, 'grad_norm': 0.6779710650444031, 'learning_rate': 6.16e-05, 'num_tokens': 221545.0, 'mean_token_accuracy': 0.6451998203992844, 'epoch': 0.78}
[1A
[1A 39%|███▉      | 97/250 [12:12<18:51,  7.40s/it]
[1A 39%|███▉      | 98/250 [12:20<18:42,  7.38s/it]                            
{'loss': 0.375, 'grad_norm': 0.5505573749542236, 'learning_rate': 6.12e-05, 'num_tokens': 223868.0, 'mean_token_accuracy': 0.7888676449656487, 'epoch': 0.78}
[1A
[1A 39%|███▉      | 98/250 [12:20<18:42,  7.38s/it]
[1A 40%|███▉      | 99/250 [12:27<18:39,  7.41s/it]
[1A                                                
{'loss': 0.2297, 'grad_norm': 0.3748164176940918, 'learning_rate': 6.08e-05, 'num_tokens': 226459.0, 'mean_token_accuracy': 0.8606412690132856, 'epoch': 0.79}
[1A
[1A 40%|███▉      | 99/250 [12:27<18:39,  7.41s/it]
[1A 40%|████      | 100/250 [12:34<18:18,  7.32s/it]
[1A                                                 
{'loss': 0.4406, 'grad_norm': 0.5058214068412781, 'learning_rate': 6.04e-05, 'num_tokens': 228649.0, 'mean_token_accuracy': 0.7653564400970936, 'epoch': 0.8}
[1A
[1A 40%|████      | 100/250 [12:34<18:18,  7.32s/it]
[1A 40%|████      | 101/250 [12:42<18:18,  7.37s/it]
[1A                                                 
{'loss': 0.5929, 'grad_norm': 0.721096932888031, 'learning_rate': 6e-05, 'num_tokens': 230742.0, 'mean_token_accuracy': 0.7330827545374632, 'epoch': 0.81}
[1A
[1A 40%|████      | 101/250 [12:42<18:18,  7.37s/it]
[1A 41%|████      | 102/250 [12:49<18:15,  7.40s/it]
[1A                                                 
{'loss': 0.2107, 'grad_norm': 0.561646044254303, 'learning_rate': 5.96e-05, 'num_tokens': 233332.0, 'mean_token_accuracy': 0.8557508420199156, 'epoch': 0.82}
[1A
[1A 41%|████      | 102/250 [12:49<18:15,  7.40s/it]
[1A 41%|████      | 103/250 [12:57<18:18,  7.48s/it]
[1A                                                 
{'loss': 0.4772, 'grad_norm': 0.5087317824363708, 'learning_rate': 5.92e-05, 'num_tokens': 235504.0, 'mean_token_accuracy': 0.7497808318585157, 'epoch': 0.82}
[1A
[1A 41%|████      | 103/250 [12:57<18:18,  7.48s/it]
[1A 42%|████▏     | 104/250 [13:04<18:10,  7.47s/it]
[1A                                                 
{'loss': 0.4753, 'grad_norm': 0.4252537488937378, 'learning_rate': 5.88e-05, 'num_tokens': 237628.0, 'mean_token_accuracy': 0.7562036346644163, 'epoch': 0.83}
[1A
[1A 42%|████▏     | 104/250 [13:04<18:10,  7.47s/it]
[1A 42%|████▏     | 105/250 [13:12<18:10,  7.52s/it]
[1A                                                 
{'loss': 0.3077, 'grad_norm': 0.8914724588394165, 'learning_rate': 5.8399999999999997e-05, 'num_tokens': 240110.0, 'mean_token_accuracy': 0.8163940869271755, 'epoch': 0.84}
[1A
[1A 42%|████▏     | 105/250 [13:12<18:10,  7.52s/it]
[1A 42%|████▏     | 106/250 [13:19<18:05,  7.53s/it]
[1A                                                 
{'loss': 0.3076, 'grad_norm': 0.31186196208000183, 'learning_rate': 5.8e-05, 'num_tokens': 242489.0, 'mean_token_accuracy': 0.814153004437685, 'epoch': 0.85}
[1A
[1A 42%|████▏     | 106/250 [13:19<18:05,  7.53s/it]
[1A 43%|████▎     | 107/250 [13:27<17:51,  7.50s/it]
[1A                                                 
{'loss': 0.2144, 'grad_norm': 0.24183787405490875, 'learning_rate': 5.76e-05, 'num_tokens': 245073.0, 'mean_token_accuracy': 0.8682590276002884, 'epoch': 0.86}
[1A
[1A 43%|████▎     | 107/250 [13:27<17:51,  7.50s/it]
[1A 43%|████▎     | 108/250 [13:34<17:43,  7.49s/it]                           
{'loss': 0.4192, 'grad_norm': 0.4186415672302246, 'learning_rate': 5.72e-05, 'num_tokens': 247250.0, 'mean_token_accuracy': 0.7850053571164608, 'epoch': 0.86}
[1A
[1A 43%|████▎     | 108/250 [13:34<17:43,  7.49s/it]
[1A 44%|████▎     | 109/250 [13:42<17:36,  7.49s/it]
[1A                                                 
{'loss': 0.4906, 'grad_norm': 0.48976272344589233, 'learning_rate': 5.68e-05, 'num_tokens': 249412.0, 'mean_token_accuracy': 0.7472673542797565, 'epoch': 0.87}
[1A
[1A 44%|████▎     | 109/250 [13:42<17:36,  7.49s/it]
[1A 44%|████▍     | 110/250 [13:49<17:13,  7.39s/it]
[1A                                                 
{'loss': 0.4383, 'grad_norm': 1.3853167295455933, 'learning_rate': 5.6399999999999995e-05, 'num_tokens': 251597.0, 'mean_token_accuracy': 0.7584750205278397, 'epoch': 0.88}
[1A
[1A 44%|████▍     | 110/250 [13:49<17:13,  7.39s/it]
[1A 44%|████▍     | 111/250 [13:57<17:15,  7.45s/it]
[1A                                                 
{'loss': 0.2715, 'grad_norm': 0.3512287735939026, 'learning_rate': 5.6000000000000006e-05, 'num_tokens': 254014.0, 'mean_token_accuracy': 0.8470309562981129, 'epoch': 0.89}
[1A
[1A 44%|████▍     | 111/250 [13:57<17:15,  7.45s/it]
[1A 45%|████▍     | 112/250 [14:04<17:08,  7.45s/it]
[1A                                                 
{'loss': 0.3504, 'grad_norm': 0.35564297437667847, 'learning_rate': 5.560000000000001e-05, 'num_tokens': 256342.0, 'mean_token_accuracy': 0.7844694200903177, 'epoch': 0.9}
[1A
[1A 45%|████▍     | 112/250 [14:04<17:08,  7.45s/it]
[1A 45%|████▌     | 113/250 [14:11<16:53,  7.40s/it]
[1A                                                 
[1A
{'loss': 0.1087, 'grad_norm': 0.5062879920005798, 'learning_rate': 5.520000000000001e-05, 'num_tokens': 259039.0, 'mean_token_accuracy': 0.9224662184715271, 'epoch': 0.9}
[1A 45%|████▌     | 113/250 [14:11<16:53,  7.40s/it]
[1A 46%|████▌     | 114/250 [14:19<16:47,  7.41s/it]
[1A                                                 
{'loss': 0.2643, 'grad_norm': 0.6621536016464233, 'learning_rate': 5.4800000000000004e-05, 'num_tokens': 261433.0, 'mean_token_accuracy': 0.8310290239751339, 'epoch': 0.91}
[1A
[1A 46%|████▌     | 114/250 [14:19<16:47,  7.41s/it]
[1A 46%|████▌     | 115/250 [14:26<16:47,  7.46s/it]
[1A                                                 
{'loss': 0.3212, 'grad_norm': 0.36199134588241577, 'learning_rate': 5.440000000000001e-05, 'num_tokens': 263767.0, 'mean_token_accuracy': 0.8149136006832123, 'epoch': 0.92}
[1A
[1A 46%|████▌     | 115/250 [14:26<16:47,  7.46s/it]
[1A 46%|████▋     | 116/250 [14:34<16:32,  7.41s/it]
[1A                                                 
{'loss': 0.2693, 'grad_norm': 0.2998967468738556, 'learning_rate': 5.4000000000000005e-05, 'num_tokens': 266250.0, 'mean_token_accuracy': 0.8374991938471794, 'epoch': 0.93}
[1A
[1A 46%|████▋     | 116/250 [14:34<16:32,  7.41s/it]
[1A 47%|████▋     | 117/250 [14:41<16:34,  7.48s/it]
[1A                                                 
{'loss': 0.1223, 'grad_norm': 0.2257058471441269, 'learning_rate': 5.360000000000001e-05, 'num_tokens': 268924.0, 'mean_token_accuracy': 0.8939408957958221, 'epoch': 0.94}
[1A
[1A 47%|████▋     | 117/250 [14:41<16:34,  7.48s/it]
[1A 47%|████▋     | 118/250 [14:48<16:19,  7.42s/it]
[1A                                                 
{'loss': 0.3591, 'grad_norm': 0.3672686815261841, 'learning_rate': 5.3200000000000006e-05, 'num_tokens': 271203.0, 'mean_token_accuracy': 0.8086333908140659, 'epoch': 0.94}
[1A
[1A 47%|████▋     | 118/250 [14:48<16:19,  7.42s/it]
[1A 48%|████▊     | 119/250 [14:56<16:06,  7.38s/it]
[1A                                                 
{'loss': 0.2879, 'grad_norm': 0.334542840719223, 'learning_rate': 5.28e-05, 'num_tokens': 273631.0, 'mean_token_accuracy': 0.8117580283433199, 'epoch': 0.95}
[1A
[1A 48%|████▊     | 119/250 [14:56<16:06,  7.38s/it]
{'loss': 0.2423, 'grad_norm': 0.48129233717918396, 'learning_rate': 5.2400000000000007e-05, 'num_tokens': 276104.0, 'mean_token_accuracy': 0.8474238011986017, 'epoch': 0.96}
[1A 48%|████▊     | 120/250 [15:03<16:02,  7.41s/it]                           
[1A 48%|████▊     | 120/250 [15:03<16:02,  7.41s/it]
[1A 48%|████▊     | 121/250 [15:11<16:03,  7.47s/it]                           
{'loss': 0.5634, 'grad_norm': 0.6383517384529114, 'learning_rate': 5.2000000000000004e-05, 'num_tokens': 278127.0, 'mean_token_accuracy': 0.7317092530429363, 'epoch': 0.97}
[1A
[1A 48%|████▊     | 121/250 [15:11<16:03,  7.47s/it]
[1A 49%|████▉     | 122/250 [15:18<15:41,  7.36s/it]
[1A                                                 
{'loss': 0.3649, 'grad_norm': 0.36817535758018494, 'learning_rate': 5.16e-05, 'num_tokens': 280414.0, 'mean_token_accuracy': 0.7852811738848686, 'epoch': 0.98}
[1A
[1A 49%|████▉     | 122/250 [15:18<15:41,  7.36s/it]
[1A 49%|████▉     | 123/250 [15:25<15:38,  7.39s/it]
[1A                                                 
[1A
{'loss': 0.374, 'grad_norm': 0.35090014338493347, 'learning_rate': 5.1200000000000004e-05, 'num_tokens': 282764.0, 'mean_token_accuracy': 0.787081316113472, 'epoch': 0.98}
[1A 49%|████▉     | 123/250 [15:25<15:38,  7.39s/it]
[1A 50%|████▉     | 124/250 [15:33<15:38,  7.44s/it]
[1A                                                 
{'loss': 0.6159, 'grad_norm': 0.4817640483379364, 'learning_rate': 5.08e-05, 'num_tokens': 284731.0, 'mean_token_accuracy': 0.7286666855216026, 'epoch': 0.99}
[1A
[1A 50%|████▉     | 124/250 [15:33<15:38,  7.44s/it]
[1A 50%|█████     | 125/250 [15:40<15:32,  7.46s/it]
[1A                                                 
{'loss': 0.2639, 'grad_norm': 0.35777387022972107, 'learning_rate': 5.0400000000000005e-05, 'num_tokens': 287201.0, 'mean_token_accuracy': 0.8299816846847534, 'epoch': 1.0}
[1A
[1A 50%|█████     | 125/250 [15:40<15:32,  7.46s/it]
[1A 50%|█████     | 126/250 [15:48<15:32,  7.52s/it]
[1A                                                 
{'loss': 0.2028, 'grad_norm': 0.773338258266449, 'learning_rate': 5e-05, 'num_tokens': 289825.0, 'mean_token_accuracy': 0.8747305683791637, 'epoch': 1.01}
[1A
[1A 50%|█████     | 126/250 [15:48<15:32,  7.52s/it]
[1A 51%|█████     | 127/250 [15:56<15:35,  7.61s/it]
[1A                                                 
{'loss': 0.5762, 'grad_norm': 0.44632312655448914, 'learning_rate': 4.96e-05, 'num_tokens': 291911.0, 'mean_token_accuracy': 0.7424137368798256, 'epoch': 1.02}
[1A
[1A 51%|█████     | 127/250 [15:56<15:35,  7.61s/it]
[1A 51%|█████     | 128/250 [16:03<15:15,  7.51s/it]                           
{'loss': 0.4426, 'grad_norm': 0.3417726755142212, 'learning_rate': 4.92e-05, 'num_tokens': 294066.0, 'mean_token_accuracy': 0.7809587176889181, 'epoch': 1.02}
[1A
[1A 51%|█████     | 128/250 [16:03<15:15,  7.51s/it]
[1A 52%|█████▏    | 129/250 [16:11<15:10,  7.52s/it]
[1A                                                 
{'loss': 0.421, 'grad_norm': 0.35144633054733276, 'learning_rate': 4.88e-05, 'num_tokens': 296298.0, 'mean_token_accuracy': 0.7759524919092655, 'epoch': 1.03}
[1A
[1A 52%|█████▏    | 129/250 [16:11<15:10,  7.52s/it]
[1A 52%|█████▏    | 130/250 [16:18<14:57,  7.48s/it]
[1A                                                 
{'loss': 0.3527, 'grad_norm': 0.3206518292427063, 'learning_rate': 4.8400000000000004e-05, 'num_tokens': 298597.0, 'mean_token_accuracy': 0.7842901684343815, 'epoch': 1.04}
[1A
[1A 52%|█████▏    | 130/250 [16:18<14:57,  7.48s/it]
[1A 52%|█████▏    | 131/250 [16:26<14:48,  7.46s/it]
[1A                                                 
{'loss': 0.2453, 'grad_norm': 0.29857850074768066, 'learning_rate': 4.8e-05, 'num_tokens': 300924.0, 'mean_token_accuracy': 0.8334426805377007, 'epoch': 1.05}
[1A
[1A 52%|█████▏    | 131/250 [16:26<14:48,  7.46s/it]
[1A 53%|█████▎    | 132/250 [16:33<14:45,  7.50s/it]
[1A                                                 
{'loss': 0.7036, 'grad_norm': 0.5214179158210754, 'learning_rate': 4.76e-05, 'num_tokens': 302850.0, 'mean_token_accuracy': 0.6836601328104734, 'epoch': 1.06}
[1A
[1A 53%|█████▎    | 132/250 [16:33<14:45,  7.50s/it]
[1A 53%|█████▎    | 133/250 [16:41<14:46,  7.58s/it]
[1A                                                 
{'loss': 0.4306, 'grad_norm': 0.37697699666023254, 'learning_rate': 4.72e-05, 'num_tokens': 305085.0, 'mean_token_accuracy': 0.7655372153967619, 'epoch': 1.06}
[1A
{'loss': 0.4417, 'grad_norm': 0.3896738290786743, 'learning_rate': 4.6800000000000006e-05, 'num_tokens': 307207.0, 'mean_token_accuracy': 0.7436956483870745, 'epoch': 1.07}
[1A 53%|█████▎    | 133/250 [16:41<14:46,  7.58s/it] 54%|█████▎    | 134/250 [16:49<14:45,  7.63s/it]
[1A 54%|█████▎    | 134/250 [16:49<14:45,  7.63s/it]
[1A 54%|█████▍    | 135/250 [16:56<14:38,  7.64s/it]
[1A                                                 
{'loss': 0.2729, 'grad_norm': 0.36072519421577454, 'learning_rate': 4.64e-05, 'num_tokens': 309620.0, 'mean_token_accuracy': 0.8263927809894085, 'epoch': 1.08}
[1A
[1A 54%|█████▍    | 135/250 [16:56<14:38,  7.64s/it]
{'loss': 0.3038, 'grad_norm': 0.5659860372543335, 'learning_rate': 4.600000000000001e-05, 'num_tokens': 311944.0, 'mean_token_accuracy': 0.8155340701341629, 'epoch': 1.09}
[1A 54%|█████▍    | 136/250 [17:04<14:31,  7.65s/it]                           
[1A
[1A 54%|█████▍    | 136/250 [17:04<14:31,  7.65s/it]
[1A 55%|█████▍    | 137/250 [17:12<14:20,  7.62s/it]
[1A                                                 
{'loss': 0.6333, 'grad_norm': 0.49312347173690796, 'learning_rate': 4.5600000000000004e-05, 'num_tokens': 313927.0, 'mean_token_accuracy': 0.7093597408384085, 'epoch': 1.1}
[1A
[1A 55%|█████▍    | 137/250 [17:12<14:20,  7.62s/it]
{'loss': 0.3526, 'grad_norm': 0.3835589587688446, 'learning_rate': 4.52e-05, 'num_tokens': 316213.0, 'mean_token_accuracy': 0.8111178316175938, 'epoch': 1.1}
[1A 55%|█████▌    | 138/250 [17:19<14:00,  7.51s/it]                           
[1A
[1A 55%|█████▌    | 138/250 [17:19<14:00,  7.51s/it]
[1A 56%|█████▌    | 139/250 [17:26<13:54,  7.52s/it]
[1A                                                 
{'loss': 0.2542, 'grad_norm': 0.3019614517688751, 'learning_rate': 4.4800000000000005e-05, 'num_tokens': 318589.0, 'mean_token_accuracy': 0.8449369017034769, 'epoch': 1.11}
[1A
[1A 56%|█████▌    | 139/250 [17:26<13:54,  7.52s/it]
[1A 56%|█████▌    | 140/250 [17:34<13:48,  7.53s/it]
[1A                                                 
{'loss': 0.4836, 'grad_norm': 0.5323281288146973, 'learning_rate': 4.44e-05, 'num_tokens': 320747.0, 'mean_token_accuracy': 0.7713377606123686, 'epoch': 1.12}
[1A
[1A 56%|█████▌    | 140/250 [17:34<13:48,  7.53s/it]
[1A 56%|█████▋    | 141/250 [17:41<13:34,  7.47s/it]
[1A                                                 
{'loss': 0.3176, 'grad_norm': 0.3228398263454437, 'learning_rate': 4.4000000000000006e-05, 'num_tokens': 323046.0, 'mean_token_accuracy': 0.8013980034738779, 'epoch': 1.13}
[1A
[1A 56%|█████▋    | 141/250 [17:41<13:34,  7.47s/it]
[1A 57%|█████▋    | 142/250 [17:49<13:28,  7.49s/it]
[1A                                                 
{'loss': 0.3916, 'grad_norm': 0.3867502510547638, 'learning_rate': 4.36e-05, 'num_tokens': 325327.0, 'mean_token_accuracy': 0.7982081547379494, 'epoch': 1.14}
[1A
[1A 57%|█████▋    | 142/250 [17:49<13:28,  7.49s/it]
[1A 57%|█████▋    | 143/250 [17:56<13:24,  7.52s/it]                           
[1A
{'loss': 0.2884, 'grad_norm': 0.3104137182235718, 'learning_rate': 4.32e-05, 'num_tokens': 327703.0, 'mean_token_accuracy': 0.8249672092497349, 'epoch': 1.14}
[1A 57%|█████▋    | 143/250 [17:56<13:24,  7.52s/it]
[1A 58%|█████▊    | 144/250 [18:04<13:06,  7.42s/it]
[1A                                                 
{'loss': 0.3836, 'grad_norm': 0.41076144576072693, 'learning_rate': 4.2800000000000004e-05, 'num_tokens': 329966.0, 'mean_token_accuracy': 0.7850745711475611, 'epoch': 1.15}
[1A
[1A 58%|█████▊    | 144/250 [18:04<13:06,  7.42s/it]
[1A 58%|█████▊    | 145/250 [18:11<12:56,  7.40s/it]
[1A                                                 
{'loss': 0.1697, 'grad_norm': 0.24812231957912445, 'learning_rate': 4.24e-05, 'num_tokens': 332674.0, 'mean_token_accuracy': 0.8944042902439833, 'epoch': 1.16}
[1A
[1A 58%|█████▊    | 145/250 [18:11<12:56,  7.40s/it]
[1A 58%|█████▊    | 146/250 [18:18<12:51,  7.42s/it]
[1A                                                 
{'loss': 0.2947, 'grad_norm': 0.41070032119750977, 'learning_rate': 4.2e-05, 'num_tokens': 335073.0, 'mean_token_accuracy': 0.8209748771041632, 'epoch': 1.17}
[1A
[1A 58%|█████▊    | 146/250 [18:18<12:51,  7.42s/it]
[1A 59%|█████▉    | 147/250 [18:26<12:37,  7.35s/it]
[1A                                                 
{'loss': 0.3215, 'grad_norm': 0.626512348651886, 'learning_rate': 4.16e-05, 'num_tokens': 337331.0, 'mean_token_accuracy': 0.8067079558968544, 'epoch': 1.18}
[1A
[1A 59%|█████▉    | 147/250 [18:26<12:37,  7.35s/it]
[1A 59%|█████▉    | 148/250 [18:33<12:31,  7.36s/it]
[1A                                                 
{'loss': 0.3408, 'grad_norm': 0.34707653522491455, 'learning_rate': 4.12e-05, 'num_tokens': 339653.0, 'mean_token_accuracy': 0.7895469292998314, 'epoch': 1.18}
[1A
[1A 59%|█████▉    | 148/250 [18:33<12:31,  7.36s/it]
[1A 60%|█████▉    | 149/250 [18:40<12:24,  7.37s/it]
[1A                                                 
{'loss': 0.4054, 'grad_norm': 0.3929198682308197, 'learning_rate': 4.08e-05, 'num_tokens': 341862.0, 'mean_token_accuracy': 0.7811632975935936, 'epoch': 1.19}
[1A
[1A 60%|█████▉    | 149/250 [18:40<12:24,  7.37s/it]
[1A 60%|██████    | 150/250 [18:48<12:15,  7.36s/it]
[1A                                                 
{'loss': 0.33, 'grad_norm': 0.34397730231285095, 'learning_rate': 4.0400000000000006e-05, 'num_tokens': 344173.0, 'mean_token_accuracy': 0.7751665357500315, 'epoch': 1.2}
[1A
[1A 60%|██████    | 150/250 [18:48<12:15,  7.36s/it]
[1A 60%|██████    | 151/250 [18:55<12:12,  7.40s/it]
[1A                                                 
{'loss': 0.2579, 'grad_norm': 0.29494938254356384, 'learning_rate': 4e-05, 'num_tokens': 346589.0, 'mean_token_accuracy': 0.8377224802970886, 'epoch': 1.21}
[1A
[1A 60%|██████    | 151/250 [18:55<12:12,  7.40s/it]
[1A 61%|██████    | 152/250 [19:03<12:09,  7.44s/it]
[1A                                                 
{'loss': 0.2643, 'grad_norm': 0.2885822355747223, 'learning_rate': 3.960000000000001e-05, 'num_tokens': 349026.0, 'mean_token_accuracy': 0.8332433328032494, 'epoch': 1.22}
[1A
[1A 61%|██████    | 152/250 [19:03<12:09,  7.44s/it]
[1A 61%|██████    | 153/250 [19:10<11:52,  7.34s/it]
[1A                                                 
{'loss': 0.3753, 'grad_norm': 0.4420461058616638, 'learning_rate': 3.9200000000000004e-05, 'num_tokens': 351066.0, 'mean_token_accuracy': 0.7791983038187027, 'epoch': 1.22}
[1A
[1A 61%|██████    | 153/250 [19:10<11:52,  7.34s/it]
[1A 62%|██████▏   | 154/250 [19:17<11:50,  7.40s/it]                           
{'loss': 0.1861, 'grad_norm': 0.2284892201423645, 'learning_rate': 3.88e-05, 'num_tokens': 353647.0, 'mean_token_accuracy': 0.8868886865675449, 'epoch': 1.23}
[1A
[1A 62%|██████▏   | 154/250 [19:17<11:50,  7.40s/it]
[1A 62%|██████▏   | 155/250 [19:25<11:45,  7.43s/it]
[1A                                                 
{'loss': 0.4364, 'grad_norm': 0.3970414996147156, 'learning_rate': 3.8400000000000005e-05, 'num_tokens': 355836.0, 'mean_token_accuracy': 0.7798075824975967, 'epoch': 1.24}
[1A
[1A 62%|██████▏   | 155/250 [19:25<11:45,  7.43s/it]
[1A 62%|██████▏   | 156/250 [19:32<11:36,  7.41s/it]
[1A                                                 
{'loss': 0.7056, 'grad_norm': 0.579272985458374, 'learning_rate': 3.8e-05, 'num_tokens': 357744.0, 'mean_token_accuracy': 0.7106742821633816, 'epoch': 1.25}
[1A
[1A 62%|██████▏   | 156/250 [19:32<11:36,  7.41s/it]
[1A 63%|██████▎   | 157/250 [19:40<11:31,  7.44s/it]
[1A                                                 
{'loss': 0.6037, 'grad_norm': 0.5219016671180725, 'learning_rate': 3.76e-05, 'num_tokens': 359737.0, 'mean_token_accuracy': 0.7270979210734367, 'epoch': 1.26}
[1A
[1A 63%|██████▎   | 157/250 [19:40<11:31,  7.44s/it]
[1A 63%|██████▎   | 158/250 [19:47<11:25,  7.45s/it]
[1A                                                 
{'loss': 0.439, 'grad_norm': 0.4329811632633209, 'learning_rate': 3.72e-05, 'num_tokens': 361842.0, 'mean_token_accuracy': 0.7758505418896675, 'epoch': 1.26}
[1A
[1A 63%|██████▎   | 158/250 [19:47<11:25,  7.45s/it]
[1A 64%|██████▎   | 159/250 [19:54<11:12,  7.39s/it]
[1A                                                 
{'loss': 0.3255, 'grad_norm': 0.32108962535858154, 'learning_rate': 3.68e-05, 'num_tokens': 364182.0, 'mean_token_accuracy': 0.7966293226927519, 'epoch': 1.27}
[1A
[1A 64%|██████▎   | 159/250 [19:54<11:12,  7.39s/it]
{'loss': 0.6846, 'grad_norm': 0.5777550935745239, 'learning_rate': 3.6400000000000004e-05, 'num_tokens': 366082.0, 'mean_token_accuracy': 0.6962966118007898, 'epoch': 1.28}
[1A 64%|██████▍   | 160/250 [20:02<11:11,  7.46s/it]                           
[1A
[1A 64%|██████▍   | 160/250 [20:02<11:11,  7.46s/it]
[1A 64%|██████▍   | 161/250 [20:09<11:02,  7.45s/it]
[1A                                                 
{'loss': 0.266, 'grad_norm': 0.28486546874046326, 'learning_rate': 3.6e-05, 'num_tokens': 368432.0, 'mean_token_accuracy': 0.8206392228603363, 'epoch': 1.29}
[1A
[1A 64%|██████▍   | 161/250 [20:09<11:02,  7.45s/it]
[1A 65%|██████▍   | 162/250 [20:17<10:56,  7.46s/it]
[1A                                                 
{'loss': 0.6221, 'grad_norm': 0.5085828304290771, 'learning_rate': 3.56e-05, 'num_tokens': 370394.0, 'mean_token_accuracy': 0.7175403665751219, 'epoch': 1.3}
[1A
[1A 65%|██████▍   | 162/250 [20:17<10:56,  7.46s/it]
[1A 65%|██████▌   | 163/250 [20:24<10:46,  7.43s/it]
[1A                                                 
{'loss': 0.618, 'grad_norm': 0.6185072064399719, 'learning_rate': 3.52e-05, 'num_tokens': 372273.0, 'mean_token_accuracy': 0.7319061607122421, 'epoch': 1.3}
[1A
[1A 65%|██████▌   | 163/250 [20:24<10:46,  7.43s/it]
[1A 66%|██████▌   | 164/250 [20:32<10:45,  7.51s/it]
[1A                                                 
{'loss': 0.3343, 'grad_norm': 0.33083733916282654, 'learning_rate': 3.48e-05, 'num_tokens': 374541.0, 'mean_token_accuracy': 0.802779208868742, 'epoch': 1.31}
[1A
[1A 66%|██████▌   | 164/250 [20:32<10:45,  7.51s/it]
[1A 66%|██████▌   | 165/250 [20:39<10:32,  7.44s/it]
[1A                                                 
[1A
{'loss': 0.3643, 'grad_norm': 0.38985249400138855, 'learning_rate': 3.4399999999999996e-05, 'num_tokens': 376891.0, 'mean_token_accuracy': 0.802061602473259, 'epoch': 1.32}
[1A 66%|██████▌   | 165/250 [20:39<10:32,  7.44s/it]
{'loss': 0.2604, 'grad_norm': 0.299823522567749, 'learning_rate': 3.4000000000000007e-05, 'num_tokens': 379259.0, 'mean_token_accuracy': 0.8218563608825207, 'epoch': 1.33}
[1A 66%|██████▋   | 166/250 [20:47<10:26,  7.46s/it]                           
[1A
[1A 66%|██████▋   | 166/250 [20:47<10:26,  7.46s/it]
[1A 67%|██████▋   | 167/250 [20:54<10:21,  7.49s/it]
[1A                                                 
[1A
{'loss': 0.2944, 'grad_norm': 0.331659197807312, 'learning_rate': 3.3600000000000004e-05, 'num_tokens': 381551.0, 'mean_token_accuracy': 0.8165567927062511, 'epoch': 1.34}
[1A 67%|██████▋   | 167/250 [20:54<10:21,  7.49s/it]
[1A 67%|██████▋   | 168/250 [21:02<10:17,  7.53s/it]
[1A                                                 
{'loss': 0.5101, 'grad_norm': 0.4841742217540741, 'learning_rate': 3.32e-05, 'num_tokens': 383659.0, 'mean_token_accuracy': 0.7334461491554976, 'epoch': 1.34}
[1A
[1A 67%|██████▋   | 168/250 [21:02<10:17,  7.53s/it]
[1A 68%|██████▊   | 169/250 [21:10<10:12,  7.56s/it]
[1A                                                 
{'loss': 0.2555, 'grad_norm': 0.28078708052635193, 'learning_rate': 3.2800000000000004e-05, 'num_tokens': 386081.0, 'mean_token_accuracy': 0.8219742123037577, 'epoch': 1.35}
[1A
[1A 68%|██████▊   | 169/250 [21:10<10:12,  7.56s/it]
[1A 68%|██████▊   | 170/250 [21:17<10:09,  7.62s/it]
[1A                                                 
{'loss': 0.2801, 'grad_norm': 0.3000115752220154, 'learning_rate': 3.24e-05, 'num_tokens': 388520.0, 'mean_token_accuracy': 0.8294235318899155, 'epoch': 1.36}
[1A
[1A 68%|██████▊   | 170/250 [21:17<10:09,  7.62s/it]
[1A 68%|██████▊   | 171/250 [21:25<09:57,  7.57s/it]
[1A                                                 
{'loss': 0.3998, 'grad_norm': 0.38949498534202576, 'learning_rate': 3.2000000000000005e-05, 'num_tokens': 390765.0, 'mean_token_accuracy': 0.7669291198253632, 'epoch': 1.37}
[1A
[1A 68%|██████▊   | 171/250 [21:25<09:57,  7.57s/it]
[1A 69%|██████▉   | 172/250 [21:32<09:50,  7.57s/it]
[1A                                                 
{'loss': 0.1366, 'grad_norm': 0.21911045908927917, 'learning_rate': 3.16e-05, 'num_tokens': 393445.0, 'mean_token_accuracy': 0.8862635511904955, 'epoch': 1.38}
[1A
[1A 69%|██████▉   | 172/250 [21:32<09:50,  7.57s/it]
{'loss': 0.3287, 'grad_norm': 0.33824220299720764, 'learning_rate': 3.12e-05, 'num_tokens': 395849.0, 'mean_token_accuracy': 0.8128609769046307, 'epoch': 1.38}
[1A 69%|██████▉   | 173/250 [21:40<09:43,  7.58s/it]                           
[1A 69%|██████▉   | 173/250 [21:40<09:43,  7.58s/it]
[1A 70%|██████▉   | 174/250 [21:47<09:32,  7.53s/it]
[1A                                                 
[1A
{'loss': 0.1582, 'grad_norm': 0.23266945779323578, 'learning_rate': 3.08e-05, 'num_tokens': 398480.0, 'mean_token_accuracy': 0.890585158020258, 'epoch': 1.39}
[1A 70%|██████▉   | 174/250 [21:47<09:32,  7.53s/it]
[1A 70%|███████   | 175/250 [21:55<09:21,  7.48s/it]
[1A                                                 
{'loss': 0.3117, 'grad_norm': 0.33244025707244873, 'learning_rate': 3.04e-05, 'num_tokens': 400807.0, 'mean_token_accuracy': 0.8349596224725246, 'epoch': 1.4}
[1A
[1A 70%|███████   | 175/250 [21:55<09:21,  7.48s/it]
[1A 70%|███████   | 176/250 [22:02<09:16,  7.52s/it]
[1A                                                 
{'loss': 0.6846, 'grad_norm': 0.5816721320152283, 'learning_rate': 3e-05, 'num_tokens': 402850.0, 'mean_token_accuracy': 0.6957159880548716, 'epoch': 1.41}
[1A
[1A 70%|███████   | 176/250 [22:02<09:16,  7.52s/it]
[1A 71%|███████   | 177/250 [22:10<09:08,  7.52s/it]
[1A                                                 
{'loss': 0.2916, 'grad_norm': 0.31039559841156006, 'learning_rate': 2.96e-05, 'num_tokens': 405289.0, 'mean_token_accuracy': 0.8227790482342243, 'epoch': 1.42}
[1A
[1A 71%|███████   | 177/250 [22:10<09:08,  7.52s/it]
[1A 71%|███████   | 178/250 [22:17<08:57,  7.46s/it]
[1A                                                 
{'loss': 0.2538, 'grad_norm': 0.2611067295074463, 'learning_rate': 2.9199999999999998e-05, 'num_tokens': 407781.0, 'mean_token_accuracy': 0.8374644592404366, 'epoch': 1.42}
[1A
[1A 71%|███████   | 178/250 [22:17<08:57,  7.46s/it]
[1A 72%|███████▏  | 179/250 [22:25<08:49,  7.46s/it]
[1A                                                 
{'loss': 0.3471, 'grad_norm': 0.33261677622795105, 'learning_rate': 2.88e-05, 'num_tokens': 410245.0, 'mean_token_accuracy': 0.7989441622048616, 'epoch': 1.43}
[1A
[1A 72%|███████▏  | 179/250 [22:25<08:49,  7.46s/it]
[1A 72%|███████▏  | 180/250 [22:32<08:46,  7.52s/it]
[1A                                                 
{'loss': 0.4529, 'grad_norm': 0.4457405209541321, 'learning_rate': 2.84e-05, 'num_tokens': 412349.0, 'mean_token_accuracy': 0.7415030263364315, 'epoch': 1.44}
[1A
[1A 72%|███████▏  | 180/250 [22:32<08:46,  7.52s/it]
[1A 72%|███████▏  | 181/250 [22:40<08:35,  7.48s/it]
[1A                                                 
{'loss': 0.4833, 'grad_norm': 0.5284174680709839, 'learning_rate': 2.8000000000000003e-05, 'num_tokens': 414429.0, 'mean_token_accuracy': 0.7577128987759352, 'epoch': 1.45}
[1A
[1A 72%|███████▏  | 181/250 [22:40<08:35,  7.48s/it]
[1A 73%|███████▎  | 182/250 [22:47<08:29,  7.49s/it]
[1A                                                 
{'loss': 0.2898, 'grad_norm': 0.30357393622398376, 'learning_rate': 2.7600000000000003e-05, 'num_tokens': 416786.0, 'mean_token_accuracy': 0.8368225693702698, 'epoch': 1.46}
[1A
[1A 73%|███████▎  | 182/250 [22:47<08:29,  7.49s/it]
{'loss': 0.3567, 'grad_norm': 0.3661760091781616, 'learning_rate': 2.7200000000000004e-05, 'num_tokens': 419068.0, 'mean_token_accuracy': 0.7880314365029335, 'epoch': 1.46}
[1A 73%|███████▎  | 183/250 [22:55<08:23,  7.52s/it]                           
[1A
[1A 73%|███████▎  | 183/250 [22:55<08:23,  7.52s/it]
[1A 74%|███████▎  | 184/250 [23:02<08:12,  7.46s/it]
[1A                                                 
{'loss': 0.2583, 'grad_norm': 0.2979334592819214, 'learning_rate': 2.6800000000000004e-05, 'num_tokens': 421471.0, 'mean_token_accuracy': 0.8438639156520367, 'epoch': 1.47}
[1A
[1A 74%|███████▎  | 184/250 [23:02<08:12,  7.46s/it]
{'loss': 0.3819, 'grad_norm': 0.4156877100467682, 'learning_rate': 2.64e-05, 'num_tokens': 423686.0, 'mean_token_accuracy': 0.7941302321851254, 'epoch': 1.48}
[1A 74%|███████▍  | 185/250 [23:10<08:07,  7.50s/it]                           
[1A
[1A 74%|███████▍  | 185/250 [23:10<08:07,  7.50s/it]
[1A 74%|███████▍  | 186/250 [23:18<08:05,  7.58s/it]
[1A                                                 
{'loss': 0.3908, 'grad_norm': 0.40649649500846863, 'learning_rate': 2.6000000000000002e-05, 'num_tokens': 425871.0, 'mean_token_accuracy': 0.7706587463617325, 'epoch': 1.49}
[1A
[1A 74%|███████▍  | 186/250 [23:18<08:05,  7.58s/it]
[1A 75%|███████▍  | 187/250 [23:25<07:51,  7.48s/it]
[1A                                                 
{'loss': 0.246, 'grad_norm': 0.2710113227367401, 'learning_rate': 2.5600000000000002e-05, 'num_tokens': 428284.0, 'mean_token_accuracy': 0.8609308563172817, 'epoch': 1.5}
[1A
[1A 75%|███████▍  | 187/250 [23:25<07:51,  7.48s/it]
[1A 75%|███████▌  | 188/250 [23:32<07:45,  7.51s/it]
[1A                                                 
{'loss': 0.3033, 'grad_norm': 0.3492770493030548, 'learning_rate': 2.5200000000000003e-05, 'num_tokens': 430532.0, 'mean_token_accuracy': 0.8061010129749775, 'epoch': 1.5}
[1A
[1A 75%|███████▌  | 188/250 [23:32<07:45,  7.51s/it]
[1A 76%|███████▌  | 189/250 [23:40<07:38,  7.52s/it]
[1A                                                 
{'loss': 0.4145, 'grad_norm': 0.4217991828918457, 'learning_rate': 2.48e-05, 'num_tokens': 432737.0, 'mean_token_accuracy': 0.7784506119787693, 'epoch': 1.51}
[1A
[1A 76%|███████▌  | 189/250 [23:40<07:38,  7.52s/it]
[1A 76%|███████▌  | 190/250 [23:48<07:34,  7.57s/it]
[1A                                                 
{'loss': 0.3876, 'grad_norm': 0.3995576798915863, 'learning_rate': 2.44e-05, 'num_tokens': 434982.0, 'mean_token_accuracy': 0.7894315384328365, 'epoch': 1.52}
[1A
[1A 76%|███████▌  | 190/250 [23:48<07:34,  7.57s/it]
[1A 76%|███████▋  | 191/250 [23:55<07:22,  7.50s/it]
[1A                                                 
{'loss': 0.4465, 'grad_norm': 0.44064968824386597, 'learning_rate': 2.4e-05, 'num_tokens': 437136.0, 'mean_token_accuracy': 0.7557654939591885, 'epoch': 1.53}
[1A
[1A 76%|███████▋  | 191/250 [23:55<07:22,  7.50s/it]
[1A 77%|███████▋  | 192/250 [24:03<07:16,  7.53s/it]
[1A                                                 
{'loss': 0.5948, 'grad_norm': 0.5294473171234131, 'learning_rate': 2.36e-05, 'num_tokens': 439150.0, 'mean_token_accuracy': 0.7284621372818947, 'epoch': 1.54}
[1A
[1A 77%|███████▋  | 192/250 [24:03<07:16,  7.53s/it]
[1A 77%|███████▋  | 193/250 [24:10<07:06,  7.47s/it]
[1A                                                 
{'loss': 0.4113, 'grad_norm': 0.38762137293815613, 'learning_rate': 2.32e-05, 'num_tokens': 441317.0, 'mean_token_accuracy': 0.7690866719931364, 'epoch': 1.54}
[1A
[1A 77%|███████▋  | 193/250 [24:10<07:06,  7.47s/it]
[1A 78%|███████▊  | 194/250 [24:17<06:59,  7.49s/it]
[1A                                                 
{'loss': 0.3077, 'grad_norm': 0.3087935447692871, 'learning_rate': 2.2800000000000002e-05, 'num_tokens': 443706.0, 'mean_token_accuracy': 0.8235320448875427, 'epoch': 1.55}
[1A
[1A 78%|███████▊  | 194/250 [24:17<06:59,  7.49s/it]
[1A 78%|███████▊  | 195/250 [24:25<06:55,  7.56s/it]
[1A                                                 
{'loss': 0.2488, 'grad_norm': 0.29741552472114563, 'learning_rate': 2.2400000000000002e-05, 'num_tokens': 446179.0, 'mean_token_accuracy': 0.8367428295314312, 'epoch': 1.56}
[1A
[1A 78%|███████▊  | 195/250 [24:25<06:55,  7.56s/it]
[1A 78%|███████▊  | 196/250 [24:33<06:50,  7.61s/it]
[1A                                                 
{'loss': 0.2892, 'grad_norm': 0.30725550651550293, 'learning_rate': 2.2000000000000003e-05, 'num_tokens': 448619.0, 'mean_token_accuracy': 0.8153441157191992, 'epoch': 1.57}
[1A
[1A 78%|███████▊  | 196/250 [24:33<06:50,  7.61s/it]
[1A 79%|███████▉  | 197/250 [24:40<06:41,  7.57s/it]
[1A                                                 
{'loss': 0.2426, 'grad_norm': 0.25330114364624023, 'learning_rate': 2.16e-05, 'num_tokens': 451129.0, 'mean_token_accuracy': 0.8478961940854788, 'epoch': 1.58}
[1A
[1A 79%|███████▉  | 197/250 [24:40<06:41,  7.57s/it]
[1A 79%|███████▉  | 198/250 [24:48<06:36,  7.62s/it]                           
{'loss': 0.3373, 'grad_norm': 0.37368515133857727, 'learning_rate': 2.12e-05, 'num_tokens': 453436.0, 'mean_token_accuracy': 0.8003109954297543, 'epoch': 1.58}
[1A
[1A 79%|███████▉  | 198/250 [24:48<06:36,  7.62s/it]
[1A 80%|███████▉  | 199/250 [24:56<06:29,  7.64s/it]
[1A                                                 
{'loss': 0.2403, 'grad_norm': 0.27495262026786804, 'learning_rate': 2.08e-05, 'num_tokens': 455946.0, 'mean_token_accuracy': 0.8419117331504822, 'epoch': 1.59}
[1A
[1A 80%|███████▉  | 199/250 [24:56<06:29,  7.64s/it]
[1A 80%|████████  | 200/250 [25:03<06:18,  7.58s/it]
[1A                                                 
{'loss': 0.6392, 'grad_norm': 0.5610296726226807, 'learning_rate': 2.04e-05, 'num_tokens': 457907.0, 'mean_token_accuracy': 0.6976150143891573, 'epoch': 1.6}
[1A
[1A 80%|████████  | 200/250 [25:03<06:18,  7.58s/it]
[1A 80%|████████  | 201/250 [25:11<06:10,  7.56s/it]
[1A                                                 
{'loss': 0.1205, 'grad_norm': 0.18063020706176758, 'learning_rate': 2e-05, 'num_tokens': 460532.0, 'mean_token_accuracy': 0.9047326780855656, 'epoch': 1.61}
[1A
[1A 80%|████████  | 201/250 [25:11<06:10,  7.56s/it]
[1A 81%|████████  | 202/250 [25:18<06:04,  7.59s/it]
[1A                                                 
{'loss': 0.1476, 'grad_norm': 0.2123575210571289, 'learning_rate': 1.9600000000000002e-05, 'num_tokens': 463103.0, 'mean_token_accuracy': 0.9012151695787907, 'epoch': 1.62}
[1A
[1A 81%|████████  | 202/250 [25:18<06:04,  7.59s/it]
[1A 81%|████████  | 203/250 [25:26<05:52,  7.50s/it]
[1A                                                 
{'loss': 0.2132, 'grad_norm': 0.2751268744468689, 'learning_rate': 1.9200000000000003e-05, 'num_tokens': 465538.0, 'mean_token_accuracy': 0.8451174385845661, 'epoch': 1.62}
[1A
[1A 81%|████████  | 203/250 [25:26<05:52,  7.50s/it]
[1A 82%|████████▏ | 204/250 [25:33<05:45,  7.50s/it]
[1A                                                 
{'loss': 0.1945, 'grad_norm': 0.2638120949268341, 'learning_rate': 1.88e-05, 'num_tokens': 467982.0, 'mean_token_accuracy': 0.8478705752640963, 'epoch': 1.63}
[1A
[1A 82%|████████▏ | 204/250 [25:33<05:45,  7.50s/it]
[1A 82%|████████▏ | 205/250 [25:41<05:36,  7.47s/it]
[1A                                                 
{'loss': 0.1467, 'grad_norm': 0.20318838953971863, 'learning_rate': 1.84e-05, 'num_tokens': 470550.0, 'mean_token_accuracy': 0.8834545873105526, 'epoch': 1.64}
[1A
[1A 82%|████████▏ | 205/250 [25:41<05:36,  7.47s/it]
[1A 82%|████████▏ | 206/250 [25:48<05:28,  7.47s/it]                           
{'loss': 0.3645, 'grad_norm': 0.390994668006897, 'learning_rate': 1.8e-05, 'num_tokens': 472728.0, 'mean_token_accuracy': 0.7846489101648331, 'epoch': 1.65}
[1A

===== launch at 2026-06-11 17:53:57: uv run modal run cloud/modal_sft_s2.py --data-path ... =====
✓ Initialized. View run at 
https://modal.com/apps/reichers-shai-c9-dmitry/main/ap-picmFwjMSx9RjYUkj5ibIx
✓ Created objects.
├── 🔨 Created mount 
│   /Users/dmitrymanning-coe/Documents/Research/Simplex/error-correct-sprint/clo
│   ud/modal_sft_s2.py
├── 🔨 Created mount 
│   /Users/dmitrymanning-coe/Documents/Research/Simplex/error-correct-sprint/exp
│   eriments/data
└── 🔨 Created function train.
smoke=False | model=Qwen/Qwen2.5-7B-Instruct | 2000 examples | run_name=s2_dup33x30_r2

[1AMap:   0%|          | 0/2000 [00:00<?, ? examples/s]
[1AMap:  50%|█████     | 1001/2000 [00:00<00:00, 9932.55 examples/s]
[1AMap: 100%|██████████| 2000/2000 [00:00<00:00, 10471.90 examples/s]

[1ALoading checkpoint shards:   0%|          | 0/4 [00:00<?, ?it/s]
[1ALoading checkpoint shards:  25%|██▌       | 1/4 [00:03<00:09,  3.13s/it]
[1ALoading checkpoint shards:  50%|█████     | 2/4 [00:05<00:05,  2.53s/it]
[1ALoading checkpoint shards:  75%|███████▌  | 3/4 [00:07<00:02,  2.35s/it]
[1ALoading checkpoint shards: 100%|██████████| 4/4 [00:09<00:00,  2.15s/it]
[1ALoading checkpoint shards: 100%|██████████| 4/4 [00:09<00:00,  2.30s/it]
average_tokens_across_devices is set to True but it is invalid when world size is1. Turn it to False automatically.

[1AAdding EOS to train dataset:   0%|          | 0/2000 [00:00<?, ? examples/s]
[1AAdding EOS to train dataset: 100%|██████████| 2000/2000 [00:00<00:00, 42003.31 examples/s]

[1ATokenizing train dataset:   0%|          | 0/2000 [00:00<?, ? examples/s]
[1ATokenizing train dataset:  11%|█         | 216/2000 [00:00<00:00, 2139.87 examples/s]
[1ATokenizing train dataset:  22%|██▏       | 432/2000 [00:00<00:00, 2139.03 examples/s]
[1ATokenizing train dataset:  33%|███▎      | 653/2000 [00:00<00:00, 2166.81 examples/s]
[1ATokenizing train dataset:  49%|████▉     | 983/2000 [00:00<00:00, 2175.61 examples/s]
[1ATokenizing train dataset:  64%|██████▎   | 1270/2000 [00:00<00:00, 2063.17 examples/s]
[1ATokenizing train dataset:  75%|███████▍  | 1498/2000 [00:00<00:00, 2119.39 examples/s]
[1ATokenizing train dataset:  87%|████████▋ | 1732/2000 [00:00<00:00, 2177.93 examples/s]
[1ATokenizing train dataset:  98%|█████████▊| 1953/2000 [00:00<00:00, 2186.01 examples/s]
[1ATokenizing train dataset: 100%|██████████| 2000/2000 [00:00<00:00, 2084.50 examples/s]

[1ATruncating train dataset:   0%|          | 0/2000 [00:00<?, ? examples/s]
[1ATruncating train dataset: 100%|██████████| 2000/2000 [00:00<00:00, 428777.76 examples/s]
Detected kernel version 4.4.0, which is below the recommended minimum of 5.5.0; this can cause the process to hang. It is recommended to upgrade the kernel to the minimum version or higher.
No label_names provided for model class `PeftModelForCausalLM`. Since `PeftModel` hides base models input arguments, if label_names is not given, label_names can't be set automatically within `Trainer`. Note that empty label_names list will be used instead.

[1A  0%|          | 0/250 [00:00<?, ?it/s]
{'loss': 3.1446, 'grad_norm': 1.0788700580596924, 'learning_rate': 0.0001, 'num_tokens': 2158.0, 'mean_token_accuracy': 0.43080600537359715, 'epoch': 0.01}
[1A  0%|          | 1/250 [00:07<30:33,  7.36s/it]
[1A                                               
[1A
[1A  0%|          | 1/250 [00:07<30:33,  7.36s/it]
[1A  1%|          | 2/250 [00:13<27:52,  6.74s/it]
[1A                                               
{'loss': 3.2157, 'grad_norm': 1.2229344844818115, 'learning_rate': 9.960000000000001e-05, 'num_tokens': 4242.0, 'mean_token_accuracy': 0.43384853191673756, 'epoch': 0.02}
[1A
[1A  1%|          | 2/250 [00:13<27:52,  6.74s/it]
[1A  1%|          | 3/250 [00:20<27:01,  6.56s/it]
[1A                                               
{'loss': 2.92, 'grad_norm': 1.2338557243347168, 'learning_rate': 9.92e-05, 'num_tokens': 6662.0, 'mean_token_accuracy': 0.4739018492400646, 'epoch': 0.02}
[1A
[1A  1%|          | 3/250 [00:20<27:01,  6.56s/it]
[1A  2%|▏         | 4/250 [00:26<27:00,  6.59s/it]
[1A                                               
{'loss': 2.6262, 'grad_norm': 1.219750165939331, 'learning_rate': 9.88e-05, 'num_tokens': 9211.0, 'mean_token_accuracy': 0.4582222383469343, 'epoch': 0.03}
[1A
[1A  2%|▏         | 4/250 [00:26<27:00,  6.59s/it]
[1A  2%|▏         | 5/250 [00:32<26:29,  6.49s/it]
[1A                                               
{'loss': 2.452, 'grad_norm': 1.1958820819854736, 'learning_rate': 9.84e-05, 'num_tokens': 11571.0, 'mean_token_accuracy': 0.46812223829329014, 'epoch': 0.04}
[1A
[1A  2%|▏         | 5/250 [00:32<26:29,  6.49s/it]
[1A  2%|▏         | 6/250 [00:39<26:28,  6.51s/it]
[1A                                               
{'loss': 2.1592, 'grad_norm': 0.9010894298553467, 'learning_rate': 9.8e-05, 'num_tokens': 13904.0, 'mean_token_accuracy': 0.4810931868851185, 'epoch': 0.05}
[1A
[1A  2%|▏         | 6/250 [00:39<26:28,  6.51s/it]
[1A  3%|▎         | 7/250 [00:45<25:45,  6.36s/it]
[1A                                               
{'loss': 2.4711, 'grad_norm': 1.2029434442520142, 'learning_rate': 9.76e-05, 'num_tokens': 15704.0, 'mean_token_accuracy': 0.41847265139222145, 'epoch': 0.06}
[1A
[1A  3%|▎         | 7/250 [00:45<25:45,  6.36s/it]
[1A  3%|▎         | 8/250 [00:51<25:32,  6.33s/it]
[1A                                               
{'loss': 2.1198, 'grad_norm': 0.8156027793884277, 'learning_rate': 9.72e-05, 'num_tokens': 17990.0, 'mean_token_accuracy': 0.4638140369206667, 'epoch': 0.06}
[1A
[1A  3%|▎         | 8/250 [00:51<25:32,  6.33s/it]
[1A  4%|▎         | 9/250 [00:58<25:20,  6.31s/it]
[1A                                               
{'loss': 1.9721, 'grad_norm': 1.1692091226577759, 'learning_rate': 9.680000000000001e-05, 'num_tokens': 20206.0, 'mean_token_accuracy': 0.47405785880982876, 'epoch': 0.07}
[1A
[1A  4%|▎         | 9/250 [00:58<25:20,  6.31s/it]
[1A  4%|▍         | 10/250 [01:04<24:54,  6.23s/it]
[1A                                                
{'loss': 1.9847, 'grad_norm': 0.887510359287262, 'learning_rate': 9.64e-05, 'num_tokens': 22369.0, 'mean_token_accuracy': 0.49786214902997017, 'epoch': 0.08}
[1A
[1A  4%|▍         | 10/250 [01:04<24:54,  6.23s/it]
[1A  4%|▍         | 11/250 [01:10<24:59,  6.28s/it]                            
{'loss': 1.7474, 'grad_norm': 0.8467254638671875, 'learning_rate': 9.6e-05, 'num_tokens': 24659.0, 'mean_token_accuracy': 0.5237253401428461, 'epoch': 0.09}
[1A
[1A  4%|▍         | 11/250 [01:10<24:59,  6.28s/it]
[1A  5%|▍         | 12/250 [01:17<25:15,  6.37s/it]
[1A                                                
{'loss': 1.5132, 'grad_norm': 0.922235906124115, 'learning_rate': 9.56e-05, 'num_tokens': 27314.0, 'mean_token_accuracy': 0.594755670055747, 'epoch': 0.1}
[1A
[1A  5%|▍         | 12/250 [01:17<25:15,  6.37s/it]
[1A  5%|▌         | 13/250 [01:23<24:49,  6.29s/it]
[1A                                                
{'loss': 1.6964, 'grad_norm': 0.7801865935325623, 'learning_rate': 9.52e-05, 'num_tokens': 29520.0, 'mean_token_accuracy': 0.5145598296076059, 'epoch': 0.1}
[1A
[1A  5%|▌         | 13/250 [01:23<24:49,  6.29s/it]
[1A  6%|▌         | 14/250 [01:29<24:44,  6.29s/it]
[1A                                                
{'loss': 1.5735, 'grad_norm': 0.7007520198822021, 'learning_rate': 9.48e-05, 'num_tokens': 31641.0, 'mean_token_accuracy': 0.5391786508262157, 'epoch': 0.11}
[1A
[1A  6%|▌         | 14/250 [01:29<24:44,  6.29s/it]
[1A  6%|▌         | 15/250 [01:35<24:39,  6.30s/it]
[1A                                                
{'loss': 1.4014, 'grad_norm': 0.7463908791542053, 'learning_rate': 9.44e-05, 'num_tokens': 34149.0, 'mean_token_accuracy': 0.5699039231985807, 'epoch': 0.12}
[1A
[1A  6%|▌         | 15/250 [01:35<24:39,  6.30s/it]
[1A  6%|▋         | 16/250 [01:41<24:11,  6.20s/it]
[1A                                                
{'loss': 1.5343, 'grad_norm': 0.7156190872192383, 'learning_rate': 9.4e-05, 'num_tokens': 36154.0, 'mean_token_accuracy': 0.5563475806266069, 'epoch': 0.13}
[1A
[1A  6%|▋         | 16/250 [01:41<24:11,  6.20s/it]
[1A  7%|▋         | 17/250 [01:48<24:11,  6.23s/it]
[1A                                                
{'loss': 1.2521, 'grad_norm': 0.7512462735176086, 'learning_rate': 9.360000000000001e-05, 'num_tokens': 38562.0, 'mean_token_accuracy': 0.6293553728610277, 'epoch': 0.14}
[1A
[1A  7%|▋         | 17/250 [01:48<24:11,  6.23s/it]
{'loss': 1.3953, 'grad_norm': 0.7037593722343445, 'learning_rate': 9.320000000000002e-05, 'num_tokens': 40670.0, 'mean_token_accuracy': 0.5710782073438168, 'epoch': 0.14}
[1A  7%|▋         | 18/250 [01:54<24:11,  6.26s/it]
[1A                                                
[1A
[1A  7%|▋         | 18/250 [01:54<24:11,  6.26s/it]
[1A  8%|▊         | 19/250 [02:00<24:05,  6.26s/it]
[1A                                                
{'loss': 1.1836, 'grad_norm': 0.6007452011108398, 'learning_rate': 9.28e-05, 'num_tokens': 43061.0, 'mean_token_accuracy': 0.6340632010251284, 'epoch': 0.15}
[1A
[1A  8%|▊         | 19/250 [02:00<24:05,  6.26s/it]
[1A  8%|▊         | 20/250 [02:07<24:27,  6.38s/it]
[1A                                                
{'loss': 1.2669, 'grad_norm': 0.6374611258506775, 'learning_rate': 9.240000000000001e-05, 'num_tokens': 45414.0, 'mean_token_accuracy': 0.6035375315696001, 'epoch': 0.16}
[1A
[1A  8%|▊         | 20/250 [02:07<24:27,  6.38s/it]
[1A  8%|▊         | 21/250 [02:13<24:32,  6.43s/it]
[1A                                                
{'loss': 1.1685, 'grad_norm': 0.6036396622657776, 'learning_rate': 9.200000000000001e-05, 'num_tokens': 47726.0, 'mean_token_accuracy': 0.6379156056791544, 'epoch': 0.17}
[1A
[1A  8%|▊         | 21/250 [02:13<24:32,  6.43s/it]
[1A  9%|▉         | 22/250 [02:20<25:02,  6.59s/it]
[1A                                                
{'loss': 1.0489, 'grad_norm': 0.5283646583557129, 'learning_rate': 9.16e-05, 'num_tokens': 50176.0, 'mean_token_accuracy': 0.6491942070424557, 'epoch': 0.18}
[1A
[1A  9%|▉         | 22/250 [02:20<25:02,  6.59s/it]
[1A  9%|▉         | 23/250 [02:26<24:11,  6.39s/it]
[1A                                                
{'loss': 1.1469, 'grad_norm': 0.5553257465362549, 'learning_rate': 9.120000000000001e-05, 'num_tokens': 52331.0, 'mean_token_accuracy': 0.6168680936098099, 'epoch': 0.18}
[1A
[1A  9%|▉         | 23/250 [02:26<24:11,  6.39s/it]
[1A 10%|▉         | 24/250 [02:33<23:55,  6.35s/it]
[1A                                                
{'loss': 1.0475, 'grad_norm': 0.6285560131072998, 'learning_rate': 9.080000000000001e-05, 'num_tokens': 54535.0, 'mean_token_accuracy': 0.6263890322297812, 'epoch': 0.19}
[1A
[1A 10%|▉         | 24/250 [02:33<23:55,  6.35s/it]
[1A 10%|█         | 25/250 [02:39<23:41,  6.32s/it]
[1A                                                
{'loss': 1.0057, 'grad_norm': 0.5539395213127136, 'learning_rate': 9.04e-05, 'num_tokens': 57011.0, 'mean_token_accuracy': 0.6569450031965971, 'epoch': 0.2}
[1A
[1A 10%|█         | 25/250 [02:39<23:41,  6.32s/it]
[1A 10%|█         | 26/250 [02:45<23:25,  6.27s/it]
[1A                                                
{'loss': 1.1301, 'grad_norm': 0.6036266684532166, 'learning_rate': 9e-05, 'num_tokens': 59253.0, 'mean_token_accuracy': 0.6333507373929024, 'epoch': 0.21}
[1A
[1A 10%|█         | 26/250 [02:45<23:25,  6.27s/it]
[1A 11%|█         | 27/250 [02:51<23:25,  6.30s/it]
[1A                                                
{'loss': 0.9111, 'grad_norm': 0.5084542036056519, 'learning_rate': 8.960000000000001e-05, 'num_tokens': 61669.0, 'mean_token_accuracy': 0.6916347797960043, 'epoch': 0.22}
[1A
[1A 11%|█         | 27/250 [02:51<23:25,  6.30s/it]
[1A 11%|█         | 28/250 [02:58<23:24,  6.32s/it]
[1A                                                
{'loss': 0.998, 'grad_norm': 0.4725806415081024, 'learning_rate': 8.92e-05, 'num_tokens': 64093.0, 'mean_token_accuracy': 0.6720575504004955, 'epoch': 0.22}
[1A
[1A 11%|█         | 28/250 [02:58<23:24,  6.32s/it]
[1A 12%|█▏        | 29/250 [03:04<23:16,  6.32s/it]
[1A                                                
{'loss': 0.9404, 'grad_norm': 0.5130818486213684, 'learning_rate': 8.88e-05, 'num_tokens': 66516.0, 'mean_token_accuracy': 0.667160402983427, 'epoch': 0.23}
[1A
[1A 12%|█▏        | 29/250 [03:04<23:16,  6.32s/it]
[1A 12%|█▏        | 30/250 [03:10<23:12,  6.33s/it]
[1A                                                
{'loss': 0.9187, 'grad_norm': 0.539493978023529, 'learning_rate': 8.840000000000001e-05, 'num_tokens': 68963.0, 'mean_token_accuracy': 0.7002070248126984, 'epoch': 0.24}
[1A
[1A 12%|█▏        | 30/250 [03:10<23:12,  6.33s/it]
[1A 12%|█▏        | 31/250 [03:17<22:58,  6.29s/it]
[1A                                                
{'loss': 1.0223, 'grad_norm': 0.5624969005584717, 'learning_rate': 8.800000000000001e-05, 'num_tokens': 71057.0, 'mean_token_accuracy': 0.6467605698853731, 'epoch': 0.25}
[1A
[1A 12%|█▏        | 31/250 [03:17<22:58,  6.29s/it]
[1A 13%|█▎        | 32/250 [03:23<22:36,  6.22s/it]
[1A                                                
{'loss': 0.764, 'grad_norm': 0.4598483741283417, 'learning_rate': 8.76e-05, 'num_tokens': 73746.0, 'mean_token_accuracy': 0.7299141846597195, 'epoch': 0.26}
[1A
[1A 13%|█▎        | 32/250 [03:23<22:36,  6.22s/it]
[1A 13%|█▎        | 33/250 [03:29<22:32,  6.23s/it]
[1A                                                
{'loss': 0.9902, 'grad_norm': 0.578790009021759, 'learning_rate': 8.72e-05, 'num_tokens': 75802.0, 'mean_token_accuracy': 0.6562718078494072, 'epoch': 0.26}
[1A
[1A 13%|█▎        | 33/250 [03:29<22:32,  6.23s/it]
[1A 14%|█▎        | 34/250 [03:35<22:29,  6.25s/it]
[1A                                                
{'loss': 0.9497, 'grad_norm': 0.6413617730140686, 'learning_rate': 8.680000000000001e-05, 'num_tokens': 78101.0, 'mean_token_accuracy': 0.6424615569412708, 'epoch': 0.27}
[1A
[1A 14%|█▎        | 34/250 [03:35<22:29,  6.25s/it]
[1A 14%|█▍        | 35/250 [03:41<22:09,  6.18s/it]
[1A                                                
{'loss': 0.8022, 'grad_norm': 0.5311197638511658, 'learning_rate': 8.64e-05, 'num_tokens': 80440.0, 'mean_token_accuracy': 0.7093535494059324, 'epoch': 0.28}
[1A
[1A 14%|█▍        | 35/250 [03:41<22:09,  6.18s/it]
[1A 14%|█▍        | 36/250 [03:47<22:05,  6.19s/it]
[1A                                                
{'loss': 0.7841, 'grad_norm': 0.536736249923706, 'learning_rate': 8.6e-05, 'num_tokens': 82848.0, 'mean_token_accuracy': 0.7123328037559986, 'epoch': 0.29}
[1A
[1A 14%|█▍        | 36/250 [03:47<22:05,  6.19s/it]
[1A 15%|█▍        | 37/250 [03:54<22:04,  6.22s/it]
[1A                                                
{'loss': 0.983, 'grad_norm': 0.6451926231384277, 'learning_rate': 8.560000000000001e-05, 'num_tokens': 84966.0, 'mean_token_accuracy': 0.6505707837641239, 'epoch': 0.3}
[1A
[1A 15%|█▍        | 37/250 [03:54<22:04,  6.22s/it]
[1A 15%|█▌        | 38/250 [04:00<22:29,  6.36s/it]
[1A                                                
{'loss': 0.6736, 'grad_norm': 0.6040496230125427, 'learning_rate': 8.52e-05, 'num_tokens': 87821.0, 'mean_token_accuracy': 0.7774075083434582, 'epoch': 0.3}
[1A
[1A 15%|█▌        | 38/250 [04:00<22:29,  6.36s/it]
[1A 16%|█▌        | 39/250 [04:07<22:08,  6.30s/it]
[1A                                                
{'loss': 0.8005, 'grad_norm': 0.5327007174491882, 'learning_rate': 8.48e-05, 'num_tokens': 90158.0, 'mean_token_accuracy': 0.6880973689258099, 'epoch': 0.31}
[1A
[1A 16%|█▌        | 39/250 [04:07<22:08,  6.30s/it]
[1A 16%|█▌        | 40/250 [04:13<21:57,  6.27s/it]
[1A                                                
{'loss': 0.8616, 'grad_norm': 0.6171957850456238, 'learning_rate': 8.44e-05, 'num_tokens': 92336.0, 'mean_token_accuracy': 0.6781556159257889, 'epoch': 0.32}
[1A
[1A 16%|█▌        | 40/250 [04:13<21:57,  6.27s/it]
[1A 16%|█▋        | 41/250 [04:19<22:06,  6.35s/it]
[1A                                                
{'loss': 0.8602, 'grad_norm': 0.606558084487915, 'learning_rate': 8.4e-05, 'num_tokens': 94558.0, 'mean_token_accuracy': 0.6586755383759737, 'epoch': 0.33}
[1A
[1A 16%|█▋        | 41/250 [04:19<22:06,  6.35s/it]
[1A 17%|█▋        | 42/250 [04:26<21:58,  6.34s/it]
{'loss': 0.6292, 'grad_norm': 0.5581918954849243, 'learning_rate': 8.36e-05, 'num_tokens': 96973.0, 'mean_token_accuracy': 0.7408509254455566, 'epoch': 0.34}
[1A                                                
[1A
[1A 17%|█▋        | 42/250 [04:26<21:58,  6.34s/it]
[1A 17%|█▋        | 43/250 [04:32<21:49,  6.33s/it]
[1A                                                
{'loss': 0.7573, 'grad_norm': 0.5957769155502319, 'learning_rate': 8.32e-05, 'num_tokens': 99108.0, 'mean_token_accuracy': 0.7187262400984764, 'epoch': 0.34}
[1A
[1A 17%|█▋        | 43/250 [04:32<21:49,  6.33s/it]
[1A 18%|█▊        | 44/250 [04:38<21:21,  6.22s/it]
[1A                                                
{'loss': 0.9863, 'grad_norm': 0.74830561876297, 'learning_rate': 8.28e-05, 'num_tokens': 101238.0, 'mean_token_accuracy': 0.6596065610647202, 'epoch': 0.35}
[1A
[1A 18%|█▊        | 44/250 [04:38<21:21,  6.22s/it]
[1A 18%|█▊        | 45/250 [04:44<21:15,  6.22s/it]                            
{'loss': 0.4878, 'grad_norm': 0.4848690330982208, 'learning_rate': 8.24e-05, 'num_tokens': 104042.0, 'mean_token_accuracy': 0.8069321867078543, 'epoch': 0.36}
[1A
[1A 18%|█▊        | 45/250 [04:44<21:15,  6.22s/it]
[1A 18%|█▊        | 46/250 [04:50<21:08,  6.22s/it]
[1A                                                
{'loss': 0.5561, 'grad_norm': 0.5760652422904968, 'learning_rate': 8.2e-05, 'num_tokens': 106719.0, 'mean_token_accuracy': 0.7846430093050003, 'epoch': 0.37}
[1A
[1A 18%|█▊        | 46/250 [04:50<21:08,  6.22s/it]
[1A 19%|█▉        | 47/250 [04:56<20:44,  6.13s/it]
[1A                                                
{'loss': 0.6487, 'grad_norm': 0.7525858283042908, 'learning_rate': 8.16e-05, 'num_tokens': 108970.0, 'mean_token_accuracy': 0.7205851841717958, 'epoch': 0.38}
[1A
[1A 19%|█▉        | 47/250 [04:56<20:44,  6.13s/it]
[1A 19%|█▉        | 48/250 [05:02<20:42,  6.15s/it]
[1A                                                
{'loss': 0.7408, 'grad_norm': 0.7592640519142151, 'learning_rate': 8.120000000000001e-05, 'num_tokens': 111289.0, 'mean_token_accuracy': 0.71527692489326, 'epoch': 0.38}
[1A
[1A 19%|█▉        | 48/250 [05:02<20:42,  6.15s/it]
[1A 20%|█▉        | 49/250 [05:09<20:40,  6.17s/it]
[1A                                                
{'loss': 0.5358, 'grad_norm': 0.7464099526405334, 'learning_rate': 8.080000000000001e-05, 'num_tokens': 113921.0, 'mean_token_accuracy': 0.7907509468495846, 'epoch': 0.39}
[1A
[1A 20%|█▉        | 49/250 [05:09<20:40,  6.17s/it]
[1A 20%|██        | 50/250 [05:15<20:39,  6.20s/it]                            
{'loss': 0.6107, 'grad_norm': 0.7555269002914429, 'learning_rate': 8.04e-05, 'num_tokens': 116394.0, 'mean_token_accuracy': 0.7543410826474428, 'epoch': 0.4}
[1A
[1A 20%|██        | 50/250 [05:15<20:39,  6.20s/it]
[1A 20%|██        | 51/250 [05:21<20:56,  6.32s/it]
[1A                                                
{'loss': 0.558, 'grad_norm': 0.6896657347679138, 'learning_rate': 8e-05, 'num_tokens': 118918.0, 'mean_token_accuracy': 0.7699984945356846, 'epoch': 0.41}
[1A
[1A 20%|██        | 51/250 [05:21<20:56,  6.32s/it]
[1A 21%|██        | 52/250 [05:28<20:50,  6.32s/it]
[1A                                                
{'loss': 0.6218, 'grad_norm': 0.8077290058135986, 'learning_rate': 7.960000000000001e-05, 'num_tokens': 121174.0, 'mean_token_accuracy': 0.7318544685840607, 'epoch': 0.42}
[1A
[1A 21%|██        | 52/250 [05:28<20:50,  6.32s/it]
[1A 21%|██        | 53/250 [05:34<20:27,  6.23s/it]
[1A                                                
{'loss': 0.9893, 'grad_norm': 0.8802338242530823, 'learning_rate': 7.920000000000001e-05, 'num_tokens': 123094.0, 'mean_token_accuracy': 0.6393827851861715, 'epoch': 0.42}
[1A
[1A 21%|██        | 53/250 [05:34<20:27,  6.23s/it]
[1A 22%|██▏       | 54/250 [05:40<20:20,  6.23s/it]
[1A                                                
{'loss': 1.054, 'grad_norm': 0.8624002933502197, 'learning_rate': 7.88e-05, 'num_tokens': 124893.0, 'mean_token_accuracy': 0.6243665292859077, 'epoch': 0.43}
[1A
[1A 22%|██▏       | 54/250 [05:40<20:20,  6.23s/it]
[1A 22%|██▏       | 55/250 [05:47<20:32,  6.32s/it]
[1A                                                
{'loss': 0.7229, 'grad_norm': 0.6441896557807922, 'learning_rate': 7.840000000000001e-05, 'num_tokens': 126958.0, 'mean_token_accuracy': 0.705902349203825, 'epoch': 0.44}
[1A
[1A 22%|██▏       | 55/250 [05:47<20:32,  6.32s/it]
[1A 22%|██▏       | 56/250 [05:53<20:20,  6.29s/it]
[1A                                                
{'loss': 0.7966, 'grad_norm': 0.6566407084465027, 'learning_rate': 7.800000000000001e-05, 'num_tokens': 128924.0, 'mean_token_accuracy': 0.6886195559054613, 'epoch': 0.45}
[1A
[1A 22%|██▏       | 56/250 [05:53<20:20,  6.29s/it]
[1A 23%|██▎       | 57/250 [05:59<20:00,  6.22s/it]
[1A                                                
{'loss': 0.4539, 'grad_norm': 0.874433696269989, 'learning_rate': 7.76e-05, 'num_tokens': 131380.0, 'mean_token_accuracy': 0.7935693543404341, 'epoch': 0.46}
[1A
[1A 23%|██▎       | 57/250 [05:59<20:00,  6.22s/it]
[1A 23%|██▎       | 58/250 [06:05<19:58,  6.24s/it]
[1A                                                
{'loss': 0.3525, 'grad_norm': 0.6327758431434631, 'learning_rate': 7.72e-05, 'num_tokens': 134180.0, 'mean_token_accuracy': 0.8597152940928936, 'epoch': 0.46}
[1A
[1A 23%|██▎       | 58/250 [06:05<19:58,  6.24s/it]
[1A 24%|██▎       | 59/250 [06:11<19:54,  6.26s/it]
[1A                                                
{'loss': 0.7694, 'grad_norm': 0.6664237976074219, 'learning_rate': 7.680000000000001e-05, 'num_tokens': 136121.0, 'mean_token_accuracy': 0.69045190513134, 'epoch': 0.47}
[1A
[1A 24%|██▎       | 59/250 [06:11<19:54,  6.26s/it]
[1A 24%|██▍       | 60/250 [06:18<19:41,  6.22s/it]
[1A                                                
{'loss': 0.4419, 'grad_norm': 0.7069206237792969, 'learning_rate': 7.64e-05, 'num_tokens': 138686.0, 'mean_token_accuracy': 0.8166995085775852, 'epoch': 0.48}
[1A
[1A 24%|██▍       | 60/250 [06:18<19:41,  6.22s/it]
[1A 24%|██▍       | 61/250 [06:24<19:59,  6.35s/it]
[1A                                                
{'loss': 0.753, 'grad_norm': 0.9529303312301636, 'learning_rate': 7.6e-05, 'num_tokens': 140822.0, 'mean_token_accuracy': 0.6913508120924234, 'epoch': 0.49}
[1A
[1A 24%|██▍       | 61/250 [06:24<19:59,  6.35s/it]
[1A 25%|██▍       | 62/250 [06:31<20:20,  6.49s/it]
[1A                                                
{'loss': 0.4518, 'grad_norm': 0.6183214783668518, 'learning_rate': 7.560000000000001e-05, 'num_tokens': 143096.0, 'mean_token_accuracy': 0.7679521534591913, 'epoch': 0.5}
[1A
[1A 25%|██▍       | 62/250 [06:31<20:20,  6.49s/it]
[1A 25%|██▌       | 63/250 [06:37<19:50,  6.37s/it]
[1A                                                
{'loss': 0.5285, 'grad_norm': 0.6907228827476501, 'learning_rate': 7.52e-05, 'num_tokens': 145409.0, 'mean_token_accuracy': 0.7506419960409403, 'epoch': 0.5}
[1A
[1A 25%|██▌       | 63/250 [06:37<19:50,  6.37s/it]
[1A 26%|██▌       | 64/250 [06:43<19:33,  6.31s/it]
[1A                                                
{'loss': 0.8571, 'grad_norm': 0.6536842584609985, 'learning_rate': 7.48e-05, 'num_tokens': 147308.0, 'mean_token_accuracy': 0.6597051955759525, 'epoch': 0.51}
[1A
[1A 26%|██▌       | 64/250 [06:43<19:33,  6.31s/it]
[1A 26%|██▌       | 65/250 [06:50<19:23,  6.29s/it]
[1A                                                
{'loss': 0.67, 'grad_norm': 0.6168769598007202, 'learning_rate': 7.44e-05, 'num_tokens': 149408.0, 'mean_token_accuracy': 0.7156975623220205, 'epoch': 0.52}
[1A
[1A 26%|██▌       | 65/250 [06:50<19:23,  6.29s/it]
[1A 26%|██▋       | 66/250 [06:56<19:32,  6.37s/it]
[1A                                                
{'loss': 0.4378, 'grad_norm': 0.6499351859092712, 'learning_rate': 7.4e-05, 'num_tokens': 151832.0, 'mean_token_accuracy': 0.8101952373981476, 'epoch': 0.53}
[1A
[1A 26%|██▋       | 66/250 [06:56<19:32,  6.37s/it]
[1A 27%|██▋       | 67/250 [07:02<19:24,  6.36s/it]
[1A                                                
{'loss': 0.3667, 'grad_norm': 0.6341524124145508, 'learning_rate': 7.36e-05, 'num_tokens': 154298.0, 'mean_token_accuracy': 0.8125113490968943, 'epoch': 0.54}
[1A
[1A 27%|██▋       | 67/250 [07:02<19:24,  6.36s/it]
[1A 27%|██▋       | 68/250 [07:09<19:14,  6.34s/it]
[1A                                                
{'loss': 0.5964, 'grad_norm': 0.7023761868476868, 'learning_rate': 7.32e-05, 'num_tokens': 156426.0, 'mean_token_accuracy': 0.7462721690535545, 'epoch': 0.54}
[1A
[1A 27%|██▋       | 68/250 [07:09<19:14,  6.34s/it]
[1A 28%|██▊       | 69/250 [07:15<19:04,  6.32s/it]
[1A                                                
{'loss': 0.4253, 'grad_norm': 0.6186469793319702, 'learning_rate': 7.280000000000001e-05, 'num_tokens': 158733.0, 'mean_token_accuracy': 0.7887153849005699, 'epoch': 0.55}
[1A
[1A 28%|██▊       | 69/250 [07:15<19:04,  6.32s/it]
[1A 28%|██▊       | 70/250 [07:22<19:11,  6.40s/it]
[1A                                                
{'loss': 0.5195, 'grad_norm': 0.6651036143302917, 'learning_rate': 7.24e-05, 'num_tokens': 160960.0, 'mean_token_accuracy': 0.745046928524971, 'epoch': 0.56}
[1A
[1A 28%|██▊       | 70/250 [07:22<19:11,  6.40s/it]
[1A 28%|██▊       | 71/250 [07:28<18:54,  6.34s/it]
[1A                                                
{'loss': 0.3773, 'grad_norm': 0.6188429594039917, 'learning_rate': 7.2e-05, 'num_tokens': 163412.0, 'mean_token_accuracy': 0.8077082522213459, 'epoch': 0.57}
[1A
[1A 28%|██▊       | 71/250 [07:28<18:54,  6.34s/it]
[1A 29%|██▉       | 72/250 [07:34<18:29,  6.23s/it]
[1A                                                
{'loss': 0.6464, 'grad_norm': 0.7801995873451233, 'learning_rate': 7.16e-05, 'num_tokens': 165495.0, 'mean_token_accuracy': 0.7352109644562006, 'epoch': 0.58}
[1A
[1A 29%|██▉       | 72/250 [07:34<18:29,  6.23s/it]
[1A 29%|██▉       | 73/250 [07:40<18:28,  6.27s/it]
[1A                                                
{'loss': 0.2391, 'grad_norm': 0.4760355055332184, 'learning_rate': 7.12e-05, 'num_tokens': 168041.0, 'mean_token_accuracy': 0.847153352573514, 'epoch': 0.58}
[1A
[1A 29%|██▉       | 73/250 [07:40<18:28,  6.27s/it]
[1A 30%|██▉       | 74/250 [07:47<18:31,  6.32s/it]
[1A                                                
{'loss': 0.3621, 'grad_norm': 0.7144728899002075, 'learning_rate': 7.08e-05, 'num_tokens': 170442.0, 'mean_token_accuracy': 0.8110355287790298, 'epoch': 0.59}
[1A
[1A 30%|██▉       | 74/250 [07:47<18:31,  6.32s/it]
[1A 30%|███       | 75/250 [07:53<18:15,  6.26s/it]                            
{'loss': 0.6901, 'grad_norm': 0.5941047072410583, 'learning_rate': 7.04e-05, 'num_tokens': 172477.0, 'mean_token_accuracy': 0.6996052637696266, 'epoch': 0.6}
[1A
[1A 30%|███       | 75/250 [07:53<18:15,  6.26s/it]
[1A 30%|███       | 76/250 [07:59<18:08,  6.26s/it]
[1A                                                
{'loss': 0.583, 'grad_norm': 0.6401792168617249, 'learning_rate': 7e-05, 'num_tokens': 174627.0, 'mean_token_accuracy': 0.7422415874898434, 'epoch': 0.61}
[1A
[1A 30%|███       | 76/250 [07:59<18:08,  6.26s/it]
[1A 31%|███       | 77/250 [08:05<18:07,  6.28s/it]
[1A                                                
{'loss': 0.7887, 'grad_norm': 0.751808762550354, 'learning_rate': 6.96e-05, 'num_tokens': 176649.0, 'mean_token_accuracy': 0.6922546587884426, 'epoch': 0.62}
[1A
[1A 31%|███       | 77/250 [08:05<18:07,  6.28s/it]
[1A 31%|███       | 78/250 [08:12<18:02,  6.29s/it]
[1A                                                
{'loss': 0.3801, 'grad_norm': 0.5170497894287109, 'learning_rate': 6.92e-05, 'num_tokens': 179033.0, 'mean_token_accuracy': 0.8043434135615826, 'epoch': 0.62}
[1A
[1A 31%|███       | 78/250 [08:12<18:02,  6.29s/it]
[1A 32%|███▏      | 79/250 [08:18<17:40,  6.20s/it]
[1A                                                
{'loss': 0.4803, 'grad_norm': 0.7097445726394653, 'learning_rate': 6.879999999999999e-05, 'num_tokens': 181338.0, 'mean_token_accuracy': 0.7633236292749643, 'epoch': 0.63}
[1A
[1A 32%|███▏      | 79/250 [08:18<17:40,  6.20s/it]
[1A 32%|███▏      | 80/250 [08:24<17:39,  6.23s/it]
[1A                                                
{'loss': 0.3874, 'grad_norm': 0.7513773441314697, 'learning_rate': 6.840000000000001e-05, 'num_tokens': 183816.0, 'mean_token_accuracy': 0.8148973062634468, 'epoch': 0.64}
[1A
[1A 32%|███▏      | 80/250 [08:24<17:39,  6.23s/it]
[1A 32%|███▏      | 81/250 [08:30<17:24,  6.18s/it]
[1A                                                
{'loss': 0.613, 'grad_norm': 0.6881690621376038, 'learning_rate': 6.800000000000001e-05, 'num_tokens': 185894.0, 'mean_token_accuracy': 0.7077161613851786, 'epoch': 0.65}
[1A
[1A 32%|███▏      | 81/250 [08:30<17:24,  6.18s/it]
[1A 33%|███▎      | 82/250 [08:37<17:39,  6.31s/it]
[1A                                                
{'loss': 0.9589, 'grad_norm': 0.6559860110282898, 'learning_rate': 6.76e-05, 'num_tokens': 187689.0, 'mean_token_accuracy': 0.6583834681659937, 'epoch': 0.66}
[1A
[1A 33%|███▎      | 82/250 [08:37<17:39,  6.31s/it]
[1A 33%|███▎      | 83/250 [08:43<17:38,  6.34s/it]
[1A                                                
{'loss': 0.2637, 'grad_norm': 0.8025210499763489, 'learning_rate': 6.720000000000001e-05, 'num_tokens': 190267.0, 'mean_token_accuracy': 0.8485097959637642, 'epoch': 0.66}
[1A
[1A 33%|███▎      | 83/250 [08:43<17:38,  6.34s/it]
[1A 34%|███▎      | 84/250 [08:50<17:45,  6.42s/it]                            
{'loss': 0.231, 'grad_norm': 0.5654679536819458, 'learning_rate': 6.680000000000001e-05, 'num_tokens': 192799.0, 'mean_token_accuracy': 0.866174440830946, 'epoch': 0.67}
[1A
[1A 34%|███▎      | 84/250 [08:50<17:45,  6.42s/it]
[1A 34%|███▍      | 85/250 [08:56<17:21,  6.31s/it]
[1A                                                
{'loss': 0.395, 'grad_norm': 0.3812495768070221, 'learning_rate': 6.64e-05, 'num_tokens': 195084.0, 'mean_token_accuracy': 0.7951870821416378, 'epoch': 0.68}
[1A
[1A 34%|███▍      | 85/250 [08:56<17:21,  6.31s/it]
[1A 34%|███▍      | 86/250 [09:02<17:09,  6.28s/it]
[1A                                                
{'loss': 0.2712, 'grad_norm': 0.3356635570526123, 'learning_rate': 6.6e-05, 'num_tokens': 197602.0, 'mean_token_accuracy': 0.8402884136885405, 'epoch': 0.69}
[1A
[1A 34%|███▍      | 86/250 [09:02<17:09,  6.28s/it]
[1A 35%|███▍      | 87/250 [09:08<16:57,  6.24s/it]
[1A                                                
{'loss': 0.518, 'grad_norm': 0.5858726501464844, 'learning_rate': 6.560000000000001e-05, 'num_tokens': 199770.0, 'mean_token_accuracy': 0.7501019779592752, 'epoch': 0.7}
[1A
[1A 35%|███▍      | 87/250 [09:08<16:57,  6.24s/it]
[1A 35%|███▌      | 88/250 [09:14<16:37,  6.15s/it]
[1A                                                
{'loss': 0.43, 'grad_norm': 0.48808878660202026, 'learning_rate': 6.52e-05, 'num_tokens': 202050.0, 'mean_token_accuracy': 0.7794421594589949, 'epoch': 0.7}
[1A
[1A 35%|███▌      | 88/250 [09:14<16:37,  6.15s/it]
[1A 36%|███▌      | 89/250 [09:20<16:33,  6.17s/it]                            
{'loss': 0.6003, 'grad_norm': 0.565788745880127, 'learning_rate': 6.48e-05, 'num_tokens': 204013.0, 'mean_token_accuracy': 0.7259740773588419, 'epoch': 0.71}
[1A
[1A 36%|███▌      | 89/250 [09:20<16:33,  6.17s/it]
[1A 36%|███▌      | 90/250 [09:26<16:32,  6.20s/it]
[1A                                                
{'loss': 0.2852, 'grad_norm': 0.4642738997936249, 'learning_rate': 6.440000000000001e-05, 'num_tokens': 206595.0, 'mean_token_accuracy': 0.8274024855345488, 'epoch': 0.72}
[1A
[1A 36%|███▌      | 90/250 [09:26<16:32,  6.20s/it]
[1A 36%|███▋      | 91/250 [09:32<16:19,  6.16s/it]
[1A                                                
{'loss': 0.3203, 'grad_norm': 0.41835346817970276, 'learning_rate': 6.400000000000001e-05, 'num_tokens': 208974.0, 'mean_token_accuracy': 0.8176214601844549, 'epoch': 0.73}
[1A
[1A 36%|███▋      | 91/250 [09:32<16:19,  6.16s/it]
[1A 37%|███▋      | 92/250 [09:39<16:22,  6.22s/it]
[1A                                                
{'loss': 0.6814, 'grad_norm': 0.6259765625, 'learning_rate': 6.36e-05, 'num_tokens': 210940.0, 'mean_token_accuracy': 0.7275001034140587, 'epoch': 0.74}
[1A
[1A 37%|███▋      | 92/250 [09:39<16:22,  6.22s/it]
[1A 37%|███▋      | 93/250 [09:45<16:13,  6.20s/it]
[1A                                                
{'loss': 0.5194, 'grad_norm': 0.5914026498794556, 'learning_rate': 6.32e-05, 'num_tokens': 213153.0, 'mean_token_accuracy': 0.7510827537626028, 'epoch': 0.74}
[1A
[1A 37%|███▋      | 93/250 [09:45<16:13,  6.20s/it]
[1A 38%|███▊      | 94/250 [09:51<15:56,  6.13s/it]
[1A                                                
{'loss': 0.6627, 'grad_norm': 1.0917109251022339, 'learning_rate': 6.280000000000001e-05, 'num_tokens': 215155.0, 'mean_token_accuracy': 0.6975116264075041, 'epoch': 0.75}
[1A
[1A 38%|███▊      | 94/250 [09:51<15:56,  6.13s/it]
[1A 38%|███▊      | 95/250 [09:57<15:52,  6.14s/it]
[1A                                                
{'loss': 0.3079, 'grad_norm': 0.8835278153419495, 'learning_rate': 6.24e-05, 'num_tokens': 217501.0, 'mean_token_accuracy': 0.8126535415649414, 'epoch': 0.76}
[1A
[1A 38%|███▊      | 95/250 [09:57<15:52,  6.14s/it]
[1A 38%|███▊      | 96/250 [10:03<15:45,  6.14s/it]
[1A                                                
{'loss': 0.3994, 'grad_norm': 0.460077166557312, 'learning_rate': 6.2e-05, 'num_tokens': 219733.0, 'mean_token_accuracy': 0.770927032455802, 'epoch': 0.77}
[1A
[1A 38%|███▊      | 96/250 [10:03<15:45,  6.14s/it]
[1A 39%|███▉      | 97/250 [10:09<15:35,  6.11s/it]
[1A                                                
{'loss': 0.9288, 'grad_norm': 0.7832852602005005, 'learning_rate': 6.16e-05, 'num_tokens': 221545.0, 'mean_token_accuracy': 0.6535318307578564, 'epoch': 0.78}
[1A
[1A 39%|███▉      | 97/250 [10:09<15:35,  6.11s/it]
[1A 39%|███▉      | 98/250 [10:16<15:36,  6.16s/it]
[1A                                                
{'loss': 0.3751, 'grad_norm': 0.5936547517776489, 'learning_rate': 6.12e-05, 'num_tokens': 223868.0, 'mean_token_accuracy': 0.7889904864132404, 'epoch': 0.78}
[1A
[1A 39%|███▉      | 98/250 [10:16<15:36,  6.16s/it]
[1A 40%|███▉      | 99/250 [10:22<15:40,  6.23s/it]
[1A                                                
{'loss': 0.2298, 'grad_norm': 0.4073982238769531, 'learning_rate': 6.08e-05, 'num_tokens': 226459.0, 'mean_token_accuracy': 0.8635611161589622, 'epoch': 0.79}
[1A
[1A 40%|███▉      | 99/250 [10:22<15:40,  6.23s/it]
[1A 40%|████      | 100/250 [10:29<15:56,  6.38s/it]
[1A                                                 
{'loss': 0.4376, 'grad_norm': 0.4325975179672241, 'learning_rate': 6.04e-05, 'num_tokens': 228649.0, 'mean_token_accuracy': 0.7615856248885393, 'epoch': 0.8}
[1A
[1A 40%|████      | 100/250 [10:29<15:56,  6.38s/it]
[1A 40%|████      | 101/250 [10:35<15:48,  6.36s/it]
[1A                                                 
{'loss': 0.5896, 'grad_norm': 0.5051073431968689, 'learning_rate': 6e-05, 'num_tokens': 230742.0, 'mean_token_accuracy': 0.7363326940685511, 'epoch': 0.81}
[1A
[1A 40%|████      | 101/250 [10:35<15:48,  6.36s/it]
[1A 41%|████      | 102/250 [10:41<15:45,  6.39s/it]
[1A                                                 
{'loss': 0.2127, 'grad_norm': 0.4406779408454895, 'learning_rate': 5.96e-05, 'num_tokens': 233332.0, 'mean_token_accuracy': 0.8536548055708408, 'epoch': 0.82}
[1A
[1A 41%|████      | 102/250 [10:41<15:45,  6.39s/it]
[1A 41%|████      | 103/250 [10:48<15:36,  6.37s/it]
[1A                                                 
{'loss': 0.4822, 'grad_norm': 0.5316087603569031, 'learning_rate': 5.92e-05, 'num_tokens': 235504.0, 'mean_token_accuracy': 0.7477396670728922, 'epoch': 0.82}
[1A
[1A 41%|████      | 103/250 [10:48<15:36,  6.37s/it]
[1A 42%|████▏     | 104/250 [10:54<15:38,  6.43s/it]
[1A                                                 
{'loss': 0.4733, 'grad_norm': 0.4261997938156128, 'learning_rate': 5.88e-05, 'num_tokens': 237628.0, 'mean_token_accuracy': 0.7513039689511061, 'epoch': 0.83}
[1A
[1A 42%|████▏     | 104/250 [10:54<15:38,  6.43s/it]
[1A 42%|████▏     | 105/250 [11:01<15:36,  6.46s/it]
[1A                                                 
{'loss': 0.3076, 'grad_norm': 0.7645496129989624, 'learning_rate': 5.8399999999999997e-05, 'num_tokens': 240110.0, 'mean_token_accuracy': 0.8204453717917204, 'epoch': 0.84}
[1A
[1A 42%|████▏     | 105/250 [11:01<15:36,  6.46s/it]
[1A 42%|████▏     | 106/250 [11:07<15:20,  6.39s/it]
[1A                                                 
{'loss': 0.3095, 'grad_norm': 0.4442473351955414, 'learning_rate': 5.8e-05, 'num_tokens': 242489.0, 'mean_token_accuracy': 0.8143569827079773, 'epoch': 0.85}
[1A
[1A 42%|████▏     | 106/250 [11:07<15:20,  6.39s/it]
[1A 43%|████▎     | 107/250 [11:13<15:01,  6.30s/it]
[1A                                                 
{'loss': 0.2163, 'grad_norm': 0.5084609389305115, 'learning_rate': 5.76e-05, 'num_tokens': 245073.0, 'mean_token_accuracy': 0.8675042726099491, 'epoch': 0.86}
[1A
{'loss': 0.4215, 'grad_norm': 0.5181196928024292, 'learning_rate': 5.72e-05, 'num_tokens': 247250.0, 'mean_token_accuracy': 0.7777387015521526, 'epoch': 0.86}
[1A 43%|████▎     | 107/250 [11:13<15:01,  6.30s/it] 43%|████▎     | 108/250 [11:20<15:00,  6.34s/it]
[1A 43%|████▎     | 108/250 [11:20<15:00,  6.34s/it]
[1A 44%|████▎     | 109/250 [11:26<14:58,  6.37s/it]
[1A                                                 
{'loss': 0.4899, 'grad_norm': 0.5156558752059937, 'learning_rate': 5.68e-05, 'num_tokens': 249412.0, 'mean_token_accuracy': 0.7419145703315735, 'epoch': 0.87}
[1A
[1A 44%|████▎     | 109/250 [11:26<14:58,  6.37s/it]
[1A 44%|████▍     | 110/250 [11:32<14:39,  6.28s/it]
[1A                                                 
{'loss': 0.4277, 'grad_norm': 0.5701848864555359, 'learning_rate': 5.6399999999999995e-05, 'num_tokens': 251597.0, 'mean_token_accuracy': 0.7541541717946529, 'epoch': 0.88}
[1A
[1A 44%|████▍     | 110/250 [11:32<14:39,  6.28s/it]
[1A 44%|████▍     | 111/250 [11:38<14:31,  6.27s/it]
[1A                                                 
{'loss': 0.2732, 'grad_norm': 0.40638864040374756, 'learning_rate': 5.6000000000000006e-05, 'num_tokens': 254014.0, 'mean_token_accuracy': 0.8494695834815502, 'epoch': 0.89}
[1A
[1A 44%|████▍     | 111/250 [11:38<14:31,  6.27s/it]
[1A 45%|████▍     | 112/250 [11:45<14:42,  6.39s/it]
[1A                                                 
{'loss': 0.3494, 'grad_norm': 0.39074599742889404, 'learning_rate': 5.560000000000001e-05, 'num_tokens': 256342.0, 'mean_token_accuracy': 0.7843490708619356, 'epoch': 0.9}
[1A
[1A 45%|████▍     | 112/250 [11:45<14:42,  6.39s/it]
[1A 45%|████▌     | 113/250 [11:51<14:19,  6.28s/it]
[1A                                                 
{'loss': 0.106, 'grad_norm': 0.23140843212604523, 'learning_rate': 5.520000000000001e-05, 'num_tokens': 259039.0, 'mean_token_accuracy': 0.9215854573994875, 'epoch': 0.9}
[1A
[1A 45%|████▌     | 113/250 [11:51<14:19,  6.28s/it]
[1A 46%|████▌     | 114/250 [11:57<14:13,  6.27s/it]
[1A                                                 
{'loss': 0.2612, 'grad_norm': 0.2792069613933563, 'learning_rate': 5.4800000000000004e-05, 'num_tokens': 261433.0, 'mean_token_accuracy': 0.8286677971482277, 'epoch': 0.91}
[1A
[1A 46%|████▌     | 114/250 [11:57<14:13,  6.27s/it]
[1A 46%|████▌     | 115/250 [12:04<14:15,  6.34s/it]
[1A                                                 
{'loss': 0.3226, 'grad_norm': 0.34396132826805115, 'learning_rate': 5.440000000000001e-05, 'num_tokens': 263767.0, 'mean_token_accuracy': 0.8163670897483826, 'epoch': 0.92}
[1A
[1A 46%|████▌     | 115/250 [12:04<14:15,  6.34s/it]
[1A 46%|████▋     | 116/250 [12:10<14:01,  6.28s/it]
[1A                                                 
{'loss': 0.2686, 'grad_norm': 0.26217591762542725, 'learning_rate': 5.4000000000000005e-05, 'num_tokens': 266250.0, 'mean_token_accuracy': 0.8370118625462055, 'epoch': 0.93}
[1A
[1A 46%|████▋     | 116/250 [12:10<14:01,  6.28s/it]
[1A 47%|████▋     | 117/250 [12:16<14:03,  6.34s/it]
[1A                                                 
{'loss': 0.1217, 'grad_norm': 0.1901404857635498, 'learning_rate': 5.360000000000001e-05, 'num_tokens': 268924.0, 'mean_token_accuracy': 0.8945065066218376, 'epoch': 0.94}
[1A
[1A 47%|████▋     | 117/250 [12:16<14:03,  6.34s/it]
[1A 47%|████▋     | 118/250 [12:23<13:55,  6.33s/it]
[1A                                                 
{'loss': 0.3578, 'grad_norm': 0.3360983729362488, 'learning_rate': 5.3200000000000006e-05, 'num_tokens': 271203.0, 'mean_token_accuracy': 0.8055083900690079, 'epoch': 0.94}
[1A
[1A 47%|████▋     | 118/250 [12:23<13:55,  6.33s/it]
[1A 48%|████▊     | 119/250 [12:29<13:37,  6.24s/it]
[1A                                                 
{'loss': 0.2883, 'grad_norm': 0.3093680441379547, 'learning_rate': 5.28e-05, 'num_tokens': 273631.0, 'mean_token_accuracy': 0.8085656743496656, 'epoch': 0.95}
[1A
[1A 48%|████▊     | 119/250 [12:29<13:37,  6.24s/it]
[1A 48%|████▊     | 120/250 [12:35<13:35,  6.27s/it]
[1A                                                 
{'loss': 0.2407, 'grad_norm': 0.27409642934799194, 'learning_rate': 5.2400000000000007e-05, 'num_tokens': 276104.0, 'mean_token_accuracy': 0.8449246305972338, 'epoch': 0.96}
[1A
[1A 48%|████▊     | 120/250 [12:35<13:35,  6.27s/it]
[1A 48%|████▊     | 121/250 [12:41<13:29,  6.28s/it]
[1A                                                 
{'loss': 0.5603, 'grad_norm': 0.4792264699935913, 'learning_rate': 5.2000000000000004e-05, 'num_tokens': 278127.0, 'mean_token_accuracy': 0.7251279912889004, 'epoch': 0.97}
[1A
[1A 48%|████▊     | 121/250 [12:41<13:29,  6.28s/it]
[1A 49%|████▉     | 122/250 [12:48<13:16,  6.22s/it]
[1A                                                 
{'loss': 0.3667, 'grad_norm': 0.6292561888694763, 'learning_rate': 5.16e-05, 'num_tokens': 280414.0, 'mean_token_accuracy': 0.781574547290802, 'epoch': 0.98}
[1A
[1A 49%|████▉     | 122/250 [12:48<13:16,  6.22s/it]
[1A 49%|████▉     | 123/250 [12:54<13:15,  6.26s/it]
[1A                                                 
{'loss': 0.3736, 'grad_norm': 0.3600984513759613, 'learning_rate': 5.1200000000000004e-05, 'num_tokens': 282764.0, 'mean_token_accuracy': 0.7873789332807064, 'epoch': 0.98}
[1A
[1A 49%|████▉     | 123/250 [12:54<13:15,  6.26s/it]
[1A 50%|████▉     | 124/250 [13:00<13:13,  6.30s/it]
[1A                                                 
{'loss': 0.6224, 'grad_norm': 1.1536476612091064, 'learning_rate': 5.08e-05, 'num_tokens': 284731.0, 'mean_token_accuracy': 0.7212907634675503, 'epoch': 0.99}
[1A
[1A 50%|████▉     | 124/250 [13:00<13:13,  6.30s/it]
[1A 50%|█████     | 125/250 [13:06<13:02,  6.26s/it]
[1A                                                 
{'loss': 0.2641, 'grad_norm': 0.3639219105243683, 'learning_rate': 5.0400000000000005e-05, 'num_tokens': 287201.0, 'mean_token_accuracy': 0.8285177256911993, 'epoch': 1.0}
[1A
[1A 50%|█████     | 125/250 [13:06<13:02,  6.26s/it]
[1A 50%|█████     | 126/250 [13:13<13:01,  6.30s/it]
[1A                                                 
{'loss': 0.1956, 'grad_norm': 0.22327011823654175, 'learning_rate': 5e-05, 'num_tokens': 289825.0, 'mean_token_accuracy': 0.8719851225614548, 'epoch': 1.01}
[1A
[1A 50%|█████     | 126/250 [13:13<13:01,  6.30s/it]
[1A 51%|█████     | 127/250 [13:19<12:56,  6.31s/it]
[1A                                                 
{'loss': 0.5756, 'grad_norm': 0.4304043650627136, 'learning_rate': 4.96e-05, 'num_tokens': 291911.0, 'mean_token_accuracy': 0.7412502579391003, 'epoch': 1.02}
[1A
[1A 51%|█████     | 127/250 [13:19<12:56,  6.31s/it]
[1A 51%|█████     | 128/250 [13:25<12:42,  6.25s/it]
[1A                                                 
{'loss': 0.4405, 'grad_norm': 0.3327474594116211, 'learning_rate': 4.92e-05, 'num_tokens': 294066.0, 'mean_token_accuracy': 0.780442351475358, 'epoch': 1.02}
[1A
[1A 51%|█████     | 128/250 [13:25<12:42,  6.25s/it]
[1A 52%|█████▏    | 129/250 [13:32<12:35,  6.25s/it]
[1A                                                 
{'loss': 0.428, 'grad_norm': 0.5621126890182495, 'learning_rate': 4.88e-05, 'num_tokens': 296298.0, 'mean_token_accuracy': 0.7746606096625328, 'epoch': 1.03}
[1A
[1A 52%|█████▏    | 129/250 [13:32<12:35,  6.25s/it]
[1A 52%|█████▏    | 130/250 [13:38<12:36,  6.31s/it]
[1A                                                 
{'loss': 0.3555, 'grad_norm': 0.5816552639007568, 'learning_rate': 4.8400000000000004e-05, 'num_tokens': 298597.0, 'mean_token_accuracy': 0.7813699543476105, 'epoch': 1.04}
[1A
[1A 52%|█████▏    | 130/250 [13:38<12:36,  6.31s/it]
[1A 52%|█████▏    | 131/250 [13:44<12:20,  6.22s/it]
[1A                                                 
{'loss': 0.2447, 'grad_norm': 0.2975030541419983, 'learning_rate': 4.8e-05, 'num_tokens': 300924.0, 'mean_token_accuracy': 0.8329933360219002, 'epoch': 1.05}
[1A
[1A 52%|█████▏    | 131/250 [13:44<12:20,  6.22s/it]
[1A 53%|█████▎    | 132/250 [13:50<12:15,  6.23s/it]
[1A                                                 
{'loss': 0.7041, 'grad_norm': 0.513197660446167, 'learning_rate': 4.76e-05, 'num_tokens': 302850.0, 'mean_token_accuracy': 0.6902200318872929, 'epoch': 1.06}
[1A
[1A 53%|█████▎    | 132/250 [13:50<12:15,  6.23s/it]
{'loss': 0.4308, 'grad_norm': 0.39977723360061646, 'learning_rate': 4.72e-05, 'num_tokens': 305085.0, 'mean_token_accuracy': 0.7663683220744133, 'epoch': 1.06}
[1A 53%|█████▎    | 133/250 [13:57<12:08,  6.23s/it]                           
[1A
[1A 53%|█████▎    | 133/250 [13:57<12:08,  6.23s/it]
[1A 54%|█████▎    | 134/250 [14:03<12:14,  6.33s/it]
[1A                                                 
{'loss': 0.4408, 'grad_norm': 0.5557113885879517, 'learning_rate': 4.6800000000000006e-05, 'num_tokens': 307207.0, 'mean_token_accuracy': 0.7505677361041307, 'epoch': 1.07}
[1A
[1A 54%|█████▎    | 134/250 [14:03<12:14,  6.33s/it]
[1A 54%|█████▍    | 135/250 [14:09<12:03,  6.30s/it]
[1A                                                 
{'loss': 0.27, 'grad_norm': 0.31813743710517883, 'learning_rate': 4.64e-05, 'num_tokens': 309620.0, 'mean_token_accuracy': 0.8324114829301834, 'epoch': 1.08}
[1A
[1A 54%|█████▍    | 135/250 [14:09<12:03,  6.30s/it]
[1A 54%|█████▍    | 136/250 [14:15<11:53,  6.26s/it]
[1A                                                 
{'loss': 0.3024, 'grad_norm': 0.3386801481246948, 'learning_rate': 4.600000000000001e-05, 'num_tokens': 311944.0, 'mean_token_accuracy': 0.8202042058110237, 'epoch': 1.09}
[1A
[1A 54%|█████▍    | 136/250 [14:15<11:53,  6.26s/it]
[1A 55%|█████▍    | 137/250 [14:22<11:42,  6.22s/it]
[1A                                                 
{'loss': 0.6342, 'grad_norm': 0.4975283145904541, 'learning_rate': 4.5600000000000004e-05, 'num_tokens': 313927.0, 'mean_token_accuracy': 0.707110108807683, 'epoch': 1.1}
[1A
[1A 55%|█████▍    | 137/250 [14:22<11:42,  6.22s/it]
[1A 55%|█████▌    | 138/250 [14:28<11:28,  6.15s/it]
[1A                                                 
{'loss': 0.3519, 'grad_norm': 0.3762533366680145, 'learning_rate': 4.52e-05, 'num_tokens': 316213.0, 'mean_token_accuracy': 0.8103193566203117, 'epoch': 1.1}
[1A
[1A 55%|█████▌    | 138/250 [14:28<11:28,  6.15s/it]
[1A 56%|█████▌    | 139/250 [14:34<11:23,  6.16s/it]
[1A                                                 
{'loss': 0.2541, 'grad_norm': 0.3170570135116577, 'learning_rate': 4.4800000000000005e-05, 'num_tokens': 318589.0, 'mean_token_accuracy': 0.8404919598251581, 'epoch': 1.11}
[1A
[1A 56%|█████▌    | 139/250 [14:34<11:23,  6.16s/it]
[1A 56%|█████▌    | 140/250 [14:40<11:20,  6.18s/it]
[1A                                                 
{'loss': 0.4849, 'grad_norm': 0.5058015584945679, 'learning_rate': 4.44e-05, 'num_tokens': 320747.0, 'mean_token_accuracy': 0.7682820465415716, 'epoch': 1.12}
[1A
[1A 56%|█████▌    | 140/250 [14:40<11:20,  6.18s/it]
[1A 56%|█████▋    | 141/250 [14:46<11:08,  6.13s/it]
[1A                                                 
{'loss': 0.3166, 'grad_norm': 0.3530614376068115, 'learning_rate': 4.4000000000000006e-05, 'num_tokens': 323046.0, 'mean_token_accuracy': 0.8028514925390482, 'epoch': 1.13}
[1A
[1A 56%|█████▋    | 141/250 [14:46<11:08,  6.13s/it]
[1A 57%|█████▋    | 142/250 [14:52<11:05,  6.16s/it]
[1A                                                 
{'loss': 0.389, 'grad_norm': 0.37565067410469055, 'learning_rate': 4.36e-05, 'num_tokens': 325327.0, 'mean_token_accuracy': 0.7952392008155584, 'epoch': 1.14}
[1A
[1A 57%|█████▋    | 142/250 [14:52<11:05,  6.16s/it]
[1A 57%|█████▋    | 143/250 [14:58<11:01,  6.18s/it]
[1A                                                 
{'loss': 0.2865, 'grad_norm': 0.30491575598716736, 'learning_rate': 4.32e-05, 'num_tokens': 327703.0, 'mean_token_accuracy': 0.8281116224825382, 'epoch': 1.14}
[1A
[1A 57%|█████▋    | 143/250 [14:58<11:01,  6.18s/it]
[1A 58%|█████▊    | 144/250 [15:04<10:48,  6.12s/it]
[1A                                                 
{'loss': 0.3834, 'grad_norm': 0.4285278618335724, 'learning_rate': 4.2800000000000004e-05, 'num_tokens': 329966.0, 'mean_token_accuracy': 0.7830254081636667, 'epoch': 1.15}
[1A
[1A 58%|█████▊    | 144/250 [15:04<10:48,  6.12s/it]
[1A 58%|█████▊    | 145/250 [15:11<10:44,  6.14s/it]
[1A                                                 
{'loss': 0.1683, 'grad_norm': 0.34644320607185364, 'learning_rate': 4.24e-05, 'num_tokens': 332674.0, 'mean_token_accuracy': 0.8963470794260502, 'epoch': 1.16}
[1A
[1A 58%|█████▊    | 145/250 [15:11<10:44,  6.14s/it]
[1A 58%|█████▊    | 146/250 [15:17<10:40,  6.16s/it]
[1A                                                 
{'loss': 0.2935, 'grad_norm': 0.3221598267555237, 'learning_rate': 4.2e-05, 'num_tokens': 335073.0, 'mean_token_accuracy': 0.8214329965412617, 'epoch': 1.17}
[1A
[1A 58%|█████▊    | 146/250 [15:17<10:40,  6.16s/it]
[1A 59%|█████▉    | 147/250 [15:23<10:29,  6.11s/it]
[1A                                                 
{'loss': 0.3199, 'grad_norm': 0.4289798140525818, 'learning_rate': 4.16e-05, 'num_tokens': 337331.0, 'mean_token_accuracy': 0.804317332804203, 'epoch': 1.18}
[1A
[1A 59%|█████▉    | 147/250 [15:23<10:29,  6.11s/it]
[1A 59%|█████▉    | 148/250 [15:29<10:25,  6.14s/it]                           
{'loss': 0.3393, 'grad_norm': 0.3391394317150116, 'learning_rate': 4.12e-05, 'num_tokens': 339653.0, 'mean_token_accuracy': 0.7867853511124849, 'epoch': 1.18}
[1A
[1A 59%|█████▉    | 148/250 [15:29<10:25,  6.14s/it]
[1A 60%|█████▉    | 149/250 [15:35<10:19,  6.14s/it]
[1A                                                 
{'loss': 0.4054, 'grad_norm': 0.3883941173553467, 'learning_rate': 4.08e-05, 'num_tokens': 341862.0, 'mean_token_accuracy': 0.7835853695869446, 'epoch': 1.19}
[1A
[1A 60%|█████▉    | 149/250 [15:35<10:19,  6.14s/it]
[1A 60%|██████    | 150/250 [15:41<10:10,  6.11s/it]                           
{'loss': 0.3299, 'grad_norm': 0.337588369846344, 'learning_rate': 4.0400000000000006e-05, 'num_tokens': 344173.0, 'mean_token_accuracy': 0.7740765754133463, 'epoch': 1.2}
[1A
[1A 60%|██████    | 150/250 [15:41<10:10,  6.11s/it]
[1A 60%|██████    | 151/250 [15:47<10:05,  6.12s/it]
[1A                                                 
{'loss': 0.2567, 'grad_norm': 0.2879856824874878, 'learning_rate': 4e-05, 'num_tokens': 346589.0, 'mean_token_accuracy': 0.8328765444457531, 'epoch': 1.21}
[1A
[1A 60%|██████    | 151/250 [15:47<10:05,  6.12s/it]
[1A 61%|██████    | 152/250 [15:53<10:00,  6.12s/it]                           
{'loss': 0.2636, 'grad_norm': 0.2871270775794983, 'learning_rate': 3.960000000000001e-05, 'num_tokens': 349026.0, 'mean_token_accuracy': 0.8343936689198017, 'epoch': 1.22}
[1A
[1A 61%|██████    | 152/250 [15:53<10:00,  6.12s/it]
[1A 61%|██████    | 153/250 [15:59<09:47,  6.06s/it]
[1A                                                 
{'loss': 0.3774, 'grad_norm': 0.444817453622818, 'learning_rate': 3.9200000000000004e-05, 'num_tokens': 351066.0, 'mean_token_accuracy': 0.7820181474089622, 'epoch': 1.22}
[1A
[1A 61%|██████    | 153/250 [15:59<09:47,  6.06s/it]
[1A 62%|██████▏   | 154/250 [16:06<09:44,  6.09s/it]
[1A                                                 
{'loss': 0.1861, 'grad_norm': 0.21524839103221893, 'learning_rate': 3.88e-05, 'num_tokens': 353647.0, 'mean_token_accuracy': 0.886918880045414, 'epoch': 1.23}
[1A
[1A 62%|██████▏   | 154/250 [16:06<09:44,  6.09s/it]
[1A 62%|██████▏   | 155/250 [16:12<09:40,  6.11s/it]
[1A                                                 
{'loss': 0.4346, 'grad_norm': 0.3937781751155853, 'learning_rate': 3.8400000000000005e-05, 'num_tokens': 355836.0, 'mean_token_accuracy': 0.7787309233099222, 'epoch': 1.24}
[1A
[1A 62%|██████▏   | 155/250 [16:12<09:40,  6.11s/it]
[1A 62%|██████▏   | 156/250 [16:18<09:30,  6.07s/it]
[1A                                                 
{'loss': 0.7069, 'grad_norm': 0.5715972185134888, 'learning_rate': 3.8e-05, 'num_tokens': 357744.0, 'mean_token_accuracy': 0.7135828249156475, 'epoch': 1.25}
[1A
[1A 62%|██████▏   | 156/250 [16:18<09:30,  6.07s/it]
[1A 63%|██████▎   | 157/250 [16:24<09:30,  6.14s/it]
[1A                                                 
{'loss': 0.6055, 'grad_norm': 0.521774411201477, 'learning_rate': 3.76e-05, 'num_tokens': 359737.0, 'mean_token_accuracy': 0.7151701152324677, 'epoch': 1.26}
[1A
[1A 63%|██████▎   | 157/250 [16:24<09:30,  6.14s/it]
[1A 63%|██████▎   | 158/250 [16:30<09:28,  6.18s/it]
[1A                                                 
{'loss': 0.4386, 'grad_norm': 0.41741007566452026, 'learning_rate': 3.72e-05, 'num_tokens': 361842.0, 'mean_token_accuracy': 0.7779602408409119, 'epoch': 1.26}
[1A
[1A 63%|██████▎   | 158/250 [16:30<09:28,  6.18s/it]
[1A 64%|██████▎   | 159/250 [16:36<09:16,  6.11s/it]
[1A                                                 
{'loss': 0.3258, 'grad_norm': 0.3246930241584778, 'learning_rate': 3.68e-05, 'num_tokens': 364182.0, 'mean_token_accuracy': 0.7987235430628061, 'epoch': 1.27}
[1A
[1A 64%|██████▎   | 159/250 [16:36<09:16,  6.11s/it]
[1A 64%|██████▍   | 160/250 [16:42<09:10,  6.11s/it]
[1A                                                 
{'loss': 0.686, 'grad_norm': 0.582030177116394, 'learning_rate': 3.6400000000000004e-05, 'num_tokens': 366082.0, 'mean_token_accuracy': 0.698556387796998, 'epoch': 1.28}
[1A
[1A 64%|██████▍   | 160/250 [16:42<09:10,  6.11s/it]
[1A 64%|██████▍   | 161/250 [16:48<09:05,  6.13s/it]
[1A                                                 
{'loss': 0.2668, 'grad_norm': 0.2882591485977173, 'learning_rate': 3.6e-05, 'num_tokens': 368432.0, 'mean_token_accuracy': 0.822127316147089, 'epoch': 1.29}
[1A
[1A 64%|██████▍   | 161/250 [16:48<09:05,  6.13s/it]
[1A 65%|██████▍   | 162/250 [16:54<08:54,  6.07s/it]
[1A                                                 
{'loss': 0.6219, 'grad_norm': 0.5138402581214905, 'learning_rate': 3.56e-05, 'num_tokens': 370394.0, 'mean_token_accuracy': 0.7178957555443048, 'epoch': 1.3}
[1A
[1A 65%|██████▍   | 162/250 [16:54<08:54,  6.07s/it]
[1A 65%|██████▌   | 163/250 [17:01<08:54,  6.14s/it]
[1A                                                 
{'loss': 0.6192, 'grad_norm': 0.5999436378479004, 'learning_rate': 3.52e-05, 'num_tokens': 372273.0, 'mean_token_accuracy': 0.7292417623102665, 'epoch': 1.3}
[1A
[1A 65%|██████▌   | 163/250 [17:01<08:54,  6.14s/it]
[1A 66%|██████▌   | 164/250 [17:07<08:56,  6.24s/it]
[1A                                                 
{'loss': 0.3326, 'grad_norm': 0.3245317041873932, 'learning_rate': 3.48e-05, 'num_tokens': 374541.0, 'mean_token_accuracy': 0.7981139197945595, 'epoch': 1.31}
[1A
[1A 66%|██████▌   | 164/250 [17:07<08:56,  6.24s/it]
[1A 66%|██████▌   | 165/250 [17:13<08:48,  6.22s/it]
[1A                                                 
{'loss': 0.3649, 'grad_norm': 0.3905431926250458, 'learning_rate': 3.4399999999999996e-05, 'num_tokens': 376891.0, 'mean_token_accuracy': 0.8010609410703182, 'epoch': 1.32}
[1A
[1A 66%|██████▌   | 165/250 [17:13<08:48,  6.22s/it]
[1A 66%|██████▋   | 166/250 [17:20<08:47,  6.28s/it]
[1A                                                 
{'loss': 0.2619, 'grad_norm': 0.29604199528694153, 'learning_rate': 3.4000000000000007e-05, 'num_tokens': 379259.0, 'mean_token_accuracy': 0.8213926628232002, 'epoch': 1.33}
[1A
[1A 66%|██████▋   | 166/250 [17:20<08:47,  6.28s/it]
[1A 67%|██████▋   | 167/250 [17:26<08:41,  6.29s/it]                           
{'loss': 0.2945, 'grad_norm': 0.32940930128097534, 'learning_rate': 3.3600000000000004e-05, 'num_tokens': 381551.0, 'mean_token_accuracy': 0.8209353573620319, 'epoch': 1.34}
[1A
[1A 67%|██████▋   | 167/250 [17:26<08:41,  6.29s/it]
[1A 67%|██████▋   | 168/250 [17:32<08:26,  6.18s/it]
[1A                                                 
{'loss': 0.5092, 'grad_norm': 0.469823956489563, 'learning_rate': 3.32e-05, 'num_tokens': 383659.0, 'mean_token_accuracy': 0.7407955974340439, 'epoch': 1.34}
[1A
[1A 67%|██████▋   | 168/250 [17:32<08:26,  6.18s/it]
[1A 68%|██████▊   | 169/250 [17:38<08:22,  6.21s/it]
[1A                                                 
{'loss': 0.255, 'grad_norm': 0.2764505445957184, 'learning_rate': 3.2800000000000004e-05, 'num_tokens': 386081.0, 'mean_token_accuracy': 0.8210317511111498, 'epoch': 1.35}
[1A
[1A 68%|██████▊   | 169/250 [17:38<08:22,  6.21s/it]
[1A 68%|██████▊   | 170/250 [17:45<08:16,  6.21s/it]
[1A                                                 
{'loss': 0.2828, 'grad_norm': 0.2955906093120575, 'learning_rate': 3.24e-05, 'num_tokens': 388520.0, 'mean_token_accuracy': 0.8286244906485081, 'epoch': 1.36}
[1A
[1A 68%|██████▊   | 170/250 [17:45<08:16,  6.21s/it]
[1A 68%|██████▊   | 171/250 [17:51<08:24,  6.38s/it]
[1A                                                 
{'loss': 0.3983, 'grad_norm': 0.38341090083122253, 'learning_rate': 3.2000000000000005e-05, 'num_tokens': 390765.0, 'mean_token_accuracy': 0.7680187225341797, 'epoch': 1.37}
[1A
[1A 68%|██████▊   | 171/250 [17:51<08:24,  6.38s/it]
[1A 69%|██████▉   | 172/250 [17:57<08:10,  6.29s/it]
[1A                                                 
{'loss': 0.1353, 'grad_norm': 0.21157309412956238, 'learning_rate': 3.16e-05, 'num_tokens': 393445.0, 'mean_token_accuracy': 0.8893486242741346, 'epoch': 1.38}
[1A
[1A 69%|██████▉   | 172/250 [17:57<08:10,  6.29s/it]
[1A 69%|██████▉   | 173/250 [18:04<08:04,  6.30s/it]
[1A                                                 
{'loss': 0.3276, 'grad_norm': 0.3350924849510193, 'learning_rate': 3.12e-05, 'num_tokens': 395849.0, 'mean_token_accuracy': 0.8128609769046307, 'epoch': 1.38}
[1A
[1A 69%|██████▉   | 173/250 [18:04<08:04,  6.30s/it]
[1A 70%|██████▉   | 174/250 [18:10<07:57,  6.28s/it]
[1A                                                 
{'loss': 0.1579, 'grad_norm': 0.2362542301416397, 'learning_rate': 3.08e-05, 'num_tokens': 398480.0, 'mean_token_accuracy': 0.8881588764488697, 'epoch': 1.39}
[1A
[1A 70%|██████▉   | 174/250 [18:10<07:57,  6.28s/it]
[1A 70%|███████   | 175/250 [18:16<07:46,  6.21s/it]
[1A                                                 
{'loss': 0.3117, 'grad_norm': 0.32960590720176697, 'learning_rate': 3.04e-05, 'num_tokens': 400807.0, 'mean_token_accuracy': 0.8312447927892208, 'epoch': 1.4}
[1A
[1A 70%|███████   | 175/250 [18:16<07:46,  6.21s/it]
[1A 70%|███████   | 176/250 [18:22<07:40,  6.22s/it]
[1A                                                 
{'loss': 0.6824, 'grad_norm': 0.5810224413871765, 'learning_rate': 3e-05, 'num_tokens': 402850.0, 'mean_token_accuracy': 0.6968228276818991, 'epoch': 1.41}
[1A
[1A 70%|███████   | 176/250 [18:22<07:40,  6.22s/it]
[1A 71%|███████   | 177/250 [18:29<07:38,  6.28s/it]
[1A                                                 
{'loss': 0.2913, 'grad_norm': 0.3043408989906311, 'learning_rate': 2.96e-05, 'num_tokens': 405289.0, 'mean_token_accuracy': 0.8240454643964767, 'epoch': 1.42}
[1A
[1A 71%|███████   | 177/250 [18:29<07:38,  6.28s/it]
[1A 71%|███████   | 178/250 [18:35<07:36,  6.34s/it]
[1A                                                 
{'loss': 0.2532, 'grad_norm': 0.26113423705101013, 'learning_rate': 2.9199999999999998e-05, 'num_tokens': 407781.0, 'mean_token_accuracy': 0.8405150584876537, 'epoch': 1.42}
[1A
[1A 71%|███████   | 178/250 [18:35<07:36,  6.34s/it]
[1A 72%|███████▏  | 179/250 [18:41<07:25,  6.28s/it]
[1A                                                 
{'loss': 0.347, 'grad_norm': 0.33246880769729614, 'learning_rate': 2.88e-05, 'num_tokens': 410245.0, 'mean_token_accuracy': 0.8031562361866236, 'epoch': 1.43}
[1A
[1A 72%|███████▏  | 179/250 [18:41<07:25,  6.28s/it]
[1A 72%|███████▏  | 180/250 [18:48<07:18,  6.27s/it]
[1A                                                 
{'loss': 0.4515, 'grad_norm': 0.43823596835136414, 'learning_rate': 2.84e-05, 'num_tokens': 412349.0, 'mean_token_accuracy': 0.7426847666501999, 'epoch': 1.44}
[1A
[1A 72%|███████▏  | 180/250 [18:48<07:18,  6.27s/it]
[1A 72%|███████▏  | 181/250 [18:54<07:09,  6.23s/it]
[1A                                                 
{'loss': 0.4845, 'grad_norm': 0.520431637763977, 'learning_rate': 2.8000000000000003e-05, 'num_tokens': 414429.0, 'mean_token_accuracy': 0.7601695619523525, 'epoch': 1.45}
[1A
[1A 72%|███████▏  | 181/250 [18:54<07:09,  6.23s/it]
[1A 73%|███████▎  | 182/250 [19:00<07:04,  6.24s/it]
[1A                                                 
{'loss': 0.2903, 'grad_norm': 0.30083131790161133, 'learning_rate': 2.7600000000000003e-05, 'num_tokens': 416786.0, 'mean_token_accuracy': 0.8330201990902424, 'epoch': 1.46}
[1A
[1A 73%|███████▎  | 182/250 [19:00<07:04,  6.24s/it]
[1A 73%|███████▎  | 183/250 [19:06<06:57,  6.23s/it]
[1A                                                 
{'loss': 0.3562, 'grad_norm': 0.3615402281284332, 'learning_rate': 2.7200000000000004e-05, 'num_tokens': 419068.0, 'mean_token_accuracy': 0.7909885719418526, 'epoch': 1.46}
[1A
[1A 73%|███████▎  | 183/250 [19:06<06:57,  6.23s/it]
[1A 74%|███████▎  | 184/250 [19:12<06:45,  6.15s/it]
[1A                                                 
{'loss': 0.2584, 'grad_norm': 0.29925456643104553, 'learning_rate': 2.6800000000000004e-05, 'num_tokens': 421471.0, 'mean_token_accuracy': 0.8436900675296783, 'epoch': 1.47}
[1A
[1A 74%|███████▎  | 184/250 [19:12<06:45,  6.15s/it]
[1A 74%|███████▍  | 185/250 [19:18<06:42,  6.19s/it]
[1A                                                 
{'loss': 0.3852, 'grad_norm': 0.43160250782966614, 'learning_rate': 2.64e-05, 'num_tokens': 423686.0, 'mean_token_accuracy': 0.7875717654824257, 'epoch': 1.48}
[1A
[1A 74%|███████▍  | 185/250 [19:18<06:42,  6.19s/it]
[1A 74%|███████▍  | 186/250 [19:25<06:35,  6.17s/it]
[1A                                                 
{'loss': 0.3893, 'grad_norm': 0.40388208627700806, 'learning_rate': 2.6000000000000002e-05, 'num_tokens': 425871.0, 'mean_token_accuracy': 0.7714706286787987, 'epoch': 1.49}
[1A
[1A 74%|███████▍  | 186/250 [19:25<06:35,  6.17s/it]
[1A 75%|███████▍  | 187/250 [19:31<06:36,  6.29s/it]
[1A                                                 
{'loss': 0.2466, 'grad_norm': 0.26672831177711487, 'learning_rate': 2.5600000000000002e-05, 'num_tokens': 428284.0, 'mean_token_accuracy': 0.8596010692417622, 'epoch': 1.5}
[1A
[1A 75%|███████▍  | 187/250 [19:31<06:36,  6.29s/it]
[1A 75%|███████▌  | 188/250 [19:37<06:28,  6.27s/it]
[1A                                                 
{'loss': 0.3038, 'grad_norm': 0.3429862856864929, 'learning_rate': 2.5200000000000003e-05, 'num_tokens': 430532.0, 'mean_token_accuracy': 0.8071895949542522, 'epoch': 1.5}
[1A
[1A 75%|███████▌  | 188/250 [19:37<06:28,  6.27s/it]
[1A 76%|███████▌  | 189/250 [19:44<06:22,  6.28s/it]
[1A                                                 
{'loss': 0.4169, 'grad_norm': 0.41500791907310486, 'learning_rate': 2.48e-05, 'num_tokens': 432737.0, 'mean_token_accuracy': 0.7753576189279556, 'epoch': 1.51}
[1A
[1A 76%|███████▌  | 189/250 [19:44<06:22,  6.28s/it]
[1A 76%|███████▌  | 190/250 [19:50<06:13,  6.22s/it]
[1A                                                 
{'loss': 0.387, 'grad_norm': 0.3913572430610657, 'learning_rate': 2.44e-05, 'num_tokens': 434982.0, 'mean_token_accuracy': 0.7875840421766043, 'epoch': 1.52}
[1A
[1A 76%|███████▌  | 190/250 [19:50<06:13,  6.22s/it]
[1A 76%|███████▋  | 191/250 [19:56<06:08,  6.25s/it]
[1A                                                 
{'loss': 0.4454, 'grad_norm': 0.4213096797466278, 'learning_rate': 2.4e-05, 'num_tokens': 437136.0, 'mean_token_accuracy': 0.7598648946732283, 'epoch': 1.53}
[1A
[1A 76%|███████▋  | 191/250 [19:56<06:08,  6.25s/it]
[1A 77%|███████▋  | 192/250 [20:02<06:01,  6.24s/it]
[1A                                                 
{'loss': 0.5927, 'grad_norm': 0.5229138135910034, 'learning_rate': 2.36e-05, 'num_tokens': 439150.0, 'mean_token_accuracy': 0.7310777567327023, 'epoch': 1.54}
[1A
[1A 77%|███████▋  | 192/250 [20:02<06:01,  6.24s/it]
[1A 77%|███████▋  | 193/250 [20:08<05:51,  6.17s/it]
[1A                                                 
{'loss': 0.4101, 'grad_norm': 0.3824864327907562, 'learning_rate': 2.32e-05, 'num_tokens': 441317.0, 'mean_token_accuracy': 0.7677845899015665, 'epoch': 1.54}
[1A
[1A 77%|███████▋  | 193/250 [20:08<05:51,  6.17s/it]
[1A 78%|███████▊  | 194/250 [20:14<05:46,  6.18s/it]
[1A                                                 
{'loss': 0.3078, 'grad_norm': 0.3057762086391449, 'learning_rate': 2.2800000000000002e-05, 'num_tokens': 443706.0, 'mean_token_accuracy': 0.8259149417281151, 'epoch': 1.55}
[1A
[1A 78%|███████▊  | 194/250 [20:14<05:46,  6.18s/it]
[1A 78%|███████▊  | 195/250 [20:21<05:42,  6.23s/it]
[1A                                                 
{'loss': 0.247, 'grad_norm': 0.2904195785522461, 'learning_rate': 2.2400000000000002e-05, 'num_tokens': 446179.0, 'mean_token_accuracy': 0.8379683196544647, 'epoch': 1.56}
[1A
[1A 78%|███████▊  | 195/250 [20:21<05:42,  6.23s/it]
[1A 78%|███████▊  | 196/250 [20:27<05:32,  6.16s/it]
[1A                                                 
[1A
{'loss': 0.2908, 'grad_norm': 0.3074082136154175, 'learning_rate': 2.2000000000000003e-05, 'num_tokens': 448619.0, 'mean_token_accuracy': 0.8191461991518736, 'epoch': 1.57}
[1A 78%|███████▊  | 196/250 [20:27<05:32,  6.16s/it]
[1A 79%|███████▉  | 197/250 [20:33<05:28,  6.20s/it]
[1A                                                 
{'loss': 0.2431, 'grad_norm': 0.2522948980331421, 'learning_rate': 2.16e-05, 'num_tokens': 451129.0, 'mean_token_accuracy': 0.847018837928772, 'epoch': 1.58}
[1A
[1A 79%|███████▉  | 197/250 [20:33<05:28,  6.20s/it]
[1A 79%|███████▉  | 198/250 [20:39<05:24,  6.24s/it]
[1A                                                 
{'loss': 0.3375, 'grad_norm': 0.3705531358718872, 'learning_rate': 2.12e-05, 'num_tokens': 453436.0, 'mean_token_accuracy': 0.7999698705971241, 'epoch': 1.58}
[1A
[1A 79%|███████▉  | 198/250 [20:39<05:24,  6.24s/it]
[1A 80%|███████▉  | 199/250 [20:46<05:27,  6.42s/it]
[1A                                                 
{'loss': 0.2398, 'grad_norm': 0.2731514275074005, 'learning_rate': 2.08e-05, 'num_tokens': 455946.0, 'mean_token_accuracy': 0.8444746509194374, 'epoch': 1.59}
[1A
[1A 80%|███████▉  | 199/250 [20:46<05:27,  6.42s/it]
[1A 80%|████████  | 200/250 [20:52<05:12,  6.26s/it]
[1A                                                 
{'loss': 0.641, 'grad_norm': 0.5572375655174255, 'learning_rate': 2.04e-05, 'num_tokens': 457907.0, 'mean_token_accuracy': 0.6965913437306881, 'epoch': 1.6}
[1A
[1A 80%|████████  | 200/250 [20:52<05:12,  6.26s/it]
[1A 80%|████████  | 201/250 [20:58<05:05,  6.23s/it]
[1A                                                 
{'loss': 0.1206, 'grad_norm': 0.18137145042419434, 'learning_rate': 2e-05, 'num_tokens': 460532.0, 'mean_token_accuracy': 0.9028944429010153, 'epoch': 1.61}
[1A
[1A 80%|████████  | 201/250 [20:58<05:05,  6.23s/it]
[1A 81%|████████  | 202/250 [21:04<04:55,  6.16s/it]
[1A                                                 
{'loss': 0.1479, 'grad_norm': 0.21197164058685303, 'learning_rate': 1.9600000000000002e-05, 'num_tokens': 463103.0, 'mean_token_accuracy': 0.9012151695787907, 'epoch': 1.62}
[1A
[1A 81%|████████  | 202/250 [21:04<04:55,  6.16s/it]
[1A 81%|████████  | 203/250 [21:11<04:53,  6.24s/it]                           
{'loss': 0.2125, 'grad_norm': 0.27481916546821594, 'learning_rate': 1.9200000000000003e-05, 'num_tokens': 465538.0, 'mean_token_accuracy': 0.8422404527664185, 'epoch': 1.62}
[1A
[1A 81%|████████  | 203/250 [21:11<04:53,  6.24s/it]
[1A 82%|████████▏ | 204/250 [21:17<04:47,  6.24s/it]
[1A                                                 
{'loss': 0.1933, 'grad_norm': 0.26221635937690735, 'learning_rate': 1.88e-05, 'num_tokens': 467982.0, 'mean_token_accuracy': 0.8534250725060701, 'epoch': 1.63}
[1A
[1A 82%|████████▏ | 204/250 [21:17<04:47,  6.24s/it]
[1A 82%|████████▏ | 205/250 [21:23<04:41,  6.25s/it]
[1A                                                 
{'loss': 0.1462, 'grad_norm': 0.20049914717674255, 'learning_rate': 1.84e-05, 'num_tokens': 470550.0, 'mean_token_accuracy': 0.8829684741795063, 'epoch': 1.64}
[1A
[1A 82%|████████▏ | 205/250 [21:23<04:41,  6.25s/it]
[1A 82%|████████▏ | 206/250 [21:30<04:35,  6.26s/it]
[1A                                                 
{'loss': 0.3638, 'grad_norm': 0.3936821222305298, 'learning_rate': 1.8e-05, 'num_tokens': 472728.0, 'mean_token_accuracy': 0.7904668487608433, 'epoch': 1.65}
[1A
[1A 82%|████████▏ | 206/250 [21:30<04:35,  6.26s/it]
[1A 83%|████████▎ | 207/250 [21:36<04:34,  6.39s/it]
[1A                                                 
{'loss': 0.5446, 'grad_norm': 0.45679783821105957, 'learning_rate': 1.76e-05, 'num_tokens': 474872.0, 'mean_token_accuracy': 0.7354036308825016, 'epoch': 1.66}
[1A
[1A 83%|████████▎ | 207/250 [21:36<04:34,  6.39s/it]
[1A 83%|████████▎ | 208/250 [21:42<04:25,  6.33s/it]
[1A                                                 
{'loss': 0.1867, 'grad_norm': 0.26732316613197327, 'learning_rate': 1.7199999999999998e-05, 'num_tokens': 477344.0, 'mean_token_accuracy': 0.8811725713312626, 'epoch': 1.66}
[1A
[1A 83%|████████▎ | 208/250 [21:42<04:25,  6.33s/it]
[1A 84%|████████▎ | 209/250 [21:48<04:16,  6.25s/it]
[1A                                                 
{'loss': 0.5044, 'grad_norm': 0.44421350955963135, 'learning_rate': 1.6800000000000002e-05, 'num_tokens': 479437.0, 'mean_token_accuracy': 0.7484651021659374, 'epoch': 1.67}
[1A
[1A 84%|████████▎ | 209/250 [21:48<04:16,  6.25s/it]
[1A 84%|████████▍ | 210/250 [21:55<04:14,  6.36s/it]
[1A                                                 
{'loss': 0.2733, 'grad_norm': 0.3044299781322479, 'learning_rate': 1.6400000000000002e-05, 'num_tokens': 481834.0, 'mean_token_accuracy': 0.836934644728899, 'epoch': 1.68}
[1A
[1A 84%|████████▍ | 210/250 [21:55<04:14,  6.36s/it]
[1A 84%|████████▍ | 211/250 [22:01<04:06,  6.32s/it]
[1A                                                 
{'loss': 0.491, 'grad_norm': 0.45637229084968567, 'learning_rate': 1.6000000000000003e-05, 'num_tokens': 483939.0, 'mean_token_accuracy': 0.7609139122068882, 'epoch': 1.69}
[1A
[1A 84%|████████▍ | 211/250 [22:01<04:06,  6.32s/it]
[1A 85%|████████▍ | 212/250 [22:08<04:00,  6.33s/it]
[1A                                                 
{'loss': 0.3379, 'grad_norm': 0.3469158113002777, 'learning_rate': 1.56e-05, 'num_tokens': 486246.0, 'mean_token_accuracy': 0.8047782182693481, 'epoch': 1.7}
[1A
[1A 85%|████████▍ | 212/250 [22:08<04:00,  6.33s/it]
[1A 85%|████████▌ | 213/250 [22:14<03:54,  6.33s/it]                           
{'loss': 0.3064, 'grad_norm': 0.30552273988723755, 'learning_rate': 1.52e-05, 'num_tokens': 488514.0, 'mean_token_accuracy': 0.8120391145348549, 'epoch': 1.7}
[1A
[1A 85%|████████▌ | 213/250 [22:14<03:54,  6.33s/it]
[1A 86%|████████▌ | 214/250 [22:21<03:54,  6.52s/it]
{'loss': 0.1753, 'grad_norm': 0.22929172217845917, 'learning_rate': 1.48e-05, 'num_tokens': 491122.0, 'mean_token_accuracy': 0.8809203952550888, 'epoch': 1.71}
[1A                                                 
[1A
[1A 86%|████████▌ | 214/250 [22:21<03:54,  6.52s/it]
[1A 86%|████████▌ | 215/250 [22:28<03:50,  6.58s/it]
[1A                                                 
{'loss': 0.2838, 'grad_norm': 0.362541139125824, 'learning_rate': 1.44e-05, 'num_tokens': 493440.0, 'mean_token_accuracy': 0.8295936286449432, 'epoch': 1.72}
[1A
[1A 86%|████████▌ | 215/250 [22:28<03:50,  6.58s/it]
[1A 86%|████████▋ | 216/250 [22:34<03:38,  6.44s/it]
[1A                                                 
{'loss': 0.4757, 'grad_norm': 0.46238845586776733, 'learning_rate': 1.4000000000000001e-05, 'num_tokens': 495494.0, 'mean_token_accuracy': 0.7618105225265026, 'epoch': 1.73}
[1A
[1A 86%|████████▋ | 216/250 [22:34<03:38,  6.44s/it]
[1A 87%|████████▋ | 217/250 [22:40<03:30,  6.36s/it]
[1A                                                 
{'loss': 0.2834, 'grad_norm': 0.3440323770046234, 'learning_rate': 1.3600000000000002e-05, 'num_tokens': 497787.0, 'mean_token_accuracy': 0.8147147782146931, 'epoch': 1.74}
[1A
[1A 87%|████████▋ | 217/250 [22:40<03:30,  6.36s/it]
[1A 87%|████████▋ | 218/250 [22:46<03:20,  6.28s/it]
[1A                                                 
{'loss': 0.6394, 'grad_norm': 0.5536457300186157, 'learning_rate': 1.32e-05, 'num_tokens': 499716.0, 'mean_token_accuracy': 0.7113226503133774, 'epoch': 1.74}
[1A
[1A 87%|████████▋ | 218/250 [22:46<03:20,  6.28s/it]
[1A 88%|████████▊ | 219/250 [22:53<03:20,  6.47s/it]
[1A                                                 
{'loss': 0.5155, 'grad_norm': 0.47504186630249023, 'learning_rate': 1.2800000000000001e-05, 'num_tokens': 501783.0, 'mean_token_accuracy': 0.755724648013711, 'epoch': 1.75}
[1A
[1A 88%|████████▊ | 219/250 [22:53<03:20,  6.47s/it]
[1A 88%|████████▊ | 220/250 [22:59<03:12,  6.40s/it]
[1A                                                 
{'loss': 0.181, 'grad_norm': 0.23183497786521912, 'learning_rate': 1.24e-05, 'num_tokens': 504379.0, 'mean_token_accuracy': 0.8815452512353659, 'epoch': 1.76}
[1A
[1A 88%|████████▊ | 220/250 [22:59<03:12,  6.40s/it]
[1A 88%|████████▊ | 221/250 [23:05<03:03,  6.32s/it]
[1A                                                 
{'loss': 0.4803, 'grad_norm': 0.47414374351501465, 'learning_rate': 1.2e-05, 'num_tokens': 506423.0, 'mean_token_accuracy': 0.7527914084494114, 'epoch': 1.77}
[1A
[1A 88%|████████▊ | 221/250 [23:05<03:03,  6.32s/it]
[1A 89%|████████▉ | 222/250 [23:12<02:57,  6.33s/it]
[1A                                                 
{'loss': 0.3982, 'grad_norm': 0.3976118564605713, 'learning_rate': 1.16e-05, 'num_tokens': 508576.0, 'mean_token_accuracy': 0.7923233862966299, 'epoch': 1.78}
[1A
[1A 89%|████████▉ | 222/250 [23:12<02:57,  6.33s/it]
[1A 89%|████████▉ | 223/250 [23:18<02:53,  6.42s/it]
[1A                                                 
{'loss': 0.2918, 'grad_norm': 0.337374746799469, 'learning_rate': 1.1200000000000001e-05, 'num_tokens': 511046.0, 'mean_token_accuracy': 0.8326169699430466, 'epoch': 1.78}
[1A
[1A 89%|████████▉ | 223/250 [23:18<02:53,  6.42s/it]
[1A 90%|████████▉ | 224/250 [23:24<02:43,  6.29s/it]
[1A                                                 
{'loss': 0.2288, 'grad_norm': 0.2814905345439911, 'learning_rate': 1.08e-05, 'num_tokens': 513505.0, 'mean_token_accuracy': 0.8669563680887222, 'epoch': 1.79}
[1A
[1A 90%|████████▉ | 224/250 [23:24<02:43,  6.29s/it]
[1A 90%|█████████ | 225/250 [23:30<02:36,  6.25s/it]
[1A                                                 
{'loss': 0.5693, 'grad_norm': 0.5350801348686218, 'learning_rate': 1.04e-05, 'num_tokens': 515538.0, 'mean_token_accuracy': 0.7240587919950485, 'epoch': 1.8}
[1A
[1A 90%|█████████ | 225/250 [23:30<02:36,  6.25s/it]
[1A 90%|█████████ | 226/250 [23:37<02:29,  6.22s/it]
[1A                                                 
{'loss': 0.4208, 'grad_norm': 0.40616345405578613, 'learning_rate': 1e-05, 'num_tokens': 517756.0, 'mean_token_accuracy': 0.7900699377059937, 'epoch': 1.81}
[1A
[1A 90%|█████████ | 226/250 [23:37<02:29,  6.22s/it]
[1A 91%|█████████ | 227/250 [23:43<02:22,  6.19s/it]
[1A                                                 
{'loss': 0.5681, 'grad_norm': 0.550227701663971, 'learning_rate': 9.600000000000001e-06, 'num_tokens': 519766.0, 'mean_token_accuracy': 0.7204353138804436, 'epoch': 1.82}
[1A
[1A 91%|█████████ | 227/250 [23:43<02:22,  6.19s/it]
[1A 91%|█████████ | 228/250 [23:50<02:20,  6.39s/it]
[1A                                                 
{'loss': 0.2254, 'grad_norm': 0.2768622636795044, 'learning_rate': 9.2e-06, 'num_tokens': 522274.0, 'mean_token_accuracy': 0.8484499007463455, 'epoch': 1.82}
[1A
[1A 91%|█████████ | 228/250 [23:50<02:20,  6.39s/it]
[1A 92%|█████████▏| 229/250 [23:56<02:14,  6.40s/it]
[1A                                                 
{'loss': 0.2276, 'grad_norm': 0.28625208139419556, 'learning_rate': 8.8e-06, 'num_tokens': 524810.0, 'mean_token_accuracy': 0.8618894703686237, 'epoch': 1.83}
[1A
[1A 92%|█████████▏| 229/250 [23:56<02:14,  6.40s/it]
[1A 92%|█████████▏| 230/250 [24:03<02:10,  6.53s/it]
[1A                                                 
{'loss': 0.2062, 'grad_norm': 0.2912454605102539, 'learning_rate': 8.400000000000001e-06, 'num_tokens': 527406.0, 'mean_token_accuracy': 0.8750437553972006, 'epoch': 1.84}
[1A
[1A 92%|█████████▏| 230/250 [24:03<02:10,  6.53s/it]
[1A 92%|█████████▏| 231/250 [24:09<02:04,  6.53s/it]
[1A                                                 
{'loss': 0.2548, 'grad_norm': 0.30095598101615906, 'learning_rate': 8.000000000000001e-06, 'num_tokens': 529911.0, 'mean_token_accuracy': 0.835747517645359, 'epoch': 1.85}
[1A
[1A 92%|█████████▏| 231/250 [24:09<02:04,  6.53s/it]
[1A 93%|█████████▎| 232/250 [24:16<01:58,  6.57s/it]
[1A                                                 
{'loss': 0.1625, 'grad_norm': 0.2152838408946991, 'learning_rate': 7.6e-06, 'num_tokens': 532573.0, 'mean_token_accuracy': 0.8834981992840767, 'epoch': 1.86}
[1A
[1A 93%|█████████▎| 232/250 [24:16<01:58,  6.57s/it]
[1A 93%|█████████▎| 233/250 [24:23<01:52,  6.61s/it]
[1A                                                 
{'loss': 0.3858, 'grad_norm': 0.4045686423778534, 'learning_rate': 7.2e-06, 'num_tokens': 534826.0, 'mean_token_accuracy': 0.7760540992021561, 'epoch': 1.86}
[1A
[1A 93%|█████████▎| 233/250 [24:23<01:52,  6.61s/it]
[1A 94%|█████████▎| 234/250 [24:29<01:42,  6.42s/it]
[1A                                                 
{'loss': 0.727, 'grad_norm': 0.5755826830863953, 'learning_rate': 6.800000000000001e-06, 'num_tokens': 536723.0, 'mean_token_accuracy': 0.6805592402815819, 'epoch': 1.87}
[1A
[1A 94%|█████████▎| 234/250 [24:29<01:42,  6.42s/it]
[1A 94%|█████████▍| 235/250 [24:35<01:35,  6.39s/it]
[1A                                                 
{'loss': 0.5751, 'grad_norm': 0.5058556795120239, 'learning_rate': 6.4000000000000006e-06, 'num_tokens': 538734.0, 'mean_token_accuracy': 0.7469828519970179, 'epoch': 1.88}
[1A
[1A 94%|█████████▍| 235/250 [24:35<01:35,  6.39s/it]
[1A 94%|█████████▍| 236/250 [24:42<01:30,  6.44s/it]
[1A                                                 
{'loss': 0.0884, 'grad_norm': 0.1660218983888626, 'learning_rate': 6e-06, 'num_tokens': 541532.0, 'mean_token_accuracy': 0.9308462552726269, 'epoch': 1.89}
[1A
[1A 94%|█████████▍| 236/250 [24:42<01:30,  6.44s/it]
[1A 95%|█████████▍| 237/250 [24:48<01:22,  6.34s/it]
[1A                                                 
{'loss': 0.2976, 'grad_norm': 0.36526453495025635, 'learning_rate': 5.600000000000001e-06, 'num_tokens': 543778.0, 'mean_token_accuracy': 0.8072084728628397, 'epoch': 1.9}
[1A
[1A 95%|█████████▍| 237/250 [24:48<01:22,  6.34s/it]
[1A 95%|█████████▌| 238/250 [24:54<01:16,  6.34s/it]
[1A                                                 
{'loss': 0.281, 'grad_norm': 0.2857481837272644, 'learning_rate': 5.2e-06, 'num_tokens': 546159.0, 'mean_token_accuracy': 0.834914606064558, 'epoch': 1.9}
[1A
[1A 95%|█████████▌| 238/250 [24:54<01:16,  6.34s/it]
[1A 96%|█████████▌| 239/250 [25:01<01:10,  6.39s/it]
[1A                                                 
{'loss': 0.1343, 'grad_norm': 0.20405356585979462, 'learning_rate': 4.800000000000001e-06, 'num_tokens': 548830.0, 'mean_token_accuracy': 0.9043577760457993, 'epoch': 1.91}
[1A
[1A 96%|█████████▌| 239/250 [25:01<01:10,  6.39s/it]
[1A 96%|█████████▌| 240/250 [25:07<01:02,  6.27s/it]
[1A                                                 
{'loss': 0.35, 'grad_norm': 0.3645768165588379, 'learning_rate': 4.4e-06, 'num_tokens': 551175.0, 'mean_token_accuracy': 0.7900928277522326, 'epoch': 1.92}
[1A
[1A 96%|█████████▌| 240/250 [25:07<01:02,  6.27s/it]
[1A 96%|█████████▋| 241/250 [25:13<00:56,  6.33s/it]
[1A                                                 
{'loss': 0.1282, 'grad_norm': 0.18341097235679626, 'learning_rate': 4.000000000000001e-06, 'num_tokens': 553795.0, 'mean_token_accuracy': 0.9075066931545734, 'epoch': 1.93}
[1A
[1A 96%|█████████▋| 241/250 [25:13<00:56,  6.33s/it]
[1A 97%|█████████▋| 242/250 [25:19<00:50,  6.35s/it]
[1A                                                 
{'loss': 0.414, 'grad_norm': 0.43730267882347107, 'learning_rate': 3.6e-06, 'num_tokens': 555972.0, 'mean_token_accuracy': 0.7702323589473963, 'epoch': 1.94}
[1A
[1A 97%|█████████▋| 242/250 [25:19<00:50,  6.35s/it]
[1A 97%|█████████▋| 243/250 [25:26<00:44,  6.37s/it]                           
{'loss': 0.2368, 'grad_norm': 0.30313947796821594, 'learning_rate': 3.2000000000000003e-06, 'num_tokens': 558387.0, 'mean_token_accuracy': 0.8483059853315353, 'epoch': 1.94}
[1A
[1A 97%|█████████▋| 243/250 [25:26<00:44,  6.37s/it]
[1A 98%|█████████▊| 244/250 [25:33<00:39,  6.51s/it]
[1A                                                 
{'loss': 0.2599, 'grad_norm': 0.33557838201522827, 'learning_rate': 2.8000000000000003e-06, 'num_tokens': 560807.0, 'mean_token_accuracy': 0.84003971144557, 'epoch': 1.95}
[1A
[1A 98%|█████████▊| 244/250 [25:33<00:39,  6.51s/it]
[1A 98%|█████████▊| 245/250 [25:39<00:32,  6.49s/it]
[1A                                                 
{'loss': 0.2164, 'grad_norm': 0.28748178482055664, 'learning_rate': 2.4000000000000003e-06, 'num_tokens': 563255.0, 'mean_token_accuracy': 0.8361378945410252, 'epoch': 1.96}
[1A
[1A 98%|█████████▊| 245/250 [25:39<00:32,  6.49s/it]
[1A 98%|█████████▊| 246/250 [25:45<00:25,  6.45s/it]
[1A                                                 
{'loss': 0.359, 'grad_norm': 0.37420618534088135, 'learning_rate': 2.0000000000000003e-06, 'num_tokens': 565492.0, 'mean_token_accuracy': 0.7926597949117422, 'epoch': 1.97}
[1A
[1A 98%|█████████▊| 246/250 [25:45<00:25,  6.45s/it]
[1A 99%|█████████▉| 247/250 [25:52<00:19,  6.41s/it]
[1A                                                 
{'loss': 0.5387, 'grad_norm': 0.5431807637214661, 'learning_rate': 1.6000000000000001e-06, 'num_tokens': 567502.0, 'mean_token_accuracy': 0.7507747896015644, 'epoch': 1.98}
[1A
[1A 99%|█████████▉| 247/250 [25:52<00:19,  6.41s/it]
[1A 99%|█████████▉| 248/250 [25:58<00:12,  6.34s/it]
[1A                                                 
{'loss': 0.2116, 'grad_norm': 0.2738703191280365, 'learning_rate': 1.2000000000000002e-06, 'num_tokens': 570012.0, 'mean_token_accuracy': 0.8574530258774757, 'epoch': 1.98}
[1A
[1A 99%|█████████▉| 248/250 [25:58<00:12,  6.34s/it]
[1A100%|█████████▉| 249/250 [26:04<00:06,  6.24s/it]
[1A                                                 
{'loss': 0.3944, 'grad_norm': 0.3926994800567627, 'learning_rate': 8.000000000000001e-07, 'num_tokens': 572239.0, 'mean_token_accuracy': 0.7771929036825895, 'epoch': 1.99}
[1A
[1A100%|█████████▉| 249/250 [26:04<00:06,  6.24s/it]
[1A100%|██████████| 250/250 [26:10<00:00,  6.24s/it]
[1A                                                 
{'loss': 0.4021, 'grad_norm': 0.42890864610671997, 'learning_rate': 4.0000000000000003e-07, 'num_tokens': 574402.0, 'mean_token_accuracy': 0.7735412921756506, 'epoch': 2.0}
[1A
[1A100%|██████████| 250/250 [26:10<00:00,  6.24s/it]
[1A                                                 
{'train_runtime': 1570.7106, 'train_samples_per_second': 2.547, 'train_steps_per_second': 0.159, 'train_loss': 0.5812301294505596, 'epoch': 2.0}
[1A
[1A100%|██████████| 250/250 [26:10<00:00,  6.24s/it]
[1A100%|██████████| 250/250 [26:10<00:00,  6.28s/it]
saved adapter -> /adapters/s2_dup33x30_r2 | files=['README.md', 'adapter_config.json', 'adapter_model.safetensors', 'added_tokens.json', 'chat_template.jinja', 'merges.txt', 'special_tokens_map.json', 'tokenizer.json', 'tokenizer_config.json', 'vocab.json']

===== SFT done =====
  run_name     : s2_dup33x30_r2
  model_id     : Qwen/Qwen2.5-7B-Instruct
  n_examples   : 2000
  adapter_path : /adapters/s2_dup33x30_r2  (volume: ft-adapters)
  files        : ['README.md', 'adapter_config.json', 'adapter_model.safetensors', 'added_tokens.json', 'chat_template.jinja', 'merges.txt', 'special_tokens_map.json', 'tokenizer.json', 'tokenizer_config.json', 'vocab.json']
Stopping app - local entrypoint completed.
✓ App completed. View run at 
https://modal.com/apps/reichers-shai-c9-dmitry/main/ap-picmFwjMSx9RjYUkj5ibIx
