{
  "summary": "Theory(Fable) -> brainstorm -> rank: theory-driven FRA candidate generation for the 10h sprint",
  "agentCount": 10,
  "logs": [
    "Theory: 8 real-world contexts; 10 synthetic settings",
    "Brainstorm: 24 candidates from 8/8 lenses"
  ],
  "result": {
    "theory": {
      "mechanistic_theory": "WHAT FRA UNIQUELY COMPUTES. A head's pre-softmax score is a bilinear form on the residual stream: S^h[q,k] = (x_q W_Q^h)·(x_k W_K^h)/√d_h (row-vector convention; biases give pure row/column/constant terms). Substituting the SAE decomposition x_t = Σ_μ u^μ_t f_μ + e_t yields the EXACT partition S^h[q,k] = Σ_{μν} u^μ_q u^ν_k ω^h_{μν} + (feature×error) + (error×error) + bias terms, with ω^h_{μν} = (f_μ W_Q^h)·(f_ν W_K^h)/√d_h the weight-space pair coupling. Each (μ,ν) CELL is a multiplicative AND: its value is the product u^μ_q·u^ν_k, identically zero unless the query-content feature AND the key-content feature both fire (u ≥ 0 under ReLU/JumpReLU). This is the only exact additive decomposition in the attention pathway that lives in the JOINT (query-content × key-content) function space: the OV side (C^OV = A·u^λ·⟨f_λ W_OV, d⟩) is merely linear-given-pattern, and the post-softmax pattern admits no canonical decomposition (the denominator couples all cells across all keys — attribution needs the Jacobian ∂A_qk/∂s_qj = A_qk(1_{k=j}−A_qj), giving δT ≈ −u^μ_q u^ν_k ω_{μν}·g̃^h_{q,k} with the centered OV profile g̃^h_{q,j}=A^h_{qj}(g^h_j−ḡ^h_q); but the EDIT needs no linearization because it acts on s before the softmax). THE EDIT AND ITS EXPRESSIVE UNIQUENESS. The FRA edit subtracts c·u^μ_q u^ν_k ω^h_{μν} from ONE head's scores wherever the conjunction fires. With the SAE gates frozen it is exactly a support-gated rank-1 update of the head's bilinear form, ΔW^h_QK ∝ −c·ω_{μν}·e_μᵀe_ν restricted to {(q,k): u^μ_q>0 ∧ u^ν_k>0}; its only causal channel is that head's softmax → OV transport. A linear residual steer Δ (ActAdd/DoM/CAA/projection-removal), even gated by an ARBITRARY content gate g(x), is doubly weaker. (a) SCORE-SPACE EXPRESSIVITY: a gated query-side write changes scores by δs[q,k] = g(x_q)·(Δ W_Q^h)·(x_k W_K^h)ᵀ/√d, which varies over keys only through x_k's projection onto ONE fixed pullback direction v = Δ W_Q^h W_K^hᵀ. Cancelling a single cell requires ⟨x_k, v⟩ ∝ u^ν(x_k) for ALL k — impossible: u^ν is a thresholded nonlinearity of x_k, and even its linear part forces hitting the entire ν-ROW of the bilinear form plus every key cosine-close to v. A steer can imitate a row or a column of W_QK, never a cell; and (cycle-1 extension) FRA additionally supports SET ALGEBRA over cells — unions across heads/pairs and DIFFERENCES (differential cells = target-edge top-M minus sibling-edge top-M) — which no rank-constrained linear object in residual space can express at all. (b) RESIDUAL BROADCAST: the write Δ is deposited into the stream and read by EVERY consumer at the gated positions — all heads' Q, K AND V, the MLP, every later layer. Gating restricts WHERE the steer fires, never WHAT reads it. These two facts are the measured separability gap: at matched on-target removal a content-gated projection-removal steer strong enough to suppress the behavior destroys the content everywhere it legitimately appears (legit-content KL 1.77–2.64 nats), while the FRA cell-edit leaves it at ~0.000–0.0016 (≈1,000–26,000×), because legitimate occurrences fail the conjunction. THE MAGNITUDE LAW (validated in cycle 1): A ≈ reuse(marginal endpoint)/reuse(conjunction), with reuse measured ON THE EVAL/DEPLOYMENT SUPPORT, not naive corpus marginals (the s5 corpus-firing-rate operationalization is degenerate). Both extremes are now measured: A ~10³–10⁴× when the conjunction is unique (retrieval, acronym), and A→1.9× floor when a GENERIC endpoint makes the conjunction recur (shared-endpoint sibling test: a generic 'box-query' feature means (query × frog-value) recurs for the sibling, so FRA halves the sibling too). Corollary: selectivity is purchasable by differential cells (A 1.9→7.9× with sibling preserved) at a reach cost (on-target removal 58%→33%), because selectivity spends the score mass living in shared cells. NONLINEARITY LEDGER (what is exact where): RMSNorm is a frozen per-position SCALAR ×diag(γ) — it commutes into the activations u given the cached rms, so the score decomposition is exact on Gemma (edge-magnitude ratio 1.07 confirms). GPT-2 LayerNorm adds the fixed centering projector (I−11ᵀ/d); the ~50–75% edge-reconstruction shortfall is a LN-folding-convention artifact, not an FRA property; gold-standard hookpoint is ln1.hook_normalized but no public SAE suite ships it, and the grms check showed the hookpoint is not the limiter on RMSNorm models. RoPE is a per-position ROTATION applied AFTER projection: rotate each per-feature projected q/k vector, making the coupling relative-offset-indexed, ω^h_{μν}(q−k) = ((f_μ W_Q^h)R_q)·((f_ν W_K^h)R_k)ᵀ/√d (depends only on q−k by the block structure R_qR_kᵀ=R_{q−k}) — still exact per edge; the edit stays content-addressed with an offset-dependent coefficient. GPT-2's learned absolute positional embeddings enter simply as residual content (positional features → the CCF sink-mask handles them). Gemma's soft-cap s ↦ 50·tanh(s/50) is the ONE true nonlinearity between the bilinear sum and the softmax: cells are exact pre-cap, and an edit Δs reaches the pattern attenuated by tanh′(s/50) ≤ 1, so edits are compressed exactly on saturated edges. This — plus the SAE-unexplained score fraction (the error×· terms) and granularity×top-K fragmentation (1M-width SAEs split an edge across too many tiny cells for a fixed pair budget; 65k is the GemmaScope sweet spot) — is the complete account of FRA's suppression-reach ceiling. The ceiling bounds REACH, never separability: whatever FRA removes, it removes only on the conjunction's support. SUMMARY: FRA computes the exact joint query-content×key-content functional decomposition of attention selection, and hands you the corresponding cell-level (and cell-set-level) weight-edit whose causal support is a content conjunction — the missing middle between direction steers (marginal + broadcast) and position patches (specific but not content-addressed).",
      "bounds": {
        "win_checklist": [
          "1. EDGE-ROUTED (CCF-high): the behavior's proximate cause is pre-softmax score mass on identifiable attention edges, and that mass is dominated by non-sink content-feature × content-feature pairs after sink-masking (CCF reliable on gpt2; on gemma the current sink-mask over-kills late layers, so certify this clause behaviorally via LBNR). Kills positional/BOS edges (CCF=0.000) and output-direction behaviors with no score-space cause (weight-baked sleeper).",
          "2. LOAD-BEARING & NON-REDUNDANT (LBNR-R ≈ 1, measured BEHAVIORALLY with CAUSAL head-finding): cutting the identified feature-pair edge across ALL heads that carry it (heads ranked by causal edge-cut, never by raw attention — raw attention picks positional heads) removes the downstream behavior, and no backup circuit restores it. Kills IOI (R=−0.39, backups overcompensate), docstring (R=0.08), gemma knowledge-conflict (R=0.24).",
          "3. DIRECT CONSUMPTION: the behavior IS the edge's OV-transported content (the attended token's write into the output), not a downstream MLP computation that merely reads the attended info — so LBNR must be evaluated on the behavioral metric, not on attention or an intermediate. Kills greater-than (the > is MLP-computed; edge-cut dents behavior only 0.98→0.87).",
          "4. CONJUNCTION-SPECIFIC ON THE EVAL DISTRIBUTION (sharpened by cycle 1): at least one endpoint feature legitimately recurs in deployment (so every direction/content-gated steer pays collateral), while the specific conjunction does NOT recur legitimately — which requires the discriminating endpoint (usually the QUERY) to be TARGET-SPECIFIC, not a generic role feature; reuse must be measured on the eval-distribution support, not naive corpus firing rates (the s5 failure). If siblings share the value endpoint, differential cells (target-edge minus sibling-edge) must retain enough non-shared score mass to act on. Kills rare-dedicated-token triggers (a direction is already surgical, A→1) and generic-role-query setups (sibling A=1.9×).",
          "5. REACH (the only item bounding removal completeness rather than the win/lose verdict): the SAE-explained fraction of the edge score × head coverage × top-K pair budget — with granularity matched to K (65k GemmaScope sweet spot; 1M fragments at fixed K) — × soft-cap headroom tanh′(s/50) must clear the softmax margin on every carrying head at faithful scale c≈1–2, so a matched-removal operating point exists at which the separability comparison is defined."
        ],
        "underlying_reason": "The whole checklist is one separability statement. The behavior's minimal sufficient cause must be a SEPARABLE PRODUCT TERM u^μ_q·u^ν_k inside one (or an enumerable few) heads' score functions, whose support is disjoint from legitimate use of its endpoints ON THE EVAL DISTRIBUTION. When it is: (i) the FRA edit's support is exactly the conjunction's support and its only causal channel is those heads' softmaxes, so its collateral scales with reuse(conjunction|eval) — ~0 when the pairing is the targeted/malicious thing; (ii) ANY linear residual steer, however gated, must either suppress a marginal endpoint — its score effect is confined to a row/column of the bilinear form (one fixed pullback direction over keys) — or write into the residual stream where all heads' Q/K/V, the MLP, and every later layer read it; so its collateral scales with reuse(marginal|eval) × (number of residual readers). The win ratio at matched removal is therefore A ≈ reuse(marginal|eval)/reuse(conjunction|eval) — now VALIDATED at both extremes: ~10³–10⁴× when the conjunction is unique (retrieval 1100×, acronym 26000×) and a ~1.9× floor when a generic endpoint makes the conjunction recur (shared-endpoint sibling test), with differential cells buying specificity back (7.9×) at a quantified reach cost (58%→33%). CCF certifies the cause lives in score space; LBNR certifies the conjunction is the unique carrier; direct-consumption certifies the product term's output IS the behavior; conjunction-specificity certifies the ratio's denominator is small and numerator large; reach certifies the basis can express enough of the term to act on. Each failure mode is the negation of exactly one factor.",
        "failure_modes": [
          "OUTPUT-DIRECTION ROUTING (weight-baked sleeper, emergent misalignment): the payload is written through OV/unembedding as a residual DIRECTION with near-zero legitimate reuse; there is no score-space cause to edit, and DoM/SVD on the marginal direction is already surgical — no bilinear gap exists (negates edge-routing + the reuse gap).",
          "REDUNDANT / SELF-REPAIRING CIRCUITS (IOI name-movers R=−0.39 with backup attention 0.34→0.69; docstring R=0.08): cutting the edge triggers backup heads that restore — or overshoot — the behavior; the conjunction is not the unique carrier, so the edit is precise but behaviorally inert (negates LBNR).",
          "DISTRIBUTED / DIRECTION-ROUTED IN-CONTEXT BEHAVIOR (many-shot jailbreak; binding R=−0.89; gemma knowledge-conflict R=0.24): the behavior rides a distributed ICL task-direction across many weak edges, not a separable pair; worse, the injected behavior can be representationally identical to a legitimate one ('jailbroken enthusiasm' = 'genuine enthusiasm'), so NO method removes it cleanly — there is no separable link to cut (negates edge-routing + LBNR).",
          "DOWNSTREAM NONLINEAR CONSUMPTION (greater-than): the QK edge is real and content-conjunctive, but an MLP computes the behavior from the attended information; cutting the edge controls the attending, not the computation (negates direct consumption).",
          "CONJUNCTION RECURRENCE — collision or generic endpoint (acronym 'Unit' duplicate; shared-endpoint sibling A=1.9×): the target conjunction's support overlaps legitimate instances of the SAME pair, either literally or because an endpoint is a generic role feature ('box-query'), so FRA's content-addressing correctly fires on them too — collateral by design, A collapses toward reuse(marginal)/reuse(conjunction) ≈ 1. Partial rescue: differential cells restore target-specificity (1.9→7.9×) at reach cost (negates conjunction-specificity).",
          "REACH CEILING (Gemma removal 1/4→3/4 backdoors at 16k→65k; 1M-width regression at fixed K; GPT-2 LN-centering 50–75% reconstruction; soft-cap compression tanh′(s/50) on saturated edges): the SAE basis is too coarse, too fine for the pair budget, folding drops centering, or the cap eats the edit — FRA cannot hit the matched-removal operating point, so the win is capped or undefined even though separability holds for what it can remove (negates reach).",
          "POSITIONAL / SINK EDGE (BOS: raw attention 0.98 but CCF=0.000; lost-in-the-middle): the edge is selected by position, not content; a position-patch is the correct tool and content-addressing adds nothing (negates the content clause of edge-routing)."
        ]
      },
      "synthetic_settings": [
        {
          "name": "Induction cue-suppression (gpt2-small) — expressivity anchor",
          "why_clean": "One known bilinear gate — (query=X) × (key=token-after-previous-X) — with no semantics, no MLP involvement, and enumerable head redundancy (hit all 5 heads); support-not-rigged and faithful-scale (c≈2) checks already passed.",
          "what_bound_it_tests": "Pure-conjunction expressivity: a rank-1 cell edit suppresses an association with near-zero off-conjunction support (15× vs the strongest gated linear steer; 235× locality).",
          "is_new": false
        },
        {
          "name": "In-context trigger→payload backdoor (gpt2 + gemma) — reuse-flip anchor",
          "why_clean": "Trigger and payload are NORMAL tokens planted in the prompt, so marginal-reuse is high by construction while conjunction-reuse is zero; identical task to the weight-baked sleeper FRA lost, so the ranking flip (FRA 0.07 nats vs DoM 1.83 / conv-SAE 6.06) isolates WHERE the association lives as the only variable.",
          "what_bound_it_tests": "The marginal≫conjunction reuse bound, against the exact baselines that win the direction-routed case.",
          "is_new": false
        },
        {
          "name": "Two-needle key-value retrieval (gemma-2-2b) — corrected-headline separability anchor",
          "why_clean": "RMSNorm makes the FRA correction exact (edge ratio 1.07), removing the reconstruction confound; random off-edge null is clean; the ~1100× legit-content-KL win vs the content-gated projection-removal steer is the program's decisive fair-baseline result.",
          "what_bound_it_tests": "The decisive separability claim itself (legit-content KL at matched removal vs the strongest fair baseline) under exact normalization.",
          "is_new": false
        },
        {
          "name": "Shared-endpoint sibling test + differential-cell rescue (gemma, shared_endpoint_t2) — the conjunction-recurrence floor",
          "why_clean": "Two boxes hold the same value; the generic 'box-query' feature makes the conjunction recur for the sibling — the ONLY moving variable vs the 2-needle win is endpoint genericity. Measured: A=1.9× full-pair, 7.9× with differential cells at 58%→33% reach.",
          "what_bound_it_tests": "The magnitude law A ≈ reuse(marginal)/reuse(conjunction) at its degenerate floor, and the selectivity-costs-reach trade-off of differential cells.",
          "is_new": false
        },
        {
          "name": "Query-specificity dial",
          "why_clean": "Parametrically morph the query endpoint from target-specific to generic role: K key-value boxes whose retrieval cue ranges from unique-per-box ('the red box', distinct lexical cues) to fully shared ('the box', position-only disambiguation), everything else fixed — conjunction recurrence n/K is the single knob, measured directly as FRA-mass overlap between target and sibling edges.",
          "what_bound_it_tests": "Turns the validated two-point magnitude law into a CURVE: A(n/K) should fall from the retrieval-win regime (~10³) to the sibling floor (~2) as the discriminating query feature delocalizes; also locates the crossover where differential cells stop helping (no non-shared mass left). This is the cycle-2 lesson (query content must be the discriminator) as a quantitative prediction.",
          "is_new": true
        },
        {
          "name": "Differential-cell reach–selectivity frontier",
          "why_clean": "Fixed sibling setup; sweep the differential-cell budget M and scale c, mapping the (on-target removal, sibling collateral) Pareto. Both axes are exact behavioral quantities; the cell decomposition gives a parameter-free prediction for each point (removal ∝ score mass of selected cells; sibling collateral ∝ mass of selected cells that also live on the sibling edge).",
          "what_bound_it_tests": "The corollary that selectivity is set-algebra over cells purchasable at reach cost — and whether the collateral floor equals the cell-support overlap, which would make 'how selective can FRA be made' computable in advance from one forward pass.",
          "is_new": true
        },
        {
          "name": "Redundancy dial (synthetic backup circuit)",
          "why_clean": "Carry one planted association over R parallel routes (duplicate demonstrations at different offsets so distinct induction edges/layers each suffice); LBNR-R degrades continuously and controllably, unlike natural backups (IOI) which are all-or-nothing.",
          "what_bound_it_tests": "LBNR as a threshold: at what redundancy does edge-cut R fall below the win boundary — and does cutting the UNION of conjunctions (FRA can address all R cells at once; a position-patch cannot) restore the win? Distinguishes 'the EDGE is unique' from 'the CONJUNCTION is unique'.",
          "is_new": true
        },
        {
          "name": "MLP-interposition probe",
          "why_clean": "Plant an in-context association whose payload is not the attended token but a fixed downstream FUNCTION of it (attend to a digit, emit its successor via known successor circuitry): the QK edge is identical to the winning backdoor case; only consumption changes.",
          "what_bound_it_tests": "The direct-consumption bound as a controlled dissociation: FRA should cut attendance fully while behavioral removal degrades exactly with how much the MLP re-derives the answer from residual leftovers — the greater-than failure mode, isolated.",
          "is_new": true
        },
        {
          "name": "Soft-cap saturation stress (gemma) with uncapped gpt2 contrast arm",
          "why_clean": "Same planted edge at controlled baseline score margins (push pre-cap scores into and out of the 50·tanh(s/50) regime by stacking demonstrations); tanh′(s/50) gives a parameter-free attenuation prediction; gpt2 (no cap) is the control.",
          "what_bound_it_tests": "The soft-cap clause of the reach bound: edit-effectiveness on the pattern should track tanh′(s/50), confirming the cap (not the SAE) as Gemma's marginal reach limiter on saturated edges — and that separability is unchanged at every attainable operating point.",
          "is_new": true
        },
        {
          "name": "Full MQAR row×column grid (multi-query associative recall, Arora et al. 2023 style)",
          "why_clean": "Key→value context where the SAME value appears under two keys AND the same key-type queries multiple values: deleting one association forces a steer to damage an entire ROW AND COLUMN of in-use associations within a single prompt — the maximal-stress separability setting, on an established ICL-literature benchmark, requiring differential cells in BOTH directions.",
          "what_bound_it_tests": "The underlying separability reason in its purest form (cell vs row/column expressivity), and whether two-sided differential-cell selection composes — the strongest synthetic demonstration available that the bilinear structure, not content-addressing, is load-bearing.",
          "is_new": true
        }
      ],
      "realworld_contexts": [
        {
          "context": "In-context PII regurgitation: the model completes 'Alice's phone number is ___' by retrieving the number planted earlier in the context. Cut the (entity-attribute query × PII-value key) retrieval edge so extraction fails while digit-strings, emails, and the retrieval machinery stay intact — including the AUTHORIZED lookup of Bob's number in the same prompt.",
          "mechanism": "Near-isomorphic to the confirmed gemma 2-needle retrieval win, in deployment clothing: the completion is carried by retrieval/induction-head attention from an ENTITY-SPECIFIC query ('Alice' + 'phone number' attribute features at the emission slot) to the value key. The query content is the discriminator — exactly the cycle-2 lesson — so the conjunction (this entity-attribute × this value) has ~zero legitimate recurrence while both marginals (digit-strings, the entity name) are common. Multi-entity records are the sibling test in the wild: apply differential cells (Alice-edge minus Bob-edge) and report sibling preservation as a headline metric.",
          "why_linear_steer_fails": "Projection-removal of the digit/PII-value direction corrupts numerals everywhere — dates, arithmetic, quantities, and the authorized Bob lookup — and the gated write is still read by every head/MLP at those positions; in score space it can only hit the whole value ROW, so at matched extraction-removal it cannot spare the sibling lookup. FRA's cell edit fails the conjunction on every legitimate occurrence.",
          "model_benchmark": "gemma-2-2b + ProPILE/DecodingTrust-style in-context PII extraction probes rebuilt in the proven 2-needle harness format; GemmaScope res 65k at the confirmed retrieval layers; LBNR via causal edge-cut head-finding; Tier-2 = legit-content KL vs projection-removal steer at matched extraction removal. (Cycle-1 shortlist #1, score 88, still unscreened.)",
          "predicted_CCF": "high",
          "predicted_LBNR": "pass",
          "importance": "high"
        },
        {
          "context": "Occupational gender-pronoun stereotype: surgically remove the occupation→stereotyped-pronoun coreference edge ('The nurse said that ___' → 'she') while preserving gender information for legitimate use (named antecedents, explicitly gendered subjects, factual gender).",
          "mechanism": "Pronoun emission is driven by attention from the pronoun-slot query (about-to-emit-coreferent-pronoun features) back to the occupation key whose content carries stereotyped-gender features. The STEREOTYPE is the pair; each endpoint alone (gender features, occupation tokens) is common, legitimate content — a textbook separable conjunction where the marginal/conjunction reuse gap is huge.",
          "why_linear_steer_fails": "The field's deployed debias method IS our content-gated linear steer: INLP/Bolukbasi-style projection-removal of the gender subspace. It deletes a marginal direction, degrading gender everywhere it is legitimately needed (names, explicit antecedents, 'the king…he'), and writes into every residual reader. Beating it on legit-gendered KL at matched stereotype-gap removal is the decisive comparison run against the literature's own baseline — the most publication-shaped version of the separability result available.",
          "model_benchmark": "gpt2-small + Vig et al. 2020 professions / WinoBias prompt set (the causal-mediation gender-bias benchmark, run on gpt2-small in the original paper); gpt2-small-res-jb SAEs at candidate late layers (~L9–L11), heads found by causal edge-cut. Metrics: stereotype-pronoun probability gap on-target vs KL on legitimately-gendered held-out text vs gender-direction projection at matched removal.",
          "predicted_CCF": "high",
          "predicted_LBNR": "uncertain",
          "importance": "high"
        },
        {
          "context": "Poisoned-context retrieval (RAG-style indirect prompt injection), REWORKED for elicitation: the model answers a question from a poisoned passage in its context; cut the question→poison-answer retrieval edge while preserving the poison string's ordinary meaning and the legitimate passages' edges.",
          "mechanism": "Deployment-shaped generalization of the confirmed in-context-backdoor and retrieval wins: answering-from-context is carried by (question-content query × answer-content key) on the same retrieval heads as the 2-needle win. Cycle-1 already showed the edge IS load-bearing (R=+0.88); the screen failure was pure elicitation (gemma-base P(answer)=0.027). Rework: embed the poison in the proven needle-QA format / few-shot QA scaffold to raise the base poisoned-answer rate ≥0.2 BEFORE screening — a harness fix, not a theory risk.",
          "why_linear_steer_fails": "Suppressing the poison-answer content direction kills the same string wherever it is the CORRECT answer (another passage, another question, held-out text) and perturbs every residual reader; a position-patch fails when the poison moves. Only the (this-question × this-answer) cell isolates the injected link — the program's flagship threat-model story (prompt injection / context poisoning).",
          "model_benchmark": "gemma-2-2b base + a NIAH-with-distractor / PoisonedRAG-style probe (Zou et al. 2024 attack format) rebuilt in the working 2-needle harness; GemmaScope res 65k. Guard: confirm base rate before Tier-2; gemma CCF measurement unreliable (sink-mask) → certify edge-routing via LBNR.",
          "predicted_CCF": "high",
          "predicted_LBNR": "pass",
          "importance": "high"
        },
        {
          "context": "In-context-learning backdoor with a semantic trigger (Kandpal et al. 2023-style): a trigger phrase planted in poisoned few-shot demonstrations flips the label the model copies for triggered test inputs; cut the (triggered-test-input query × poisoned-label key) edge so triggered inputs classify normally while untriggered few-shot classification is untouched.",
          "mechanism": "Label emission at the final position attends back to the demonstrations whose input content matches the test input; with a planted trigger the match IS the trigger feature — a TARGET-SPECIFIC query content (the trigger phrase) × common value (label tokens), satisfying the cycle-2 query-discriminator requirement. The conjunction is the backdoor; both marginals are legitimate. The known risk is the many-shot lesson: as shot count grows the mapping migrates into a distributed task-direction — so stratify by #poisoned shots (1–10) to find the edge→direction crossover; theory-relevant either way.",
          "why_linear_steer_fails": "Removing the trigger-phrase direction breaks the phrase's legitimate uses and is read by all consumers; removing the label direction destroys classification everywhere; a DoM 'backdoor-active' vector is exactly what won the weight-baked sleeper and should LOSE here while the association is still edge-routed (low-shot regime) — reproducing the ranking flip on an established attack benchmark.",
          "model_benchmark": "gemma-2-2b base, few-shot SST-2/AG-News with Kandpal-style poisoned demonstrations; GemmaScope res 65k; induction/retrieval heads found by causal edge-cut; Tier-2 = legit-content KL (trigger phrase and label words in normal text) vs projection-removal steer at matched trigger-ASR removal.",
          "predicted_CCF": "high",
          "predicted_LBNR": "uncertain",
          "importance": "high"
        },
        {
          "context": "Corpus-level selective copy-suppression release (L10H7): disable copy-suppression for ONE target token across natural OpenWebText, leaving every other token's suppression intact — upgrading the existing single-prompt s3 win to an external-validity claim on the head's own published eval distribution.",
          "mechanism": "L10H7's QK is a per-token FAMILY of separable cells: (about-to-predict-X query) × (X-appeared-earlier key). The query content is target-specific by construction (one X), so the conjunction never recurs for other tokens; measured CCF 0.98 and LBNR R=+0.95 already in hand — what's missing is only the corpus-level distribution of the effect.",
          "why_linear_steer_fails": "Head-ablation releases suppression for EVERY token the head touches (measured collateral 0.503 vs FRA 0.022); a token-direction projection corrupts X everywhere X appears, including its non-copy uses. On a natural corpus the marginal reuse of any common token is enormous, so the magnitude law predicts the largest A values of the program here.",
          "model_benchmark": "gpt2-small L10H7 + the copy-suppression paper's OWT-derived evaluation set (McDougall et al. 2023); gpt2-small-res-jb SAEs. Metrics: per-token release on-target, corpus KL elsewhere, vs head-ablation and token-direction projection at matched release. (Cycle-1 shortlist #2, score 84.)",
          "predicted_CCF": "high",
          "predicted_LBNR": "pass",
          "importance": "medium"
        },
        {
          "context": "Repetition-loop degeneration: break greedy-decoding repetition loops by cutting the model's self-copy induction edge for the looping phrase, instead of penalizing the repeated tokens globally.",
          "mechanism": "A loop is the induction conjunction applied to the model's own output: (query = current token inside the loop phrase) × (key = token-after-previous-occurrence). The query content is phrase-specific per loop instance, and the endpoints are legitimate (entities and terminology legitimately repeat), so the conjunction-vs-marginal gap is real. Caveat: gpt2 induction is redundant across ≥5 heads (cut all), and loops may have a non-induction attractor component — LBNR is the honest open question.",
          "why_linear_steer_fails": "The DEPLOYED fix — repetition/frequency penalty — is literally a content-gated steer on the repeated tokens' logits: it damages legitimate reuse (named entities, technical terms, quoted phrases) globally. Beating the deployed mitigation at matched loop-break rate on its own benchmark is a self-contained applied story.",
          "model_benchmark": "gpt2-small + Holtzman et al. 2020 degeneration setup (greedy WikiText/WebText continuations; rep-n / distinct-n / loop-break rate); gpt2-small-res-jb SAEs at the L5–L7 induction layers; compare vs frequency penalty and DoM at matched loop suppression, collateral = KL on non-looping held-out text.",
          "predicted_CCF": "high",
          "predicted_LBNR": "uncertain",
          "importance": "medium"
        },
        {
          "context": "Context-faithfulness knob on gpt2-small ONLY: cut (or boost) the edge by which an in-context counterfactual ('The capital of France is Rome. The capital of France is') overrides the parametric fact, without corrupting the counterfactual entity itself. The gemma variant is already screened out (R=0.24, distributed) — this is a deliberately model-specific bet.",
          "mechanism": "Ortu et al. 2024 (Competition of Mechanisms, ACL — gpt2-small primary) show the in-context answer wins via attention from the final-position attribute-seeking query to the counterfactual attribute key, and that SCALING the attention of a couple of identified late heads causally flips factual vs counterfactual output — published, model-specific causal evidence that the edge is load-bearing on gpt2 even though it is distributed on gemma. CCF is reliable on gpt2 (no dominant sink features).",
          "why_linear_steer_fails": "Projecting out the counterfactual entity's content direction ('Rome') corrupts that entity everywhere — legitimate mentions, other facts about it — and is read by all residual consumers; the cell edit cuts only (this question × this counterfactual), leaving the entity intact, and can be SIGN-FLIPPED to boost context-faithfulness, a knob no ablation baseline offers.",
          "model_benchmark": "gpt2-small + the Ortu et al. CounterFact-derived knowledge-conflict set (released with the paper); gpt2-small-res-jb SAEs; screen first with causal edge-cut at their identified heads. Metrics: P(counterfactual) vs P(fact) on-target; KL on held-out legit uses of the counterfactual entity vs content-gated projection at matched removal.",
          "predicted_CCF": "high",
          "predicted_LBNR": "uncertain",
          "importance": "medium"
        },
        {
          "context": "Subject-verb agreement under attractors: causally repair (or induce) agreement-attraction errors by reweighting the verb-slot→subject vs verb-slot→attractor keys — a boundary probe of the direct-consumption bound in the wild, run cheap and screened hard.",
          "mechanism": "Agreement at the verb position is mediated by attention from the verb-slot query (about-to-emit-verb syntactic features) to the subject's number-marked key, with the attractor noun as a competing key (Finlayson et al. 2021 causal mediation on GPT-2) — a genuine content×content competition between two keys for one query, which FRA can reweight cell-by-cell (suppress attractor cell, boost subject cell). Known risk and the reason this is a probe: the verb morphology may be MLP-computed downstream of the attended number (the greater-than failure mode), and number is famously also a residual direction.",
          "why_linear_steer_fails": "Steering the number direction (boost plural / suppress singular) changes number everywhere — every noun, the verb morphology itself, downstream pronouns; it cannot express 'prefer THIS key over THAT key for THIS query', which is intrinsically a two-cell score edit.",
          "model_benchmark": "gpt2-small + Marvin & Linzen / BLiMP agreement-across-attractor subsets (the benchmarks Finlayson used); gpt2-small-res-jb SAEs. Screen LBNR on the behavioral metric (agreement accuracy) FIRST — if edge-cut barely moves accuracy, this becomes the natural-task confirmation of the MLP-interposition synthetic and is reported as such.",
          "predicted_CCF": "high",
          "predicted_LBNR": "uncertain",
          "importance": "low"
        }
      ]
    },
    "n_candidates": 24,
    "ranked": {
      "ranked": [
        {
          "rank": 1,
          "behavior": "Corpus-level SELECTIVE copy-suppression release: disable L10H7's negative-copy of ONE target token X across natural OpenWebText (cut the predict-X x earlier-X cell on the negative-head UNION {L10H7, L11H10, L8H10}), leaving every other token's suppression intact. Upgrades the confirmed single-prompt s3 win to an external-validity claim on the head's own published eval distribution.",
          "paper": "McDougall et al. 2023/2024, 'Copy Suppression: Comprehensively Understanding an Attention Head' (BlackboxNLP); L10H7 explains 76.9% of its OWT effect; L11H10 secondary; L8H10 noticeable.",
          "benchmark": "gpt2-small + the copy-suppression paper's OWT-derived per-token eval set; gpt2-small-res-jb SAEs at L10.hook_resid_pre. Per-token release on-target vs corpus KL elsewhere, vs head-ablation and X-unembedding projection-removal at matched release.",
          "score": 89,
          "predicted_verdict": "win",
          "attention_edge": "(query = about-to-predict-X, via unembedding/logit-lens at END) x (key = earlier-X content). Target-specific on the QUERY side (which token is being predicted) — satisfies the cycle-2 query-discriminator requirement. CCF 0.98, single-prompt LBNR R=+0.95 already measured.",
          "probe": "(1) Causal negative-head set: rank all heads by edge-cut-RAISES-logit(X) on a corpus sample; confirm {L10H7,L11H10,L8H10} dominate, find the tail (s2-style, coded). (2) FRA = ablate (predict-X x earlier-X) cells on the UNION of negative heads; sweep ~10 target tokens across frequency deciles. METRICS: on-target = mean rise in logit(X) toward all-negative-heads-ablated oracle; collateral = corpus KL at positions where X is NOT copy-suppressed; A at MATCHED release vs X-unembedding projection-removal. LBNR GATE FIRST on a ~100-token pilot: if union-cut doesn't clear suppression (backup tail holds it), downgrade.",
          "feasibility": "HIGHEST. Exact model/SAE/head of the confirmed s3 win (jobs/s3_copysupp_tier2.py already runs L10H7 cell-ablation). Only new code = the negative-head union cut + the paper's OWT per-token eval loop. CCF reliable on gpt2 (no sink/soft-cap). ~1 GPU-day.",
          "why_linear_steer_fails": "On natural text X's MARGINAL reuse is enormous (input content, context for other predictions, legit copy) while the (predict-X AND earlier-X) CONJUNCTION is X-specific, so the magnitude law A~reuse(marg)/reuse(conj) predicts the program's LARGEST A here. Head-ablation releases suppression for EVERY token L10H7 touches (measured 0.503 vs FRA 0.022 single-prompt); an X-direction projection corrupts X everywhere and the gated write is read by every consumer. In score space a steer hits the whole X-row of the bilinear form, never the single (predict-X x earlier-X) cell.",
          "why_ranked": "The only rank-1 item where BOTH gates are already MEASURED (CCF 0.98, LBNR R=+0.95) on the exact infra — the corpus extension is a near-pure external-validity upgrade of a confirmed win, lowest scientific risk. Direct-consumption guaranteed (L10H7 OV writes the negative unembedding; no MLP). The one honest open question (does the negative-head UNION fully clear suppression at corpus scale, or does a weak anti-induction tail hold residual — McDougall document L11H10 backup) is cheaply gated on a 100-token pilot before any Tier-2 spend. FRA can address the union of cells across 3 heads where a position-patch cannot — exactly the set-algebra advantage the theory claims."
        },
        {
          "rank": 2,
          "behavior": "In-context PII regurgitation with sibling preservation: model completes 'Alice's phone number is ___' from a multi-entity record; cut the (Alice-attribute query x number-value key) retrieval edge so Alice's number cannot be extracted while Bob's authorized lookup in the SAME prompt and digit-strings everywhere stay intact.",
          "paper": "ProPILE (Kim et al. NeurIPS 2023) / DecodingTrust privacy (Wang et al. 2023); mechanism anchor = the confirmed gemma 2-needle retrieval win (~1100x, jobs/r2_fra_retrieval.py + retrieval_steer3).",
          "benchmark": "ProPILE/DecodingTrust-style record templates rebuilt in the proven 2-needle harness on gemma-2-2b base; GemmaScope res 65k; LBNR via causal edge-cut; Tier-2 = legit-digit KL + Bob-extraction preservation vs projection-removal of the value direction at matched extraction removal.",
          "score": 86,
          "predicted_verdict": "win",
          "attention_edge": "Emission-slot query (entity 'Alice' + 'phone number' attribute features) x value-key (first-token digit-string at the planted record), on retrieval heads found per-prompt by CAUSAL edge-cut. The entity feature on the QUERY side is the discriminator vs Bob's edge — the target-specific query the cycle-2 lesson requires.",
          "probe": "(1) Elicitation gate: base P(first value token) >= 0.2 on the record-format prompt (vary number formats; single-token first chunk preferred) — gate BEFORE Tier-2. (2) Screen: LBNR-R via causal edge-cut across top-5 heads on the Alice edge. (3) Tier-2 at matched extraction removal: legit-content KL on held-out digit text (dates/prices) AND Bob-extraction preservation, FRA cell-edit (differential cells if sibling edge-mass overlap >30%) vs projection-removal of value direction vs position-patch. Win = FRA legit-KL ~0 and Bob preserved where the steer pays >>0.",
          "feasibility": "HIGH. gemma-2-2b + GemmaScope 65k; runs end-to-end in the existing g_screen + retrieval_steer3 + shared_endpoint_diff harness on one GPU; new code = prompt template + multi-step decode metric. Decisive projection-removal steer already built (fp16-safe).",
          "why_linear_steer_fails": "The reused content is DIGITS — among the most reused content in any corpus. A projection-removal steer on the value/digit direction strong enough to block extraction corrupts digit-strings everywhere (dates, prices, arithmetic, and the authorized Bob lookup in the SAME prompt), because in score space it can only kill the whole value ROW and in residual space its write is read by every reader. The (Alice-attribute x this-number) conjunction has ~zero legit recurrence on the eval distribution. Within-prompt Bob is the cycle-1 sibling test in the wild; differential cells (Alice-edge minus Bob-edge) rescue if the attribute-query feature is generic.",
          "why_ranked": "Near-isomorphic to the strongest confirmed anchor (2-needle retrieval, R=+0.63 reconfirmed, legit-content KL 0.0016 vs steer 1.77 = ~1100x) but in deployment clothing with a HIGH-importance threat model (PII leakage) and a built-in sibling-preservation headline. Direct-consumption holds in the STRONGEST form: an arbitrary digit-string cannot be MLP-re-derived from residual leftovers (unlike greater-than), so cutting the retrieval edge removes the only source. The query is ENTITY-SPECIFIC, fixing the cycle-1 generic-box-query failure (A 1.9x floor). Only real risk is harness-shaped: gemma-base elicitation (gate at base P>=0.2) and multi-token numbers (metric = P(first value token) with cut active each decode step) — both mitigations are explicit. Slightly below copy-supp only because copy-supp's gates are already measured."
        },
        {
          "rank": 3,
          "behavior": "In-context NIAH entity-attribute retrieval with LEAVE-ONE-OUT transfer: a multi-fact haystack binds an ENTITY-SPECIFIC key to a value; FRA extracts the (entity-attribute query x value key) cell from ONE entity's fact on ONE haystack, then applies the SAME content-addressed cell to held-out haystacks at new depths and to sibling records. Win = that entity's retrieval suppressed across the held-out distribution while every authorized entity lookup survives.",
          "paper": "Wu et al. 2024 'Retrieval Head Mechanistically Explains Long-Context Factuality' (2404.15574); SSM-hybrid follow-up (2510.19861); harness = confirmed gemma 2-needle win (jobs/r2_fra_retrieval.py, RH=[(15,0),(18,6),(6,3),(21,5),(22,4)]).",
          "benchmark": "NIAH (Wu retrieval-score construction) rebuilt at gemma-2-2b context lengths in the working 2-needle harness; held-out = same needle at >=4 depths + 3 fresh haystacks/entity; multi-record sibling panel. GemmaScope 16k/65k.",
          "score": 83,
          "predicted_verdict": "win",
          "attention_edge": "query = entity-attribute features at the emission slot (SPECIFIC entity name + requested attribute); key = the value token content; on the sparse retrieval heads' QK. Discriminating endpoint is the QUERY (entity name), per the cycle-2 lesson.",
          "probe": "(1) LBNR: causal edge-cut head-finding -> confirm cliff-like failure (no backup) when the (entity-query x value-key) cell is cut across the set. (2) HEADLINE = leave-one-out transfer: extract cell on haystack_0, measure P(value) drop on 3 held-out haystacks x 4 depths (content-addressed, no re-extraction) vs a position-patch (fails when the needle moves). (3) Decisive separability = KL on (a) legit value-content sentences and (b) authorized sibling-entity lookups in the same prompt, at matched extraction removal, FRA vs projection-removal vs DeCoRe whole-head ablation. Expected: FRA ~1e-3, steer ~1.8 nats, head-ablation kills all siblings.",
          "feasibility": "HIGH. Directly reuses jobs/r2_fra_retrieval.py + retrieval_redteam.py; only the prompt builder (entity-specific keys + held-out depths + multi-record panel) and the leave-one-out loop are new. Decisive steer already built.",
          "why_linear_steer_fails": "The value (digit-string/attribute) is reused everywhere it legitimately appears: other records in the SAME prompt (authorized siblings), held-out facts, arithmetic. A projection-removal steer strong enough to suppress THIS entity's retrieval corrupts the value-content for every residual reader (measured legit KL 1.77 nats in the 2-needle case vs FRA 0.0016 ~ 1100x). The ENTITY-NAME query fixes the cycle-1 generic-box-query failure: the conjunction does NOT recur for sibling entities -> FRA collateral on authorized lookups ~0 while the steer's is full. DeCoRe whole-head ablation kills ALL needles.",
          "why_ranked": "Retrieval is the program's strongest confirmed win and Wu et al. establish retrieval heads are SPARSE, NON-REDUNDANT, with CLIFF-LIKE no-backup failure — the OPPOSITE of the IOI/docstring backups that killed LBNR. This is the best-supported LBNR-pass of the retrieval family. The leave-one-out transfer is the genuinely novel angle (content-addressing beats a position-patch across depths) and the entity-specific query makes separability clean. Ranks just below PII because it overlaps the same mechanism and PII has the sharper threat-model + within-prompt-sibling story; this one's distinctive contribution is the held-out-distribution transfer claim. Same gemma-base elicitation caveat applies (gate base rate)."
        },
        {
          "rank": 4,
          "behavior": "NOVEL — dual-use split on a single passage: block VERBATIM regurgitation of a unique in-context passage (prompt-extraction / canary-leakage: 'Repeat the text above') by cutting the passage's per-bigram induction cells, while preserving the model's ability to USE the same passage (in-context QA over it stays intact). Stress arm: two vocabulary-sharing passages, block leaking A only, B's copyability preserved via differential cells.",
          "paper": "Zhang & Ippolito 2023 'Effective Prompt Extraction' / 'Prompts Should Not Be Seen as Secrets' (OWASP-LLM threat); Carlini et al. 2019 secret-sharer canary uniqueness; induction heads (Olsson et al. 2022); cut validated in the fra_win induction anchor.",
          "benchmark": "Prompt-extraction attack in the proven fra_win in-context harness: planted canary-grade unique passage + repeat-attack prompt; preserved-use = QA over the same passage (gemma-2-2b arm) + held-out text containing the passage's tokens. Primary gpt2-small + gpt2-small-res-jb.",
          "score": 80,
          "predicted_verdict": "win",
          "attention_edge": "UNION over the carrying induction heads (enumerate by causal edge-cut, not the textbook ~5-head list) of per-bigram cells: (current-token=w_i query) x ('previous-token-was-w_i' key at w_{i+1}), for every bigram in the passage — cell SET-ALGEBRA over a phrase, the union object the theory proves no rank-constrained linear steer can express.",
          "probe": "Extraction rate = fraction of attacks yielding >=10-token verbatim continuation, before/after the bigram-cell-union cut, swept over c; preserved-use = (a) QA accuracy over the SAME passage in the SAME prompt (gemma arm), (b) KL on held-out text with the passage's tokens. Baselines at MATCHED extraction removal: repetition/frequency penalty on passage tokens (the deployed mitigation), gated projection-removal of passage content, induction-head ablation. Stress: two vocab-sharing passages, cut A minus B (differential), report B's copy fidelity + reach cost. Headline = (extraction blocked, QA preserved, B preserved) triple no baseline achieves.",
          "feasibility": "HIGH on gpt2 arm (existing fra_win induction harness runs as-is, ~1 GPU-day). QA-preservation arm needs gemma-2-2b base + GemmaScope (the 2-needle harness exists; gemma can do in-context QA, gpt2 cannot) and the gemma-base elicitation caveat applies.",
          "why_linear_steer_fails": "Purest separability case available: legit USE and malicious QUOTE share ALL content (same passage, tokens, positions) and differ only in WHICH EDGE consumes them (QA-retrieval edges with question-content queries vs induction-copy edges with current-token queries). No content gate can separate them — a gated steer at passage positions is read by the QA retrieval heads too, so collateral on comprehension is STRUCTURAL. Deployed mitigations (logit blocklist / repetition penalty) are content-gated steers that damage those tokens everywhere and cannot state 'may use, may not quote'.",
          "why_ranked": "The most novel and most publication-shaped of the in-context family: a capability ('block quoting, preserve using') no existing mitigation can even express, on a named OWASP threat. Canary-grade uniqueness rigorously excludes the greater-than (MLP-re-derivation) and weight-baked (no score-space cause) failure modes — the model CANNOT re-derive a random unique passage's next token. The fra_win induction anchor already passed behavioral LBNR for this exact edge family at faithful scale. Risks that hold it below the retrieval trio: union-completeness (must cover ALL bigram cells as copying re-anchors at new offsets — a coverage requirement, addressable by FRA's set-algebra but more engineering) and the gemma QA-preservation arm inherits gemma's elicitation + CCF-via-LBNR caveats. Strong but heavier than the confirmed-mechanism candidates above."
        },
        {
          "rank": 5,
          "behavior": "Delimiter/quote-type matching: at a closing-delimiter slot the model copies the TYPE of the matching opener (single vs double quote, ( vs [ vs {). FRA cuts the (close-slot query x opener-of-type-T key) cell on the matching head so type-matching fails for ONE target type, while every other delimiter's matching and the glyphs themselves stay intact.",
          "paper": "Gao et al. 2025 'Weight-sparse transformers have interpretable circuits' (arXiv:2511.13653): reverse-engineered the quote-matching circuit to an early-MLP quote-detector + a type-classifier neuron + exactly ONE later attention head with a single QK channel that attends to the opener and copies its type — verified necessary AND sufficient.",
          "benchmark": "Synthetic delimiter-balancing prompts in the 2-needle/planted-token harness (nested/mixed quotes/brackets, +/- distractor delimiter between opener and closer), matched-length minimal pairs measuring P(correct closing type) vs P(wrong type). gpt2-small + gpt2-small-res-jb. Cross-check vs the OpenAI released quote-task eval.",
          "score": 78,
          "predicted_verdict": "uncertain",
          "attention_edge": "query = 'closing-delimiter slot with pending unmatched type-T' x key = 'opening delimiter carrying type-T'. One head carries it per OpenAI's reverse-engineering; on dense gpt2-small it may be a small enumerable set of duplicate-token/induction-adjacent heads (near L3/L5-L6), found by causal edge-cut.",
          "probe": "Tier-1 CCF: fraction of close-slot->opener score mass on non-sink content×content (delimiter-type) pairs, expect high. Tier-1 LBNR: causal edge-cut of the type-T cell across edge-cut-ranked heads -> P(correct closing type) for type-T drops to chance while other types unchanged; confirm NO backup restoration (the IOI lesson). Tier-2 headline: legit-content KL on held-out text with legitimately-matched type-T delimiters AND a same-type sibling pair in-prompt, FRA vs type-direction projection-removal vs DoM, at matched on-target wrong-type rate. Predict sibling-pair preservation + 10^2-10^3x KL ratio.",
          "feasibility": "HIGH. gpt2-small + gpt2-small-res-jb (resid_pre), the exact harness used for the induction cue-suppression win (jobs/*.py). Quote/bracket prompts trivial to generate; carrier heads by causal edge-cut. CCF reliable on gpt2. OpenAI tools/eval public for cross-check.",
          "why_linear_steer_fails": "The delimiter-TYPE feature is reused at EVERY occurrence of that delimiter — the opener, every other matched pair, the closing glyph itself. A projection-removal/DoM steer on the 'double-quote-type' direction strong enough to break the target pair corrupts double-quotes everywhere (other balanced pairs in the same prompt, the opener glyph, held-out quoted text), and is read by the MLP that emits the glyph. In score space the steer hits the whole TYPE row/column, never the single (this-close-slot x this-opener) cell.",
          "why_ranked": "Strongest STRUCTURAL LBNR prior in the whole set: OpenAI proved the type-matching head NECESSARY AND SUFFICIENT (single carrier, no backup) AND direct-consumption holds by construction (OV literally copies the TYPE to the output — unlike SVA where morphology is MLP-derived). That is the cleanest possible CCF∧LBNR fit. Two reasons it sits at rank 5 not higher: (i) the single-head claim is from a weight-SPARSE model, so on dense gpt2-small the real risk is mild head-redundancy (2-3 co-carriers) — verdict marked UNCERTAIN pending the behavioral edge-cut confirming wrong-type rate -> chance with no backup; (ii) it is a fresh harness build (no banked result), unlike the retrieval/copy-supp anchors. If LBNR confirms on gpt2, this is a high-novelty clean win on a brand-new interpretability benchmark."
        },
        {
          "rank": 6,
          "behavior": "In-context counterfactual override of a parametric fact (knowledge-conflict, gpt2-small): 'Redefine: iPhone was developed by Google. iPhone was developed by ___' -> 'Google'. FRA cuts the (final-position attribute-seeking query x in-context counterfactual-object key) extraction edge to restore the factual answer, OR sign-flips it to strengthen context-faithfulness — a bidirectional knob — without corrupting the counterfactual entity elsewhere.",
          "paper": "Ortu et al. 2024 'Competition of Mechanisms' (ACL), gpt2-small primary; replicated Yang et al. 2025 (gpt2-small + Pythia-6.9B). NOTE: the gemma variant was already screened OUT in this campaign (R=0.24, distributed) — this is the deliberately gpt2-specific bet.",
          "benchmark": "CounterFact-derived knowledge-conflict set released with Ortu et al. (10K samples, single-token attributes, 'Redefine: <cf>. <prefix>___'); gpt2-small-res-jb SAEs at L8-L10.",
          "score": 64,
          "predicted_verdict": "uncertain",
          "attention_edge": "query = final-position relation-specific attribute-seeking features; key = the in-context counterfactual object token ('Google') at its planted position; on the counterfactual-promoting cluster L9H6/H9, L10H0/H10 (Ortu). Note: factual side carried by negative heads L10H7/L11H10 reading the same key — two head-families fighting over one key, the natural cell-edit object.",
          "probe": "Screen LBNR FIRST: causal edge-cut of (final-query x counterfactual-key) across the 4-head counterfactual-promoting cluster; require P(counterfactual)-P(fact) gap flip with R>=0.5 on the strong-elicitation domain subset (Yang: effects domain-dependent — stratify). Tier-2 at matched override-removal: legit-content KL on held-out legit uses of the counterfactual entity (and a second authorized in-context lookup of the same entity) vs entity-direction projection-removal. Headline A = legit-entity-KL(steer)/legit-entity-KL(FRA). Bonus: sign-flip arm (boost context-faithfulness), no baseline analog. PRE-REGISTER differential-cell rescue if the 'Tracing Facts or just Copies?' critique holds (generic copy-query -> shared-endpoint floor).",
          "feasibility": "HIGH to RUN. gpt2-small + gpt2-small-res-jb (L8-L10); CCF reliable on gpt2 (no gemma sink-mask); reuses the in-context-retrieval harness; cheap screen <1 GPU-day. Elicitation strong by construction (Ortu: counterfactual wins 96% on gpt2 — fixes the base-rate failure that killed the gemma twin and fact-recall).",
          "why_linear_steer_fails": "The counterfactual object ('Google') is a common legitimately-reused entity: projection-removal corrupts it everywhere it is the CORRECT answer and is read by every consumer. In score space a query-side steer hits the whole counterfactual-object ROW (one fixed pullback), so at matched override-removal it cannot spare a second legit lookup of the same entity. FRA cuts only (this-relation-query x this-counterfactual-key), and UNIQUELY supports the sign-flip (boost context-faithfulness) — a knob no projection-removal offers.",
          "why_ranked": "The strongest knowledge-conflict bet BECAUSE it is gpt2-specific: the gemma twin already FAILED this campaign's LBNR (R=0.24, distributed), so this candidate is the honest 'where does it still work' probe. Ortu's published evidence is strong (scaling 2 heads' attention flips factual recall 4%->50%) and elicitation is solved by construction (96%), fixing the exact base-rate trap that killed the gemma version. Held at rank 6 / UNCERTAIN by THREE skeptical strikes: redundancy across >=4 promoting heads + generic induction remainder; the competition is RELATIVE so uncut heads renormalize and partially restore (mild hydra); and the 'Tracing Facts or just Copies?' critique says the query may be a generic copy-role feature -> shared-endpoint floor (A~2, a separability failure, not just LBNR). Gate hard (R>=0.5 on the 4-head union) before any Tier-2; the sign-flip arm is genuinely unique FRA surface area even if suppression only partially lands."
        },
        {
          "rank": 7,
          "behavior": "Anti-induction release on RANDOM-repeated-token sequences: the negative head suppresses the induction continuation on '[random tokens][same random tokens]'. Selectively re-enable copy/induction of ONE target token by cutting the anti-induction edge, preserving anti-induction for all other repeated tokens — the semantics-free expressivity anchor for negative heads.",
          "paper": "McDougall et al. 2023 (copy-suppression = anti-induction on random tokens; L10H7 ranks #1 in NEGATIVE-induction score; behavior is task-independent); Olsson et al. 2022 induction methodology.",
          "benchmark": "gpt2-small + random-repeated-token induction harness (already coded in jobs/s2_lbnr.py: 20 random tokens repeated); gpt2-small-res-jb at L10. P(induction-continuation of target) on-target vs P(continuation) for OTHER repeated tokens, vs head-ablation and token-direction steer at matched release.",
          "score": 70,
          "predicted_verdict": "win",
          "attention_edge": "(query = position whose induction-prediction is X, via partial-prefix match) x (key = first occurrence of X), on the NEGATIVE-sign head (OV writes -X). Pure positional/random content -> no MLP semantic computation, no LN-folding confound; CCF clean (only token-identity features, captured well by gpt2 SAEs).",
          "probe": "(1) On random-repeated tokens, rank ALL heads by edge-cut that RAISES the induction-continuation logit (cumulative R vs head count -> is the negative-head set enumerable?). (2) FRA = ablate (predict-X x first-X) cells on the ranked negative-head union; target one repeated token. METRICS: on-target = rise in P(X-continuation) toward induction-head-only oracle; collateral = change in P(continuation) for OTHER repeated tokens (want ~0); A vs head-ablation and token-direction steer at MATCHED release; random-OFF-EDGE-pair null. LBNR gate: cumulative-R must clear suppression with a small head set.",
          "feasibility": "HIGHEST of the negative-head family. Harness already exists (jobs/s2_lbnr.py builds the random-repeated probe and ranks negative heads by edge-cut). Trivial extension to FRA cell-ablation + collateral. No new model, no MLP confound, no corpus.",
          "why_linear_steer_fails": "Every marginal endpoint (token-X identity; 'predicting-via-induction') recurs for EVERY repeated token in the sequence -> a token-X or 'induction-on' steer changes induction for all repeats, and the residual write is read by the POSITIVE induction heads too (over-copying X everywhere). FRA cuts only the single (predict-X x first-X) cell on the negative heads. Maximal marginal reuse, near-zero conjunction recurrence -> large separability gap by construction.",
          "why_ranked": "The cleanest LBNR test in the negative-head family: on random tokens there is NO semantic backup and NO MLP re-derivation, so the negative-head set is the ONLY suppressor — directly answering 'is the EDGE unique or the CONJUNCTION unique' (the redundancy-dial synthetic) on a real published head. Direct-consumption guaranteed. It scores below the corpus copy-supp (rank 1) because it is the semantics-free ANCHOR rather than a deployment story — lower importance/external-validity — and it partially DUPLICATES rank 1's mechanism (same negative heads). Genuinely useful as the expressivity control that licenses rank 1; the one open risk is whether the negative-induction motif is a distribution-wide smear (long weak tail) vs an enumerable set, resolved by the cumulative-R probe."
        },
        {
          "rank": 8,
          "behavior": "Multi-needle simultaneous retrieval (MQAR, Arora 2023 style): one haystack holds K records, the model answers ONE query while K-1 authorized lookups stay live. Same value-type or key-type recurs across records (a ROW and a COLUMN of in-use associations). FRA uses TWO-SIDED DIFFERENTIAL cells (target-edge minus row-sibling minus column-sibling) to suppress exactly one (query x value) pairing while preserving the rest.",
          "paper": "Arora et al. 2023 (MQAR / 'Zoology') scaffold; Wu et al. 2024 retrieval heads; DeCoRe (2410.18860) as the field's whole-head retrieval-head baseline.",
          "benchmark": "MQAR row×column grid (same value under two keys; same key-type queries two values) in the gemma box/fact harness; per-association P(value) on-target vs collateral on the row and column. gemma-2-2b + GemmaScope.",
          "score": 67,
          "predicted_verdict": "uncertain",
          "attention_edge": "query = the specific key/cue features of the targeted record; key = its value content; on retrieval heads. BOTH endpoints recur within one prompt (shared value = column, shared key-type = row), so only the CELL (this key x this value) is unique — pure cell-vs-row/column expressivity.",
          "probe": "Sweep differential-cell budget M and scale c, mapping the (on-target removal, row-collateral, column-collateral) Pareto. Parameter-free per-point prediction: removal ~ score-mass of selected cells; sibling collateral ~ mass of selected cells that also live on the sibling edge (one forward pass). Compare vs projection-removal steer and DeCoRe whole-head ablation at matched on-target removal. Win iff FRA holds both row and column siblings near base while both baselines collapse them.",
          "feasibility": "MEDIUM-HIGH. Reuses jobs/shared_endpoint_diff.py (differential-cell selection implemented) + the retrieval harness. New = the K-record MQAR grid builder and TWO-SIDED differential selection (row AND column subtraction). Heavier than the 2-needle wins but same primitives. gemma-base elicitation caveat applies.",
          "why_linear_steer_fails": "The cell-vs-row/column argument in its purest form: within ONE prompt the targeted value is the correct answer to another query (its COLUMN) and the targeted key-type retrieves another value (its ROW). A linear steer's score effect is confined to one row or column of the bilinear form, so suppressing the target necessarily damages an entire in-use row/column — it physically cannot express 'cut THIS key x THIS value but keep the sibling sharing the value AND the sibling sharing the key'. DeCoRe whole-head ablation is blunter (releases retrieval for EVERY record).",
          "why_ranked": "The maximal-stress separability setting and the strongest synthetic demonstration that the BILINEAR structure (not content-addressing) is load-bearing — exactly the underlying-reason claim in its purest form. Same sparse no-backup retrieval circuit as ranks 2-3, so LBNR inherits their strength. Marked UNCERTAIN and ranked below them because (i) the within-prompt generic key makes the conjunction RECUR (the A->1.9x floor) so the win is CONDITIONAL on two-sided differential cells retaining enough non-shared mass — the cycle-1 result showed differential cells buy specificity (1.9->7.9x) only at a reach cost (58%->33%), so both row and column siblings near base is not guaranteed; (ii) it's heavier engineering. High theory value, moderate win-probability — a good follow-on once a single-sided sibling win (PII/NIAH) is banked."
        },
        {
          "rank": 9,
          "behavior": "Parametric relational recall on a clean attention-concentrated relation (capital-of-country, gpt2): 'The capital of France is ___' -> 'Paris'. The attribute is genuinely TRANSPORTED from subject to final position by mover heads L9H8/L10H0. FRA cuts the (relation-query x subject-token key) extraction edge to suppress ONE target fact, leaving the subject's other uses and other facts intact.",
          "paper": "Geva et al. 2023 'Dissecting Recall of Factual Associations' (2304.14767): attribute rank 999.5 in subject rep -> top-1 after attention extraction; blocking last->subject attention drops the answer up to 60%. Lv et al. 2024 (2403.19521): movers L9H8/L10H0 concentrated, relation-specific.",
          "benchmark": "CounterFact/Geva relation-completion restricted to (a) facts gpt2-small KNOWS (model-correct subset — the elicitation fix) and (b) the clean capital-of-country relation with concentrated movers. gpt2-small-res-jb at L9-L10.",
          "score": 58,
          "predicted_verdict": "uncertain",
          "attention_edge": "query = final-position relation features ('capital-of', relation-specific per Lv); key = MLP-enriched subject-token content (the country) at the last-subject position; conjunction on movers L9H8/L10H0.",
          "probe": "LBNR screen: causal edge-cut of (relation-query x subject-key) across {L9H8,L10H0} then the full mover set found by edge-cut, on the model-correct capital-of-country subset; pass if union-cut drops P(answer) by >0.5 with no downstream restoration. Tier-2: legit-content KL = P-preservation of OTHER facts about the same subject (France's language, currency) AND legit 'Paris' uses, vs projection-removal on the answer-direction and subject-direction, at matched recall removal. Headline A = legit-other-fact-KL(steer)/legit-other-fact-KL(FRA). If union-cut fails to collapse recall -> report as the natural-task confirmation of the redundancy/self-repair failure mode.",
          "feasibility": "HIGH to run. gpt2-small + gpt2-small-res-jb (L9-L10), CCF reliable. Concentrated movers make causal head-finding tractable. THIS IS THE DECISIVE RETRY: fact-recall scored LBNR R=+0.86 in this campaign but died on gemma-base elicitation (base P=0.039) — the gpt2 model-correct subset fixes exactly that.",
          "why_linear_steer_fails": "Suppressing the answer ('Paris') direction corrupts 'Paris' everywhere it is legitimately the answer; suppressing the subject ('France') content destroys ALL other facts about France (language, currency, leader — all routed through the same enriched subject token), a row-of-the-bilinear-form steer cannot spare them. FRA cuts only the (capital-of x France) cell, leaving every other France-fact's edge (different relation-query x same key) untouched — one key, many legit query-conjunctions, only one cut.",
          "why_ranked": "The mechanism PASSED the hardest LBNR sub-test (attribute NOT pre-baked: rank 999.5 -> top-1; edge-cut drops answer up to 60%) and was already measured at R=+0.86 in THIS campaign — only elicitation killed it, and the gpt2 model-correct subset is the targeted fix. Held to UNCERTAIN / rank 9 by two real risks the theory flags: (i) SELF-REPAIR / redundancy — Geva report ~150-head diffusion + knowledge hubs and the hydra literature shows downstream attention partially restores after ablating a recall head, so cutting only L9H8/L10H0 may leave a 40% residual (mitigation: cut the mover UNION); (ii) the KEY is an MLP-ENRICHED composite, so the SAE may FRAGMENT it across many features (reach risk, granularity×top-K). Lower-rank than the in-context wins because parametric recall is the redundancy/MLP-key danger zone, but it's the highest-value retry of an already-load-bearing screen-out."
        },
        {
          "rank": 10,
          "behavior": "Multi-attribute selective fact suppression (same subject, different relations, gpt2): for a subject the model knows several single-token facts about (capital AND currency), suppress recall of ONE attribute while leaving the OTHER fully recallable — exploiting Geva's finding that different attributes are moved by different heads/edges.",
          "paper": "Geva et al. 2023 (2304.14767): different attributes moved by different heads (profession vs language by two heads); relation heads attend END->RELATION (relation-specific query). Combined with Lv et al. 2024 concentrated movers.",
          "benchmark": "CounterFact/Geva, restricted to subjects with >=2 model-correct single-token attributes under distinct concentrated relations (model-correct subset). gpt2-small-res-jb at L9-L10.",
          "score": 55,
          "predicted_verdict": "uncertain",
          "attention_edge": "Two competing conjunctions sharing the SAME key (subject token): (capital-of query x subject key) on the capital-mover vs (currency-of query x subject key) on the currency-mover. The query content (relation) is the discriminator. FRA cuts the capital cell only.",
          "probe": "Pre-screen: compute FRA-mass overlap between the capital-edge and currency-edge per subject; keep low-overlap subjects. LBNR: causal edge-cut of the capital cell-set; pass if P(capital) drops >0.5 AND P(currency) stays >0.9× baseline. Tier-2: on-target capital-removal vs sibling currency-preservation Pareto, vs projection-removal on subject-direction (collaterals both) and answer-direction at matched capital removal. Headline A = sibling-currency-collateral(steer)/sibling-currency-collateral(FRA). Differential-cell arm if overlap high.",
          "feasibility": "MEDIUM. gpt2-small + gpt2-small-res-jb. Needs a model-correct subset with >=2 disjoint-mover relations per subject — a harness filtering step. CCF reliable.",
          "why_linear_steer_fails": "The KEY (subject token) is identical for both facts: any subject-direction steer damages BOTH attributes; any answer-direction steer offers no analog for selectively keeping currency; in score space a query-gated steer hits the whole subject-key COLUMN (one fixed pullback over queries), so it CANNOT express 'cut the capital-relation query but keep the currency-relation query for the same key' — intrinsically a single-cell edit. FRA leaves the (currency-query x subject-key) cell untouched by construction; collateral floor = FRA-mass overlap, computable in advance.",
          "why_ranked": "The sharpest parametric test of the separability REASON (cell vs column, shared key) and the parametric MQAR analog. Ranked below capital-of (rank 9) because it inherits ALL of rank 9's redundancy/MLP-key/elicitation risks AND adds a new precondition: the capital-edge and currency-edge must be carried by DISTINGUISHABLE heads/cells (Geva show this for profession-vs-language but do not guarantee it for every relation pair) — if they share a head with overlapping cells, cutting capital collaterals currency (shared-endpoint floor A->2). The win is conditional on the pre-screen finding low-overlap subjects. High conceptual value, low unconditional win-probability — a follow-on to rank 9, not a standalone bet."
        },
        {
          "rank": 11,
          "behavior": "Synthetic two-entity gender-binding deletion (MQAR-coref analog): 'Alice is a woman. Bob is a man. ... ___ said' — delete exactly ONE entity's gender-binding edge (Alice->she) so her pronoun resolution fails while Bob's binding (Bob->he) and generic gender content survive untouched IN THE SAME PROMPT.",
          "paper": "Construction follows the confirmed gemma 2-needle / MQAR separability anchor adapted to coref binding; entity-tracking head literature (Prakash/Feng) for head selection.",
          "benchmark": "gpt2-small (+ gemma-2-2b RMSNorm-exact arm) + a synthetic two-entity binding harness in the 2-needle format. P(she|Alice-query) removal vs SIBLING P(he|Bob-query) preservation vs held-out-gendered KL, vs gender-direction projection at matched on-target removal.",
          "score": 52,
          "predicted_verdict": "uncertain",
          "attention_edge": "query = pronoun-emission slot bound to entity-A's referent features ('Alice'-entity query); key = entity-A's gender-marking token ('woman'). Cell = (Alice-entity-query x female-gender-key); sibling = (Bob-query x male-key).",
          "probe": "(1) CCF on (Alice-query x female-key) at binding/induction heads. (2) LBNR-R behavioral: cut the cell, R = 1 - P(she|Alice)(cut)/P(she|Alice)(intact); gate R>0.6 AND sibling P(he|Bob) within 5% of intact. (3) Tier-2 A = sibling-preservation + held-out-gendered KL vs gender-direction projection at matched on-target removal; differential cells if the female endpoint is shared.",
          "feasibility": "HIGH. gpt2-small + gemma-2-2b, both public SAEs; synthetic harness reuses the 2-needle code. Cheap.",
          "why_linear_steer_fails": "Deleting Alice->she with a gender-direction steer must damage a whole ROW/COLUMN — it cannot express 'unbind Alice from female while leaving Bob bound to male and generic female content intact'. A residual gender write is read by every consumer, so Bob's resolution and downstream gendered tokens degrade. Only the (Alice-query x female-key) cell isolates the one binding.",
          "why_ranked": "Engineered to DODGE the name-mover redundancy (IOI R=-0.39, binding R=-0.89) that kills natural coref: the binding is IN-CONTEXT and target-specific (the discriminating endpoint is the QUERY = the specific entity Alice), so no backup restores Alice->she without also being cut — the same property that flipped the in-context-backdoor case to a win. Predicted WIN-ish but ranked low and UNCERTAIN because it's a SYNTHETIC construction (lower external validity / importance than a named benchmark) and there's a genuine risk gpt2 binds gender through a distributed task-direction rather than a single edge (binding R=-0.89 was on a weak natural edge). Useful primarily as the clean LBNR probe distinguishing 'the EDGE is unique' from 'the CONJUNCTION is unique' for coref — a mechanism-isolation experiment, not a headline."
        },
        {
          "rank": 12,
          "behavior": "Occupational gender-pronoun STEREOTYPE: 'The nurse said that ___' -> 'she'. Cut the (pronoun-slot query x stereotyped-occupation key) coreference edge so the stereotype gap collapses on WinoBias Type-2 / Vig professions while legitimate gender use (named antecedents, 'the king...he', factual gender) is preserved — vs the field's OWN deployed mitigation, gender-subspace projection (INLP/Bolukbasi), which IS the program's content-gated linear steer.",
          "paper": "Vig et al. 2020 (NeurIPS) causal-mediation gender bias, professions on gpt2-small; WinoBias (Zhao et al. 2018) Type-2; INLP (Ravfogel 2020)/Bolukbasi 2016 debias baseline. Vig finds the indirect effect SPARSE (~10 heads) and SYNERGISTIC/COMPLEMENTARY (not redundant).",
          "benchmark": "gpt2-small + WinoBias Type-2 + Vig professions, pro/anti-stereotypical; gpt2-small-res-jb at the Vig mid-layer heads (~L4-L8). Stereotype-pronoun gap P(she)-P(he) on-target vs legit-gendered KL vs INLP gender-projection at matched gap removal.",
          "score": 48,
          "predicted_verdict": "uncertain",
          "attention_edge": "query = pronoun-emission-slot features (about-to-emit-coreferent-pronoun) x key = occupation token carrying stereotyped-gender content features. The STEREOTYPE is the pair; each endpoint alone is common legit content.",
          "probe": "(1) LBNR screen: causal edge-cut (NOT raw attention) on the complementary Vig heads; metric = signed stereotype gap drop, require >~0.5 relative drop with no recovery AND Type-2 coref accuracy preserved. (2) Tier-2: legit-gendered KL on held-out text (named antecedents + explicit gender) vs INLP gender-projection at MATCHED stereotype-gap removal; A = legit-KL(INLP)/legit-KL(FRA). Report win OR the honest direction-routed negative.",
          "feasibility": "HIGH. gpt2-small + gpt2-small-res-jb; WinoBias small/released; Vig heads published; original causal-mediation was on gpt2-small. CCF reliable. Screen <1 GPU-day.",
          "why_linear_steer_fails": "Uniquely, the fair baseline is the literature's OWN deployed debias: INLP/Bolukbasi gender-subspace projection-removal — literally the content-gated linear steer. It deletes the MARGINAL gender direction, degrading gender everywhere legitimately needed (named antecedents, 'the king...he', factual gender) and is read by every consumer. FRA cuts only the stereotyped-coreference conjunction. Beating INLP on legit-gendered KL at matched debias is the most publication-shaped separability comparison available.",
          "why_ranked": "Highest IMPORTANCE + most publication-shaped (beat the field's own mitigation on its own benchmark) of the un-banked candidates, and Vig's COMPLEMENTARY-not-redundant finding is a real LBNR-positive signal. But it carries the single biggest LBNR risk in the lens and I down-rank it accordingly: the coref-emission mechanism IS the IOI name-mover family that already FAILED LBNR in-program (R=-0.39), 'binding/coreference' failed at R=-0.89, and Mathwin et al.'s ACDC graph for this exact behavior is MULTI-HOP with an MLP interposed (gender moves occupation->4.3/6.0->MLP7->9.7/10.9) — the greater-than / direction-routed failure shape, since gender is also famously a residual direction re-injected by MLPs. Genuinely UNCERTAIN-tending-fail; worth the CHEAP gpt2 screen (a clean FAIL is a publishable taxonomy negative: stereotype = direction-routed, INLP is the right tool), but do NOT invest Tier-2 unless a cut point clears R>=0.6 with coref accuracy preserved."
        },
        {
          "rank": 13,
          "behavior": "Poisoned-context retrieval (RAG indirect prompt injection), elicitation-fixed: model answers 'capital of France?' with 'Berlin' from a poisoned passage; cut the (question-content query x poison-answer key) edge so the injected answer dies while 'Berlin' behaves normally — including a second passage where Berlin is CORRECT.",
          "paper": "PoisonedRAG (Zou et al. 2024); indirect prompt injection (Greshake et al. 2023); anchor = the in-context backdoor ranking-flip (FRA 0.07 nats vs DoM 1.83 / conv-SAE 6.06).",
          "benchmark": "PoisonedRAG-style poisoned-passage QA in the needle-QA harness on gemma-2-2b base, 0-2-shot QA scaffold to raise base ASR. GemmaScope 65k.",
          "score": 46,
          "predicted_verdict": "uncertain",
          "attention_edge": "answer-slot query (question-content: 'capital','France') x counterfactual-answer-token key (' Berlin') on retrieval heads found by causal edge-cut. THIS edge already measured in this campaign: LBNR R=+0.88 — load-bearing evidence is BANKED; only the base rate failed.",
          "probe": "(1) Elicitation: sweep scaffold formats (needle-QA, 'Q:...A:' 0/1/2-shot, passage-first vs question-first) until base P(poison answer) >= 0.2; reject honestly if no low-shot format reaches it. (2) RE-screen LBNR on the chosen format (require R >= 0.7 — guards against scaffold-induced direction-routing, the many-shot lesson). (3) Tier-2 at matched removal: legit-content KL on held-out Berlin text + same-prompt legit-passage answer preservation, FRA vs projection-removal vs DoM vs position-patch. Headline = the ranking flip on a named attack benchmark.",
          "feasibility": "MEDIUM. gemma-2-2b + GemmaScope 65k; entirely inside g_screen + retrieval_steer3. BUT the campaign already DEFERRED this exact candidate: R=+0.88 measured, base P(Berlin)=0.027 too weak on gemma-base. The fix is a prompt-format change (~1 pod-hour to gate) but is NOT yet shown to clear base P>=0.2 at low shot.",
          "why_linear_steer_fails": "'Berlin' is a normal token that is the RIGHT answer elsewhere. Projection-removal at matched injected-answer removal kills Berlin where it is correct (the in-prompt legit-Germany passage, held-out 'capital of Germany') and is read by every consumer; a position-patch fails when the poison moves; DoM on a 'poisoned-context' contrast is the method that won the weight-baked sleeper and should LOSE here. Only the (this-question x this-answer) cell isolates the link.",
          "why_ranked": "Strong threat-model importance and the highest banked LBNR prior of any deferred candidate (R=+0.88 on exactly this edge). Down-ranked to 13 / UNCERTAIN for ONE concrete reason that already killed it once: ELICITATION on gemma-base (base P=0.027), and the fix carries a NEW theory risk — a few-shot scaffold can migrate the behavior into a distributed ICL task-direction (the many-shot jb1-jb3 lesson where edge-cut failed and DoM won at 10 shots). So the candidate is hostage to a harness gate that has not been shown to pass at low shot, and passing it risks breaking the very LBNR property that makes it a win. The PII/NIAH candidates (ranks 2-3) deliver the same retrieval-separability story with cleaner elicitation (entity-specific lookup, single-token first chunk), so this is dominated unless the scaffold gate clears cleanly."
        },
        {
          "rank": 14,
          "behavior": "Gemma-2-2b copy-suppression / negative-head ANALOG: locate a negative-copy head in gemma-2-2b, cut its (predict-X x earlier-X) edge to selectively release one token's suppression, testing whether the gpt2 L10H7 win PORTS to a RMSNorm/soft-cap model where FRA's score decomposition is exact (edge ratio 1.07).",
          "paper": "McDougall et al. 2023 (motif; they NOTE larger models lack an EQUIVALENTLY-CLEAN unembedding-driven suppression head) + the program's gemma exactness result. Olsson et al. for the negative-induction screen.",
          "benchmark": "gemma-2-2b + GemmaScope res-65k at the negative-head's resid layer; per-token release on-target vs legit-content KL vs head-ablation and projection-removal at matched release. Head found by negative-induction score on random-repeated tokens.",
          "score": 34,
          "predicted_verdict": "uncertain",
          "attention_edge": "(query = predicting-X) x (key = earlier-X) on whichever gemma head scores highest on negative-induction. On gemma the decomposition is EXACT (RMSNorm scalar); soft-cap only attenuates the edit (reach, not separability). Whether the gemma negative head is content-conjunctive vs positional is the open CCF question.",
          "probe": "SCREEN-ONLY first: (1) compute negative-induction score (P(continuation) DROP under each head on random-repeated tokens) for all gemma-2-2b heads -> is there a dominant negative head? (2) If yes, LBNR-R: cut its (predict-X x earlier-X) edge, does release survive backups? GATE: only if R is high (dominant load-bearing head) proceed to FRA Tier-2 (legit-content KL vs projection-removal at res-65k). If distributed -> report as a screened-out NEGATIVE (confirms the paper's 'no clean analog in larger models' caveat).",
          "feasibility": "MEDIUM to run but TWO known gemma headwinds: sink-mask makes CCF unreliable (certify via LBNR), and the paper PRE-WARNS the head may not exist cleanly. Worth only a cheap screen before any Tier-2.",
          "why_linear_steer_fails": "IF a load-bearing gemma negative head exists, the separability argument is identical to gpt2 and STRONGER on exactness (RMSNorm -> exact cells, no LN-centering shortfall). But this is MOOT if LBNR fails (no load-bearing edge to cut).",
          "why_ranked": "Low importance, high risk on BOTH gates. McDougall's OWN caveat is that larger models DON'T have an equivalently clean unembedding-driven suppression head -> the negative behavior is likely MORE distributed in gemma (a smear of weak negative heads), which is the distributed/direction-routed kill pattern (cf. gemma knowledge-conflict R=0.24, docstring R=0.08 — both screened out in this campaign). CCF unmeasurable (sink-mask). I lean UNCERTAIN-tending-FAIL because the paper pre-warns of exactly this. Run ONLY as a cheap one-shot screen (negative-induction score); a distributed result is a publishable confirmation of the paper's caveat, not a win. Far below the gpt2 copy-supp (rank 1) which is the same idea on a model where everything works."
        },
        {
          "rank": 15,
          "behavior": "Subject-verb number agreement under attractors: 'The keys to the cabinet ___' -> 'are'. Reweight the verb-slot query's two competing keys (suppress attractor cell, boost subject cell). Included as the lens-mandated BOUNDARY PROBE / documented LOSE of the direct-consumption bound.",
          "paper": "Finlayson et al. 2021 (ACL, causal-mediation on GPT-2): attention's contribution largely POSITIONAL, strongest IE head 10-9 NEGATIVE, effects DISTRIBUTED across upper-middle heads; 'Identifying a Circuit for Verb Conjugation' (2506.22105): many heads REDUNDANT for SVA. BLiMP (Warstadt 2020).",
          "benchmark": "gpt2-small + BLiMP distractor-agreement / Marvin-Linzen subsets; minimal-pair agreement accuracy.",
          "score": 26,
          "predicted_verdict": "lose",
          "attention_edge": "query = verb-slot (number-marking pending) x competing keys {subject-noun number key, attractor-noun number key} — a genuine two-key content competition, FRA-shaped in principle (suppress attractor / boost subject).",
          "probe": "Screen LBNR FIRST on the BEHAVIORAL metric: causal edge-cut of the (verb-slot x attractor) cell across edge-cut-ranked heads -> Delta agreement accuracy. Prediction: <few-point drop (MLP re-derives morphology), confirming direct-consumption FAIL. Secondary: CCF after sink-masking (predict low / positional-dominated). If edge-cut barely moves accuracy, classify as the MLP-interposition natural confirmation and STOP.",
          "feasibility": "HIGH/cheap to run as a screen. gpt2-small + gpt2-small-res-jb; BLiMP/Marvin-Linzen trivial.",
          "why_linear_steer_fails": "It largely DOESN'T fail here — that is the point. Number lives as a clean residual DIRECTION, so a number-direction steer is already near-surgical for the global behavior, and the MLP re-derives morphology from whatever number signal survives, so FRA's cell edit buys little. The one expressively-unique place (signed two-key reweighting) is washed out because the downstream MLP, not the attended token's OV, produces the verb.",
          "why_ranked": "The honest LOSE control. Fails THREE checklist clauses simultaneously, all DOCUMENTED: (1) direct-consumption FAIL (verb morphology MLP-computed downstream — the greater-than mode); (2) LBNR FAIL (distributed across upper-middle heads, strongest IE head NEGATIVE, many heads redundant); (3) edge-routing FAIL (Finlayson attributes attention's role to POSITION). Number is also a residual direction, so a steer is already adequate — no bilinear gap. Run cheap and report as the natural-task confirmation of the MLP-interposition synthetic; do NOT pursue as a win."
        },
        {
          "rank": 16,
          "behavior": "WinoBias Type-1 full coreference (NO syntactic cue: 'The physician hired the secretary because she was overworked'). FRA target = the entity-disambiguation edge from pronoun query to correct-antecedent key. Included as the explicit LOSE control: the natural full-coref case the predictor says fails.",
          "paper": "Zhao et al. 2018 (WinoBias Type-1); Wang et al. 2022 (IOI name-mover backups); in-program FRA results (IOI R=-0.39; binding/coreference R=-0.89).",
          "benchmark": "gpt2-small + WinoBias Type-1; gpt2-small-res-jb. Control metric: show LBNR-R <= 0 — cutting the disambiguation edge does NOT remove correct coref (backups compensate), so no matched-removal operating point exists and A is meaningless.",
          "score": 20,
          "predicted_verdict": "lose",
          "attention_edge": "query = pronoun-slot coreferent-resolution features x key = world-knowledge-correct antecedent token — carried REDUNDANTLY across the name-mover head family.",
          "probe": "LBNR-R behavioral on coref accuracy: cut the (pronoun-query x antecedent-key) cell across name-mover heads ranked by causal edge-cut; expect R<=0 (no removal or behavior STRENGTHENS as backups overcompensate). Reproduces the IOI/binding negatives on a coreference benchmark and calibrates the screen.",
          "feasibility": "HIGH/cheap; run ONLY as the calibration control alongside the gender-stereotype candidate.",
          "why_linear_steer_fails": "Moot — neither FRA nor a linear steer cleanly wins, which is exactly why it is the control. FRA's cell-edit is collateral-free but behaviorally INERT (backups restore); the separability gap is undefined because there is no matched-removal operating point (LBNR-fail is a prerequisite for A to be interpretable).",
          "why_ranked": "Direct negation of the LBNR clause and the most important honest negative of the coref lens. Full coreference IS the IOI name-mover mechanism (R=-0.39, behavior gets STRONGER when cut as backups go 0.34->0.69); the closely-related binding edge was R=-0.89. Type-1 specifically removes the syntactic shortcut, forcing the most distributed, world-knowledge-driven, MLP-mediated resolution — the worst case for LBNR. Pure calibration/control value, lowest win-probability."
        },
        {
          "rank": 17,
          "behavior": "Nested bracket/Dyck DEPTH matching: predict the correct closing bracket given current nesting depth (close the most-recently-opened unmatched bracket). Included as a contrast to the quote-TYPE candidate (rank 5) to show WHY depth-matching is NOT a clean edge.",
          "paper": "Dyck/bracket-depth analyses (interpretability-illusions / simplified-models line, e.g. Friedman et al.) + OpenAI weight-sparse delimiter head '1:5' for the type-matching subcomponent only.",
          "benchmark": "Synthetic Dyck-n nested-bracket prompts (varying depth/types) measuring P(correct closing bracket). gpt2-small.",
          "score": 18,
          "predicted_verdict": "lose",
          "attention_edge": "Intended (close-slot at depth d query) x (opener at matching depth key). But DEPTH is a COUNT (opens minus closes) aggregated across many positions, so the true computation is an MLP averaging a bracket-detector over context — attention smears across many openers, not a single content×content pair.",
          "probe": "CCF: measure how concentrated the close-slot->opener score mass is on a SINGLE content×content pair vs spread across many opener keys (predict spread = low effective CCF for matching). LBNR: causal edge-cut of the single best (close-slot x opener) cell -> Delta P(correct closing bracket) (predict small for depth-dependent cases). Use as a dissociation against the quote-TYPE win (rank 5).",
          "feasibility": "HIGH/cheap; Dyck prompts trivial. Useful mainly to delimit the quote-type candidate's scope (type yes, depth no).",
          "why_linear_steer_fails": "Moot — neither a linear steer NOR FRA cleanly addresses depth-matching, because the load-bearing variable (nesting depth) is an MLP-computed scalar count, not a residual direction OR a single attention cell. An FRA cell edit can only touch one opener-key while depth depends on the whole prefix.",
          "why_ranked": "Explicit LOSE control / dissociation experiment. Fails direct-consumption AND edge-routing: the matching DEPTH is an MLP-computed running count over a distributed bracket-detector, not a separable query-content×key-content product. The TYPE sub-component is the rank-5 win; this candidate's value is purely to draw the type-yes / depth-no boundary. Lowest importance, near-zero standalone win-probability — run only as the contrast to rank 5."
        }
      ],
      "shortlist_to_evaluate": [
        "Corpus-level selective copy-suppression release on natural OWT (gpt2-small L10H7 + negative-head union {L10H7,L11H10,L8H10}): both gates ALREADY measured (CCF 0.98, LBNR R=+0.95) — pure external-validity upgrade of a confirmed win. PROBE: causal negative-head ranking on a 100-token corpus pilot to gate union-cut fully clears suppression; then ablate (predict-X x earlier-X) cells on the union across ~10 target tokens spanning frequency deciles; on-target = logit(X) rise toward all-neg-heads-ablated oracle; collateral = corpus KL where X is NOT suppressed; A vs X-unembedding projection-removal at matched release. Reuses jobs/s3_copysupp_tier2.py.",
        "In-context PII regurgitation with sibling preservation (gemma-2-2b, ProPILE/DecodingTrust templates in the 2-needle harness): isomorphic to the confirmed ~1100x retrieval win, entity-specific query fixes the cycle-1 generic-query floor. PROBE: gate base P(first value token)>=0.2 on the record format FIRST; causal edge-cut LBNR on the Alice edge across top-5 heads; Tier-2 = legit-digit KL (dates/prices) + within-prompt Bob-extraction preservation vs value-direction projection-removal (jobs/retrieval_steer3.py) at matched extraction removal; differential cells (Alice-edge minus Bob-edge) if sibling overlap >30%.",
        "In-context NIAH entity-attribute retrieval with LEAVE-ONE-OUT transfer (gemma-2-2b, Wu 2024 retrieval-head harness): the novel content-addressed-transfer claim on the sparse no-backup retrieval circuit. PROBE: causal edge-cut LBNR confirming cliff-like no-backup failure; HEADLINE = extract the (entity-query x value-key) cell on haystack_0, apply unchanged to 3 held-out haystacks x 4 depths and measure P(value) drop vs a position-patch (fails when needle moves); decisive separability = KL on legit value sentences + authorized sibling-entity lookups vs projection-removal vs DeCoRe head-ablation. Reuses jobs/r2_fra_retrieval.py.",
        "NOVEL dual-use passage split — block verbatim regurgitation while preserving in-context QA (gpt2-small induction harness primary; gemma-2-2b QA-preservation arm): a capability no deployed mitigation can express, on the OWASP prompt-extraction threat; canary-uniqueness excludes the MLP-re-derivation failure. PROBE: enumerate carrying induction heads by causal edge-cut; cut the UNION of per-bigram cells over the passage swept over c; extraction rate (>=10-token verbatim) vs (a) QA accuracy over the same passage [gemma arm], (b) held-out-token KL; baselines = repetition penalty on passage tokens + passage-content projection-removal + induction-head ablation at matched extraction removal; stress arm = two vocab-sharing passages, cut A minus B (differential).",
        "Quote/delimiter-TYPE matching (gpt2-small, Gao et al. 2025 weight-sparse circuit): strongest STRUCTURAL LBNR prior — the type-matching head proven necessary+sufficient with direct-consumption by construction (OV copies the TYPE). PROBE: causal edge-cut of the type-T cell across edge-cut-ranked carrier heads -> P(correct closing type) for type-T drops to chance while other types unchanged, confirm NO backup restoration (the dense-model redundancy check); Tier-2 = legit-content KL on held-out matched type-T delimiters + a same-type in-prompt sibling pair, FRA vs type-direction projection-removal vs DoM at matched wrong-type rate. Reuses the induction cue-suppression harness.",
        "Knowledge-conflict counterfactual override on gpt2-small ONLY (Ortu et al. 2024 CounterFact): the gpt2-specific bet after the gemma twin already failed this campaign's LBNR (R=0.24); elicitation solved by construction (counterfactual wins 96%, fixing the base-rate trap). PROBE (gated): causal edge-cut of (final-query x counterfactual-key) across the L9H6/H9,L10H0/H10 cluster, require gap-flip R>=0.5 on the strong-elicitation domain subset; Tier-2 = legit-entity KL + a second authorized in-prompt lookup of the same entity vs entity-direction projection-removal at matched override removal; BONUS sign-flip arm (boost context-faithfulness, no baseline analog); pre-register differential cells if the copy-critique holds."
      ],
      "notes": "DEDUP: 25 brainstormed candidates consolidated to 17 distinct. Merged: (a) the 3 corpus-level copy-suppression variants -> rank 1; (b) the 3 gender-pronoun-stereotype variants -> rank 12; (c) the 2 knowledge-conflict/Ortu variants ('context-faithfulness knob' + 'counterfactual override') -> rank 6; (d) the 2 SVA-attractor variants -> rank 15.\n\nGROUNDING (read from CAMPAIGN_REPORT.md / SPRINT2_LOG.md / INCONTEXT_LOG.md + harness): CONFIRMED WINS this campaign = retrieval 2-needle (legit-KL 0.0016 vs steer 1.77 ~1100x, R=+0.63), acronym letter-movers (~26000x, R=0.95), copy-supp L10H7 single-prompt (CCF 0.98, R=+0.95). CONFIRMED FAILS/screen-outs = docstring (R=0.08), gemma knowledge-conflict (R=0.24, distributed), IOI (R=-0.39, backups overcompensate), binding (R=-0.89). DEFERRED on elicitation (mechanism passed, harness killed) = poison-RAG (R=+0.88 but base P=0.027) and gemma fact-recall (R=+0.86 but base P=0.039). These two deferrals are why ranks 6/9 (gpt2 knowledge-conflict, gpt2 fact-recall) score the way they do: same load-bearing mechanism, gpt2/model-correct-subset retry fixes the exact base-rate trap that killed the gemma versions.\n\nHARNESS IS MATURE (all reusable on one GPU): causal head-finding (g_screen, ranks by causal edge-cut NOT raw attention — raw picks positional heads); projection-removal steer fp16-safe (retrieval_steer3 gemma / acronym_steer3 gpt2) — NOT SAE-feature-subtraction (nan's on gemma, doesn't fire); differential-pair selection (shared_endpoint_diff); retrieval RH set baked (r2_fra_retrieval); copy-supp Tier-2 (s3_copysupp_tier2); random-repeated-token + IOI-backup probe (s2_lbnr). GUARD: A/legit-KL only valid at MATCHED on-target removal (confirm steer fires AND FRA suppresses).\n\nRANKING LOGIC: heaviest weight on CCF∧LBNR fit. Top of the list = where the mechanism is ALREADY measured load-bearing on infra that exists (copy-supp #1: both gates measured; PII/NIAH #2-3: isomorphic to the confirmed retrieval win on the sparse no-backup retrieval circuit). Mid = strong structural/published LBNR prior but un-banked or model-specific (quote-type #5: necessary+sufficient single head but from a weight-SPARSE model so dense-redundancy is the open risk; knowledge-conflict #6: published head-scaling flips behavior but relative-competition renormalization + copy-critique keep it uncertain). Parametric recall #9-10 = highest-value RETRY of an already-load-bearing screen-out, held uncertain by self-repair/MLP-enriched-key/redundancy. DOWN-RANKED HARD: gender-stereotype #12 (highest importance + beats the field's own INLP baseline, but the mechanism IS the IOI name-mover family that failed LBNR + Mathwin's MLP-interposed multi-hop graph -> uncertain-tending-fail; gender is also a residual direction); poison-RAG #13 (dominated by PII/NIAH — same retrieval story, cleaner elicitation, and the scaffold-fix risks migrating to a distributed direction). EXPLICIT LOSE CONTROLS at the bottom: SVA #15 (MLP-computed morphology + distributed + positional attention — fails 3 clauses), WinoBias Type-1 #16 (IOI backups, R<=0), Dyck-depth #17 (MLP-counted depth, not a cell). gemma copy-supp #14 sits low because McDougall's own paper pre-warns no clean analog exists in larger models + gemma sink-mask breaks CCF.\n\nSHORTLIST RATIONALE (6, priority order): #1 copy-supp-corpus is the safest near-certain win (gates measured, infra exists). #2 PII + #3 NIAH are the two highest-importance deployment wins riding the strongest confirmed mechanism (retrieval, sparse/no-backup) with the entity-specific query that fixes the cycle-1 generic-query floor — both gate on gemma-base elicitation (base P>=0.2) which is the one real risk and is cheap to check first. #4 dual-use passage split is the most novel + most publication-shaped (a capability no mitigation can express) with canary-uniqueness rigorously excluding the MLP/weight-baked failure modes. #5 quote-type has the cleanest possible structural LBNR (necessary+sufficient + direct-consumption by construction) on a fresh benchmark — the dense-redundancy check is the whole experiment. #6 gpt2 knowledge-conflict is the highest-value model-specific retry: the gemma twin failed LBNR but gpt2 has published head-causality AND solves the elicitation trap by construction; gated hard on R>=0.5, with the unique sign-flip arm as bonus. All 6 run NOW on gpt2-small/gemma-2-2b with existing harness; the only new code per candidate is a prompt builder + metric. Deliberately EXCLUDED from the shortlist despite high importance: gender-stereotype (run the cheap gpt2 LBNR screen as a side-experiment — a clean fail is a publishable taxonomy negative — but don't commit Tier-2 until R>=0.6 with coref accuracy preserved) and the explicit LOSE controls (SVA, WinoBias-1, Dyck — run cheap to calibrate the screen, not as wins)."
    }
  }
}