{
  "summary": "Theory(Fable) -> brainstorm -> rank: theory-driven FRA candidate generation for the 10h sprint",
  "agentCount": 10,
  "logs": [
    "Theory: 10 real-world contexts; 10 synthetic settings",
    "Brainstorm: 23 candidates from 8/8 lenses"
  ],
  "result": {
    "theory": {
      "mechanistic_theory": "WHAT FRA UNIQUELY COMPUTES. A head h's pre-softmax score is a bilinear form on the post-norm residual: S^h[q,k] = (x_q W_Q^h)·(x_k W_K^h)/√d_h (row-vector convention; biases contribute pure row/column/constant terms). Substituting the SAE decomposition x_t = Σ_μ u^μ_t f_μ + e_t yields the EXACT partition S^h[q,k] = Σ_{μν} u^μ_q·u^ν_k·ω^h_{μν} + (feature×error) + (error×error) + bias terms, with ω^h_{μν} = (f_μ W_Q^h)·(f_ν W_K^h)/√d_h the weight-space pair coupling. Each (μ,ν) CELL is a multiplicative AND: its value u^μ_q·u^ν_k is identically zero unless the query-content feature AND the key-content feature both fire (u ≥ 0 under ReLU/JumpReLU). This is the only exact additive decomposition in the attention pathway that lives in the JOINT (query-content × key-content) function space: the OV side (C^OV = A·u^λ·⟨f_λ W_OV, d⟩) is merely linear-given-pattern, and the post-softmax pattern admits no canonical decomposition (the denominator couples all cells across all keys; attribution requires the Jacobian ∂A_qk/∂s_qj = A_qk(1_{k=j}−A_qj) and the centered OV profile g̃^h_{q,j} = A^h_{qj}(g^h_j−ḡ^h_q) — but the EDIT needs no linearization because it acts on s BEFORE the softmax). THE EDIT AND ITS EXPRESSIVE UNIQUENESS. The FRA edit subtracts c·u^μ_q·u^ν_k·ω^h_{μν} from one head's scores wherever the conjunction fires. With the SAE gates frozen it is exactly a support-gated rank-1 update of the head's bilinear form, ΔW^h_QK ∝ −c·ω_{μν}·e_μᵀe_ν restricted to {(q,k): u^μ_q>0 ∧ u^ν_k>0}; its only causal channel is that head's softmax→OV transport. FRA additionally supports SET ALGEBRA over cells: UNIONS across pairs/heads — including whole feature FAMILIES (class-level edits: cut every (attribute-query × value-class-key) cell at once) — and DIFFERENCES (differential cells = target-edge top-M minus sibling-edge top-M), which buy back target-specificity when siblings share an endpoint (measured: sibling separability 1.9×→7.9× at a quantified reach cost 58%→33%). A linear residual steer Δ (ActAdd/DoM/CAA/projection-removal), even gated by an ARBITRARY content gate g(x), is doubly weaker. (a) SCORE-SPACE EXPRESSIVITY: a gated query-side write changes scores by δs[q,k] = g(x_q)·(Δ W_Q^h)·(x_k W_K^h)ᵀ/√d, which varies over keys only through x_k's projection onto ONE fixed pullback direction v = Δ W_Q^h W_K^hᵀ. Cancelling a single cell requires ⟨x_k, v⟩ ∝ u^ν(x_k) for ALL k — impossible: u^ν is a thresholded nonlinearity of x_k, and even its linear part forces hitting the entire ν-ROW of the bilinear form plus every key cosine-close to v. A steer can imitate a row or a column of W_QK, never a cell — and a fortiori never a cell-difference or a family-union. (b) RESIDUAL BROADCAST: the write Δ is deposited into the stream and read by EVERY consumer at the gated positions — all heads' Q, K AND V, the MLP, every later layer. Gating restricts WHERE the steer fires, never WHAT reads it. These two facts ARE the measured separability gap: at matched on-target removal, a content-gated projection-removal steer strong enough to suppress the behavior destroys the content everywhere it legitimately appears (legit-content KL 1.77–2.64 nats), while the FRA cell-edit leaves it at ~0.000–0.0016 (≈1,000–26,000×), because legitimate occurrences fail the conjunction. THE MAGNITUDE LAW (validated at both extremes): A ≈ reuse(marginal endpoint)/reuse(conjunction), with reuse measured ON THE EVAL/DEPLOYMENT SUPPORT (naive corpus firing rates are degenerate — the s5 failure). A ~ 10³–10⁴ when the conjunction is unique (retrieval 1100×, acronym 26,000×); A → ~1.9× floor when a GENERIC endpoint makes the conjunction recur (shared-endpoint sibling test). SHARPENED COROLLARY (cycle 2): the discriminating endpoint — usually the query — must be distinctive CONTENT (a specific token/feature), NOT a generic ROLE feature. Positionally-resolved retrieval (box/entity identity) uses a generic \"queried-slot\" feature, so the (query × value) conjunction recurs across siblings and FRA cannot separate them (box A=7.9× partial only at weak base; entity-PII no-op at strong base). Every confirmed win has a content query: induction (query = token X), copy-suppression (query = about-to-predict-X), acronym (query = the spelled letters), in-context backdoor (query = the trigger content). NONLINEARITY LEDGER (what is exact where): RMSNorm is a frozen per-position SCALAR × diag(γ) — it commutes into the activations given the cached rms, so the score decomposition is exact on Gemma (edge-magnitude ratio 1.07 confirms). GPT-2 LayerNorm adds the fixed centering projector (I−11ᵀ/d); the 50–75% edge-reconstruction shortfall is a LN-folding-convention artifact, not an FRA property; ln1.hook_normalized is the gold-standard hookpoint but no public SAE suite ships it, and the grms check showed the hookpoint is not the limiter on RMSNorm models. RoPE is a per-position ROTATION applied AFTER projection: ω^h_{μν}(q−k) = ((f_μ W_Q^h)R_q)·((f_ν W_K^h)R_k)ᵀ/√d depends only on the relative offset (block structure R_qR_kᵀ = R_{q−k}) — still exact per edge; the edit stays content-addressed with an offset-dependent coefficient. GPT-2's learned absolute positional embeddings enter simply as residual content (positional features → the CCF sink-mask handles them). Gemma's soft-cap s ↦ 50·tanh(s/50) is the ONE true nonlinearity between the bilinear sum and the softmax: cells are exact pre-cap, and an edit Δs reaches the pattern attenuated by tanh′(s/50) ≤ 1, so edits are compressed exactly on saturated edges. This — plus the SAE-unexplained score fraction (the error×· terms) and granularity×top-K matching (65k GemmaScope is the sweet spot; 1M-width fragments an edge across too many tiny cells for a fixed pair budget) — is the complete account of FRA's suppression-reach ceiling. The ceiling bounds REACH, never separability: whatever FRA removes, it removes only on the conjunction's support. SUMMARY: FRA computes the exact joint query-content×key-content functional decomposition of attention selection, and hands you the corresponding cell-level (and cell-set-level) weight edit whose causal support is a content conjunction — the missing middle between direction steers (marginal + broadcast to all readers) and position patches (specific but not content-addressed).",
      "bounds": {
        "win_checklist": [
          "1. EDGE-ROUTED (CCF-high): the behavior's proximate cause is pre-softmax score mass on identifiable attention edges, dominated by non-sink content×content feature pairs after sink-masking (CCF reliable on gpt2-small; on gemma the current sink-mask over-kills late layers, so certify behaviorally via LBNR). Kills positional/BOS edges (CCF=0.000) and output-direction behaviors with no score-space cause (weight-baked sleeper).",
          "2. LOAD-BEARING & NON-REDUNDANT (LBNR-R ≈ 1, measured BEHAVIORALLY with CAUSAL head-finding): cutting the identified feature-pair edge across ALL heads that carry it (heads ranked by causal edge-cut effect, never raw attention — raw attention selects positional/sink heads) removes the downstream behavior, and no backup circuit OR alternative cue restores it. Kills IOI (R=−0.39, backups overcompensate), docstring (R=0.08), delimiter matching (R=0.23, grammar provides redundant cues), gemma knowledge-conflict (R=0.24).",
          "3. DIRECT CONSUMPTION: the behavior IS the edge's OV-transported content (the attended token's write into the output), not a downstream MLP computation that merely reads the attended information — so LBNR must be evaluated on the behavioral metric, never on attention or an intermediate. Kills greater-than (the > is MLP-computed; edge-cut dents behavior only 0.98→0.87).",
          "4. CONJUNCTION-SPECIFIC ON THE EVAL DISTRIBUTION, with a DISTINCTIVE-CONTENT discriminating endpoint: at least one endpoint feature legitimately recurs in deployment (so every direction/content-gated steer pays collateral), while the specific conjunction does NOT recur legitimately — which requires the discriminating endpoint (usually the query) to be distinctive CONTENT (a specific token/phrase/letter-state feature), not a generic ROLE feature; positionally-resolved identity (box/entity slots) fails this clause by construction. If siblings share the value endpoint, differential cells (target-edge minus sibling-edge) must retain enough non-shared score mass; if the goal is class-level removal, the UNION of the family's cells must be enumerable. Kills rare-dedicated-token triggers (a direction is already surgical, A→1) and generic-role-query retrieval (sibling A=1.9×; entity-PII no-op).",
          "5. REACH (bounds removal completeness, not the win/lose verdict): SAE-explained fraction of the edge score × causal head coverage × top-K pair budget — with SAE granularity matched to K (65k GemmaScope sweet spot; 1M fragments at fixed K) — × soft-cap headroom tanh′(s/50) must clear the softmax margin on every carrying head at faithful scale c≈1–2, so that a matched-removal operating point EXISTS at which the separability comparison is defined."
        ],
        "underlying_reason": "The whole checklist is one separability statement. The behavior's minimal sufficient cause must be a SEPARABLE PRODUCT TERM u^μ_q·u^ν_k inside one (or an enumerable few) heads' score functions, whose support is disjoint from legitimate use of its endpoints ON THE EVAL DISTRIBUTION. When it is: (i) the FRA edit's support is exactly the conjunction's support and its only causal channel is those heads' softmaxes, so its collateral scales with reuse(conjunction|eval) — ~0 when the pairing is the targeted/malicious thing; (ii) ANY linear residual steer, however gated, must either suppress a marginal endpoint — its score effect is confined to a row/column of the bilinear form (one fixed pullback direction over keys) — or write into the residual stream where all heads' Q/K/V, the MLP, and every later layer read it; so its collateral scales with reuse(marginal|eval) × (number of residual readers). The win ratio at matched removal is therefore A ≈ reuse(marginal|eval)/reuse(conjunction|eval), validated at both extremes: ~10³–10⁴ when the conjunction is unique (retrieval 1100×, acronym 26,000×) and a ~1.9× floor when a generic role endpoint makes the conjunction recur (shared-endpoint sibling), with differential cells buying specificity back (7.9×) at a quantified reach cost (58%→33%). CCF certifies the cause lives in score space; LBNR certifies the conjunction is the unique carrier (against both backup circuits and redundant distributional cues); direct-consumption certifies the product term's output IS the behavior; conjunction-specificity-with-content-discriminator certifies the ratio's denominator is small and its numerator large; reach certifies the basis can express enough of the term to act on. Each failure mode is the negation of exactly one factor.",
        "failure_modes": [
          "OUTPUT-DIRECTION ROUTING (weight-baked sleeper, emergent misalignment): the payload is written through OV/unembedding as a residual DIRECTION with near-zero legitimate reuse; there is no score-space cause to edit, and DoM/SVD on the marginal direction is already surgical — no bilinear gap exists (negates edge-routing and the reuse gap).",
          "REDUNDANT / SELF-REPAIRING CIRCUITS (IOI name-movers R=−0.39 with backup attention 0.34→0.69; docstring R=0.08): cutting the edge triggers backup heads that restore — or overshoot — the behavior; the conjunction is not the unique carrier, so the edit is precise but behaviorally inert (negates LBNR).",
          "DISTRIBUTIONAL REDUNDANCY OF STRUCTURAL PREDICTION (delimiter/quote-type matching, CCF=0.732 but R=+0.23 — the cycle-2 negative class): the edge is a genuine content×content conjunction, but the predicted output is ALSO derivable from many other cues the distribution provides (grammar gives many ways to know a paren must close), so the edge is not load-bearing even with no dedicated backup circuit (negates LBNR by cue-redundancy rather than head-redundancy).",
          "DISTRIBUTED / DIRECTION-ROUTED IN-CONTEXT BEHAVIOR (many-shot jailbreak; binding R=−0.89; gemma knowledge-conflict R=0.24): the behavior rides a distributed ICL task-direction across many weak edges, not a separable pair; worse, the injected behavior can be representationally identical to a legitimate one ('jailbroken enthusiasm' = 'genuine enthusiasm'), so NO method removes it cleanly — there is no separable link to cut (negates edge-routing and LBNR).",
          "DOWNSTREAM NONLINEAR CONSUMPTION (greater-than): the QK edge is real and content-conjunctive, but an MLP computes the behavior from the attended information; cutting the edge controls the attending, not the computation (negates direct consumption).",
          "CONJUNCTION RECURRENCE — generic role endpoint, positional identity, or collision (shared-endpoint sibling A=1.9×; entity-PII differential no-op at strong base; acronym 'Unit' duplicate): the target conjunction's support overlaps legitimate instances of the SAME pair, either literally (duplicate target word) or because the discriminating endpoint is a generic role feature ('box-query', 'entity-slot') so identity is resolved POSITIONALLY, not by content — FRA's content-addressing correctly fires on the siblings too; collateral by design, A collapses toward 1. Partial rescue: differential cells (1.9→7.9×) at reach cost, IF non-shared mass exists (negates conjunction-specificity).",
          "REACH CEILING (Gemma backdoor removal 1/4→3/4 at 16k→65k; 1M-width regression at fixed K; GPT-2 LN-centering 50–75% reconstruction; soft-cap compression tanh′(s/50) on saturated edges; uncovered carrying heads): the SAE basis is too coarse, too fine for the pair budget, the folding drops centering, the cap eats the edit, or a carrying head is missed — FRA cannot hit the matched-removal operating point, so the win is capped or undefined even though separability holds for what it can remove (negates reach).",
          "POSITIONAL / SINK EDGE (BOS: raw attention 0.98 but CCF=0.000; lost-in-the-middle): the edge is selected by position, not content; a position-patch is the correct tool and content-addressing adds nothing (negates the content clause of edge-routing)."
        ]
      },
      "synthetic_settings": [
        {
          "name": "Induction cue-suppression (gpt2-small) — expressivity anchor",
          "why_clean": "One known bilinear gate — (query = token X) × (key = token-after-previous-X) — with no semantics, no MLP involvement, and enumerable head redundancy (hit all 5 induction heads). Support-not-rigged (content-addressed deployment ≈ edge-restricted, 0.18 vs 0.14 nats) and faithful-scale (c≈2 ≈ exact edge reconstruction) checks already passed.",
          "what_bound_it_tests": "Pure-conjunction expressivity: a rank-1 cell edit suppresses an association at ~15× less collateral than the strongest gated linear steer (235× locality) — the existence proof for the cell-vs-row/column separation.",
          "is_new": false
        },
        {
          "name": "In-context trigger→payload backdoor (gpt2 + gemma) — reuse-flip anchor",
          "why_clean": "Trigger and payload are NORMAL tokens planted in the prompt, so marginal reuse is high by construction while conjunction reuse is zero; it is the identical task to the weight-baked sleeper FRA lost, so the ranking flip (FRA 0.07 nats vs DoM 1.83 / conv-SAE 6.06) isolates WHERE the association lives as the only variable.",
          "what_bound_it_tests": "The marginal≫conjunction reuse bound, against the exact baselines (DoM, conv-SAE) that win the direction-routed case — the taxonomy's middle row.",
          "is_new": false
        },
        {
          "name": "Two-needle key-value retrieval (gemma-2-2b) — corrected-headline separability anchor",
          "why_clean": "RMSNorm makes the FRA correction exact (edge-magnitude ratio 1.07), removing the reconstruction confound; random off-edge null is clean; the ~1100× legit-content-KL win vs the content-gated projection-removal steer is the program's decisive fair-baseline result.",
          "what_bound_it_tests": "The decisive separability claim itself (legit-content KL at matched on-target removal vs the strongest fair baseline) under exact normalization.",
          "is_new": false
        },
        {
          "name": "Shared-endpoint sibling test + differential-cell rescue (gemma) — conjunction-recurrence floor",
          "why_clean": "Two boxes hold the same value; the generic 'box-query' role feature makes the conjunction recur for the sibling — the ONLY moving variable vs the two-needle win is endpoint genericity. Measured: A=1.9× full-pair, 7.9× with differential cells, at 58%→33% reach.",
          "what_bound_it_tests": "The magnitude law A ≈ reuse(marginal)/reuse(conjunction) at its degenerate floor, and the selectivity-costs-reach trade-off of differential cells.",
          "is_new": false
        },
        {
          "name": "Query-specificity dial",
          "why_clean": "Parametrically morph the query endpoint from target-specific content to generic role: K key-value boxes whose retrieval cue ranges from unique lexical cues per box ('the red box') to fully shared ('the box', position-only disambiguation), everything else fixed. Conjunction recurrence is the single knob, measured directly as FRA-mass overlap between target and sibling edges.",
          "what_bound_it_tests": "Turns the validated two-point magnitude law into a CURVE: A should fall from the retrieval regime (~10³) to the sibling floor (~2) as the discriminating query feature delocalizes; also locates the crossover where differential cells stop helping (no non-shared mass left). The cycle-2 clause-4 sharpening as a quantitative prediction.",
          "is_new": true
        },
        {
          "name": "Redundancy dial — two arms: parallel attention routes AND cross-mechanism cue-redundancy",
          "why_clean": "Arm A: carry one planted association over R parallel routes (duplicate demonstrations at different offsets so distinct induction edges each suffice) — LBNR-R degrades continuously and controllably, unlike natural backups (IOI) which are all-or-nothing. Arm B (new, from the delimiter negative): make the payload ALSO predictable from a non-attention cue of controllable strength (e.g., a grammatical regularity that implies the same continuation), isolating cue-redundancy from head-redundancy.",
          "what_bound_it_tests": "LBNR as a threshold: at what redundancy does edge-cut R fall below the win boundary — and does cutting the UNION of conjunctions (FRA can address all R cells at once; a position-patch cannot) restore the win? Distinguishes 'the EDGE is unique' from 'the CONJUNCTION is unique', and head-redundancy (IOI-type) from distributional cue-redundancy (delimiter-type).",
          "is_new": true
        },
        {
          "name": "MLP-interposition probe",
          "why_clean": "Plant an in-context association whose payload is not the attended token but a fixed downstream FUNCTION of it (attend to a digit, emit its successor via known successor circuitry): the QK edge is identical to the winning backdoor case; only the consumption changes.",
          "what_bound_it_tests": "The direct-consumption bound as a controlled dissociation: FRA should cut attendance fully while behavioral removal degrades exactly with how much the MLP re-derives the answer from residual leftovers — the greater-than failure mode, isolated.",
          "is_new": true
        },
        {
          "name": "Cell-family union (class-level cut)",
          "why_clean": "Context with N attribute→value pairs spanning one value CLASS (digit-strings) plus matched non-class pairs (words): cut the UNION of all (attribute-query × digit-class-key) cells in one edit — no per-instance selection, no sibling separation attempted. Class membership of the key feature is the only selection criterion, so family-union expressivity is isolated from instance discrimination.",
          "what_bound_it_tests": "Whether SET-ALGEBRA UNIONS scale to feature families: on-class removal should be uniform across instances while non-class retrieval and out-of-retrieval digit use (arithmetic) stay intact. This is the load-bearing assumption behind the class-level PII and secret-extraction real-world bets, and a capability no linear steer (one direction) or position-patch (one site) can express at all.",
          "is_new": true
        },
        {
          "name": "Soft-cap saturation stress (gemma) with uncapped gpt2 contrast arm",
          "why_clean": "Same planted edge at controlled baseline score margins (stack demonstrations to push pre-cap scores into and out of the 50·tanh(s/50) regime); tanh′(s/50) gives a parameter-free attenuation prediction; gpt2 (no cap) is the control arm.",
          "what_bound_it_tests": "The soft-cap clause of the reach bound: edit effectiveness on the pattern should track tanh′(s/50), confirming the cap (not the SAE) as Gemma's marginal reach limiter on saturated edges — and that separability is unchanged at every attainable operating point.",
          "is_new": true
        },
        {
          "name": "Full MQAR row×column grid (multi-query associative recall, Arora et al. 2023 style)",
          "why_clean": "Key→value context where the SAME value appears under two keys AND the same key-type queries multiple values: deleting one association forces any steer to damage an entire ROW AND COLUMN of in-use associations within a single prompt — the maximal-stress separability setting on an established ICL-literature benchmark, requiring differential cells in BOTH directions.",
          "what_bound_it_tests": "The underlying separability reason in its purest form (cell vs row/column expressivity), and whether two-sided differential-cell selection composes — the strongest synthetic demonstration that the bilinear structure itself, not content-addressing per se, is load-bearing.",
          "is_new": true
        }
      ],
      "realworld_contexts": [
        {
          "context": "ICL data-poisoning defense with a semantic trigger: a trigger phrase planted in poisoned few-shot demonstrations flips the label the model copies for triggered test inputs (Kandpal et al. 2023-style ICL backdoor / Wan et al. 2023 instruction poisoning). Cut the (trigger-content query × poisoned-label key) cells so triggered inputs classify normally, while untriggered few-shot classification and the trigger phrase's ordinary meaning are untouched.",
          "mechanism": "Label emission at the test position is carried by label-copying/induction heads attending back to demonstration labels — the proven in-context-backdoor structure. With a planted trigger, the query-side match feature IS the trigger content (distinctive, rare-in-legit-text phrase features at the test input), and the key is the poisoned-label token (common — every untriggered demo legitimately reuses the same label tokens). The conjunction (trigger-query × flipped-label-key) fires only on the attack: textbook clause-4 with a content query.",
          "why_linear_steer_fails": "A content-gated steer must suppress either the trigger direction (corrupting the phrase's ordinary semantics wherever it appears) or the label direction (breaking ALL ICL classification, since clean demos use the same label tokens); even gated to attack positions, the residual write is read by every head's Q/K/V and the MLP there. FRA cuts only the pairing — clean demos fail the conjunction.",
          "model_benchmark": "gemma-2-2b + Kandpal et al. 2023-style poisoned SST-2/AG-News few-shot suites (metrics: attack success rate + clean ICL accuracy), GemmaScope res 65k; gpt2-small fallback with token-label copy streams (res-jb).",
          "predicted_CCF": "high",
          "predicted_LBNR": "pass",
          "importance": "high"
        },
        {
          "context": "Repetition-loop degeneration: gpt2-small under greedy decoding collapses into verbatim phrase loops (Holtzman et al. 2019 'neural text degeneration'; Xu et al. 2022 show P(repeat) self-reinforces with the number of prior in-context occurrences — the induction signature). Break the loop by cutting the model's SELF-copy cells for the looping phrase — (query = current loop-phrase token × key = token-after-previous-occurrence) — instead of penalizing the repeated tokens globally.",
          "mechanism": "A loop is the induction conjunction applied to the model's own output. Both endpoints are ordinary tokens with high legitimate reuse (names, terms, anaphora legitimately repeat); the query content is the specific phrase token (distinctive content, not a role), and the conjunction 'this token, in a context where its previous occurrence is being continued' is the loop itself. Direct consumption: the looped token IS the attended token's OV write.",
          "why_linear_steer_fails": "The deployed fixes are precisely marginal-endpoint penalties — frequency/repetition penalty or token-direction suppression — which damage every legitimate reuse of those tokens and degrade fluency globally (the documented cost of repetition penalties). A content-gated steer at the phrase tokens wrecks the whole residual that all consumers read at those positions. FRA cuts only the self-copy edge, leaving legitimate (non-loop) reuse of the same tokens intact.",
          "model_benchmark": "gpt2-small + Holtzman 2019 / Xu et al. 2022 repetition metrics (rep-n, loop rate, distinct-n) on WebText/OpenWebText prompts under greedy decoding; res-jb SAEs all layers. LBNR check: does cutting induction-edge cells at the loop tokens break the loop (vs MLP/logit self-reinforcement)?",
          "predicted_CCF": "high",
          "predicted_LBNR": "uncertain",
          "importance": "high"
        },
        {
          "context": "Corpus-level selective copy-suppression release (L10H7): disable copy-suppression for ONE target token across natural OpenWebText while every other token's suppression stays intact — upgrading the existing single-prompt s3 win (logit 16.4→18.4 matching the edge-cut oracle, 22.7× vs head-ablation, transfer confirmed) to an external-validity claim on the head's own published eval distribution (McDougall et al. 2023 CSPA/OWT).",
          "mechanism": "L10H7's QK is a per-token FAMILY of separable cells: (about-to-predict-X query) × (X-appeared-earlier key). The query content is target-specific by construction (the one X), so the conjunction never recurs for other tokens; the key endpoint (X in context) is common — exactly the high-A regime of the magnitude law. CCF 0.98 and LBNR R=+0.95 already measured.",
          "why_linear_steer_fails": "Projection-removal of the X-direction (either endpoint) destroys X's representation in every prompt where X appears — the measured 26,000×-class collateral signature; head-ablation releases suppression for ALL tokens at once (measured 0.503 vs FRA 0.022 collateral). Only the cell edit releases one token's suppression and transfers across contexts.",
          "model_benchmark": "gpt2-small + the copy-suppression paper's OWT/CSPA eval distribution (McDougall et al. 2023), res-jb SAEs; primary metric = legit-content KL vs the content-gated projection-removal steer at matched release.",
          "predicted_CCF": "high",
          "predicted_LBNR": "pass",
          "importance": "high"
        },
        {
          "context": "Dual-use verbatim-block: prevent verbatim continuation of one specific passage present in the context (extractive copying / quote-leak control) while preserving the model's ability to USE the passage's content — paraphrase, next-word-on-fresh-text, and QA about the passage survive. The cycle-2 shortlist's novel dual-use candidate, made concrete.",
          "mechanism": "Verbatim continuation of in-context text is induction over the passage's own tokens: (query = current passage token — distinctive content per passage) × (key = successor token at the earlier occurrence). Cutting the passage-specific cell set severs only the copy CHANNEL through induction heads; the passage content still enters the residual stream at its own positions and remains readable by every other edge/head/MLP — which is precisely what no residual-space intervention can arrange.",
          "why_linear_steer_fails": "Any steer that suppresses the passage tokens' directions to stop copying also removes that content from ALL readers — QA and paraphrase die with the copying (the broadcast problem). A position-patch blocks one location but not the content-addressed recurrence. FRA is the only intervention whose effect is channel-specific (one head-family's softmax) rather than content-destroying.",
          "model_benchmark": "gpt2-small for the copy-block arm (verbatim-overlap / longest-common-subsequence copy-rate on planted passages, res-jb); gemma-2-2b + GemmaScope 65k for the QA-preservation arm (cloze/QA accuracy about the passage at matched copy suppression).",
          "predicted_CCF": "high",
          "predicted_LBNR": "pass",
          "importance": "high"
        },
        {
          "context": "Poisoned-context retrieval / RAG-style indirect prompt injection (PoisonedRAG, Zou et al. 2024, scaled down): the model answers a question from a poisoned passage in context; cut the (question-content query × poison-answer key) cells so the poisoned answer is not retrieved, while the poison string's ordinary meaning, the legitimate passages' edges, and answers to other questions survive. Cycle-1 deferred this on weak base elicitation (gemma-base P=0.027), NOT on principle — rerun with few-shot QA scaffolding to raise base P before screening.",
          "mechanism": "Answering-from-context is retrieval-head attention from the final-position question content to the answer-bearing key — the confirmed two-needle structure in deployment clothing. The discriminating endpoint is the poison-ANSWER key content (distinctive: the specific implanted string), paired against a question-content query; the legitimate passage's answer is a DIFFERENT key, so cutting (question × poison-answer) leaves (question × legit-answer) intact — differential by key content, not by positional identity, so the cycle-2 role-query failure does not apply.",
          "why_linear_steer_fails": "Suppressing the poison-answer direction destroys that string everywhere it appears (the steer paid 1.77 nats for exactly this in the isomorphic retrieval test); suppressing the question direction breaks the question itself. The attack is a PAIRING of two individually-legitimate contents — the definitional FRA cell.",
          "model_benchmark": "gemma-2-2b + PoisonedRAG-style QA-from-context templates (Zou et al. 2024 metrics: poison answer rate, clean answer rate) with few-shot scaffolding for base elicitation; GemmaScope res 65k.",
          "predicted_CCF": "high",
          "predicted_LBNR": "pass",
          "importance": "high"
        },
        {
          "context": "Acronym letter-mover external validity: run the rehabilitated acronym win on the full public 800-acronym dataset (Garcia-Carrasco et al. 2024) with unique target words, LBNR pre-filtering, and single/multi-token stratification — converting the N=12 existence proof (median R 0.93, median removal 0.94) into a distributional claim with legit-content KL vs the working projection-removal steer as the primary metric.",
          "mechanism": "(Query = the spelled letters so far — distinctive content per acronym) × (key = the capitalized word supplying the next letter). Cells are enumerable per acronym across the four mover heads; CCF 0.886 and LBNR R=+0.95 measured; the 'Unit' duplicate-word confound is a known conjunction-collision to stratify out, exactly as the failure-mode taxonomy prescribes.",
          "why_linear_steer_fails": "The decisive matched-removal result already exists: a content-gated projection-removal steer strong enough to suppress the letter-copy destroys the target word's representation everywhere (legit-Officer KL 2.636 nats) while FRA's cell edit leaves it at ~0.0000 (~26,000×). The distributional run tests whether that separability is the rule across 800 acronyms, not the favorable tail.",
          "model_benchmark": "gpt2-small + the public 800-acronym dataset of Garcia-Carrasco et al. 2024, res-jb SAEs; report the A and legit-KL distributions stratified by LBNR-pass and target-word uniqueness.",
          "predicted_CCF": "high",
          "predicted_LBNR": "pass",
          "importance": "medium"
        },
        {
          "context": "Context-faithfulness knob on gpt2-small ONLY (Ortu et al. 2024, Competition of Mechanisms): cut — or boost — the edge by which an in-context counterfactual ('The capital of France is Rome. The capital of France is') overrides the parametric fact, restoring (or enforcing) parametric recall without corrupting the counterfactual entity. Deliberately model-specific: the gemma variant is already screened out (R=0.24, distributed).",
          "mechanism": "Ortu et al. (gpt2-small primary) show the in-context answer wins via a sparse set of late attention heads copying the in-context attribute to the final position: query = the specific subject/relation content at the final position (distinctive fact-frame content, not a role), key = the counterfactual attribute token (distinctive content). The (fact-frame query × counterfactual-attribute key) conjunction is unique to the override event.",
          "why_linear_steer_fails": "Suppressing the attribute-token direction (Rome) corrupts that entity in every other use in the prompt and for every downstream consumer; suppressing a 'context-faithfulness direction' trades off faithfulness globally across all facts at once. The faithful-vs-parametric choice for ONE fact is edge-localized, not directional — only the cell edit is per-fact.",
          "model_benchmark": "gpt2-small + Ortu et al. 2024 CounterFact-derived subject-relation prompt set (metric: P(in-context answer) vs P(parametric answer)), res-jb SAEs.",
          "predicted_CCF": "high",
          "predicted_LBNR": "uncertain",
          "importance": "medium"
        },
        {
          "context": "Prompt-extraction (secret-leakage) defense: a system-prompt-style preamble holds a secret token; later extraction instructions elicit verbatim leakage ('repeat the password'). Cut the (extraction-intent query × secret-slot key) cells so extraction fails while the secret token's ordinary meaning and benign instruction-following ('repeat after me: hello') survive. Tensor Trust-style prompt-extraction robustness (Toyer et al. 2023), scaled to templates a 2b base model can execute via a leak demonstration (making it the proven induction-backdoor structure).",
          "mechanism": "Leakage is in-context retrieval: the emit position queries with extraction-intent content features (distinctive phrase content) and reads the secret token's key. The secret is a normal token (high marginal reuse elsewhere); extraction instructions are legitimate phrases in other uses; only their PAIRING is the attack — a separable conjunction with a content query, structurally identical to the confirmed in-context backdoor win.",
          "why_linear_steer_fails": "Suppressing the secret-token direction destroys the token everywhere (including its sanctioned use by the system itself); suppressing the extraction-instruction direction breaks benign repeat/recall instructions; a gated steer still broadcasts its write to every reader at the gated positions. The cell edit severs only instruction→secret transport.",
          "model_benchmark": "gemma-2-2b + scaled-down Tensor Trust prompt-extraction templates (metric: secret-emission rate + benign instruction-following accuracy), GemmaScope res 65k, with a few-shot leak demonstration to guarantee the behavior is induction-routed at base-model strength.",
          "predicted_CCF": "high",
          "predicted_LBNR": "pass",
          "importance": "medium"
        },
        {
          "context": "Class-level in-context PII regurgitation blocking: cut the UNION of (PII-attribute query × digit-string-class key) cells so ANY 'X's phone number is ___' regurgitation fails, while arithmetic on digits, entity names, and non-PII retrieval survive. Explicit reframe of the cycle-2 entity-sibling FAIL: per-entity separation is NOT attempted (entity identity is positionally resolved → not FRA-addressable, the known failure mode); the attribute-content query and the value-class family union are.",
          "mechanism": "Regurgitation is retrieval-head copying where the discriminating endpoint is the attribute-content query ('phone number', 'SSN' — distinctive lexical content, not an entity role), and the key endpoint is the digit-string feature family (common, legitimately reused in arithmetic and dates). The conjunction = in-context PII lookup as a CLASS — and class-level removal is exactly what FRA's set-algebra union over cells expresses (validated first by the cell-family-union synthetic).",
          "why_linear_steer_fails": "Removing the digit-direction breaks all numeracy; removing the attribute-phrase direction breaks every benign mention of 'phone number'; an emit-position-gated steer corrupts the entire residual that all heads and the MLP read there. No single direction can encode 'attribute-query AND digit-valued key', let alone the union over the attribute family.",
          "model_benchmark": "gemma-2-2b + ProPILE-style in-context PII probing templates (Kim et al. 2023; metrics: extraction rate on PII probes vs accuracy on arithmetic/date controls and non-PII retrieval), GemmaScope res 65k.",
          "predicted_CCF": "high",
          "predicted_LBNR": "pass",
          "importance": "medium"
        },
        {
          "context": "Occupational gender-pronoun stereotype edge: surgically remove the occupation→stereotyped-pronoun coreference edge ('The nurse said that ___' → 'she') while preserving gender information for legitimate use — named antecedents ('Mary the nurse … she'), explicitly gendered subjects, factual gender. Vig et al. 2020 causal-mediation (gpt2-small, Winogender/professions) is the established probe and located bias mediation in a SPARSE set of attention heads — the evidence for edge-routing and low redundancy.",
          "mechanism": "Pronoun emission attends from the pronoun-slot query back to the antecedent key; the DISCRIMINATING endpoint is the occupation KEY content (nurse/doctor — distinctive lexical features carrying a stereotyped-gender component), so the cells are (pronoun-slot query × occupation-stereotype key). In the legitimate case the gender is carried by a different edge — pronoun→named-antecedent — so cutting pronoun→occupation should leave it intact. Risk, stated plainly: the pronoun-slot query may be a generic role feature (the cycle-2 failure mode), and coreference is binding-adjacent (binding failed R=−0.89) — this is the boundary-probing bet of the set, run cheap and screened hard before Tier-2.",
          "why_linear_steer_fails": "Linear debiasing (gender-subspace projection / INLP-style removal — the standard baseline family) removes gender information EVERYWHERE, breaking factual and named-antecedent gender — the documented collateral of direction-based debiasing. The bias is not gender-content per se but a spurious PAIRING of occupation content with pronoun selection; only a pair-level edit can remove the pairing while keeping both contents.",
          "model_benchmark": "gpt2-small + Vig et al. 2020 professions/Winogender probe set and WinoBias templates (metrics: stereotyped-pronoun probability on bare-occupation prompts vs gender accuracy on named/explicit-gender controls), res-jb SAEs.",
          "predicted_CCF": "high",
          "predicted_LBNR": "uncertain",
          "importance": "medium"
        }
      ]
    },
    "n_candidates": 23,
    "ranked": {
      "ranked": [
        {
          "rank": 1,
          "behavior": "Corpus-level selective copy-suppression RELEASE on gpt2-small (L10H7 + L11H10 union): re-enable copy-suppression-head writing for ONE target token T across natural OpenWebText, leaving every other token's suppression intact. Includes the misfire-repair sign variant (disable suppression where it is wrong). Upgrades the in-repo s3 single-prompt win (R=+0.95, FRA collateral 0.022 vs head-ablate 0.503, A=22.7x, transfer confirmed) to the head's OWN published CSPA/OWT eval distribution.",
          "paper": "McDougall et al. 2023/2024, 'Copy Suppression: Comprehensively Understanding a Motif in LM Attention Heads' (arXiv:2310.04625, BlackboxNLP). QK alone explains 95.2% of L10H7's effect; algorithm explains 76.9% on OWT; CSPA is the published projection metric.",
          "benchmark": "gpt2-small on the paper's OWT/CSPA eval distribution (OWT completions binned by mean-ablation KL-effect percentile). Primary metric: legit-content KL on NON-target tokens at matched on-target release (edge-cut oracle logit-lift), FRA-union vs content-gated projection-removal steer; secondary: distribution of R/legit-KL across >=50 CSPA tokens; single-head vs 2-head-union arm tests L11H10 self-repair.",
          "score": 88,
          "predicted_verdict": "win",
          "attention_edge": "(about-to-predict-T query = the head's unembedding-aligned prediction signal, distinctive CONTENT per target T) x (T-appeared-earlier-in-context key). Per-token FAMILY of separable cells sharing the head's bilinear form; union over the two carrying negative heads {L10H7, L11H10}.",
          "probe": "On OWT completions in top-KL-effect percentiles pick a suppressed token T (e.g. a repeated name); MATCH on-target release to the edge-cut oracle's logit(T) lift across methods. Measure (i) corpus-wide collateral = mean|suppression-change| on all non-T tokens, legit-KL FRA-union vs content-gated projection-removal of the T-direction (predict FRA ~1e-3, steer >1 nat, A~10^3); (ii) ablation arm FRA on L10H7-only vs union {L10H7,L11H10} (does single-head release get self-repaired by L11H10 = LBNR-redundancy + set-algebra existence proof); (iii) transfer: same T-keyed pairs release T in a held-out OWT context with no re-selection; stratify by token frequency, exclude duplicate-T-as-legit-content (acronym 'Unit' confound). Reuses jobs/s3_copysupp_tier2.py + acronym_steer3.py harness.",
          "feasibility": "gpt2-small + res-jb SAEs at blocks.{10,11}.hook_resid_pre — already loaded and validated end-to-end in s3. Only new code: union over 2 heads + corpus KL-percentile loop. One small GPU pod. Lowest-lift, highest-confidence in the set.",
          "why_linear_steer_fails": "Copy-suppression is a per-token family of cells; releasing T requires touching one cell. A projection-removal steer must suppress a MARGINAL endpoint: the T-prediction direction (corrupts T's representation in every prompt where the model legitimately predicts T — the measured 26,000x-class collateral) or the T-in-context direction (corrupts T everywhere read); head-ablation releases ALL tokens at once (measured 0.503 vs FRA 0.022). And the UNION across {L10H7,L11H10} in one content-addressed edit is something no single direction in one place can express at all.",
          "why_ranked": "The most de-risked candidate: CCF 0.98 and LBNR R=+0.95 already measured in-repo (s3), QK explains 95.2% of the head (published), direct-consumption holds (the head writes -T into logits — the attended token's OV write IS the effect), no MLP recomputation, content query is distinctive (about-to-predict-T). The only open question is external validity of R across CSPA tokens — exactly what the corpus run measures — and the L11H10 backup, which FRA addresses by union (a non-amplifying dampening chain, unlike IOI's overshooting name-movers, so set-algebra resolves it). Real published benchmark with a published projection metric (CSPA). Separability story is the cleanest measured (26,000x analog). Slightly below a perfect 90+ only because the win is already substantially demonstrated single-prompt, so the marginal scientific yield is external-validity confirmation rather than a new mechanism."
        },
        {
          "rank": 2,
          "behavior": "ICL data-poisoning label-flip defense: a fixed semantic trigger phrase at the end of poisoned few-shot demonstrations makes the model copy the attacker-label for ANY triggered test input. Cut the (trigger-content query x attacker-label key) attention cells so triggered inputs classify by true sentiment, while clean ICL accuracy and the trigger phrase's ordinary meaning are untouched. Published-benchmark instantiation of the in-repo in-context-backdoor win (FRA 0.07 nats vs DoM 1.83 / conv-SAE 6.06, 27-90x).",
          "paper": "ICLAttack (Zhao et al. 2024, arXiv:2401.05949, ASR ~100% on SST-2 with end-of-example triggers, no fine-tuning); Kandpal et al. 2023 ICL backdoor; Wan et al. 2023 instruction poisoning.",
          "benchmark": "Poisoned SST-2 + AG-News few-shot suites (ICLAttack end-trigger). Metrics: ASR (flipped-label rate on triggered inputs); clean ICL accuracy (untriggered); legit-content KL on normal text containing the trigger phrase. gemma-2-2b 8-shot primary; gpt2-small token-label-stream fallback.",
          "score": 84,
          "predicted_verdict": "win",
          "attention_edge": "(trigger-phrase content feature at the test/emit position as QUERY — distinctive trigger-phrase CONTENT, clause-4 content-query) x (attacker-label token in a poisoned demo as KEY — COMMON because every clean demo legitimately writes the same label tokens). Carried by label-copying/induction heads, found by causal edge-cut ranking.",
          "probe": "Plant ICLAttack end-trigger in k poisoned SST-2 demos with the attacker label; confirm ASR>0.8, clean acc unchanged. Rank label-copying heads by causal edge-cut (cut test->demo-label edge, watch ASR drop; discard raw-attention/sink heads). FRA: ablate top (trigger-query x attacker-label-key) pairs across those heads, sweep c to matched ASR-removal. At matched removal measure vs content-gated projection-removal steer: (1) ASR after edit, (2) clean ICL accuracy on untriggered inputs, (3) legit-content KL on normal text with the trigger phrase. Win = FRA preserves clean accuracy + trigger meaning at >=10x lower collateral. Random-pair null + faithful-scale (c~1-2) checks. Direct port of the ic*.py in-context-backdoor harness to the published poisoned-SST-2 templates.",
          "feasibility": "gemma-2-2b + GemmaScope res 65k (primary); gpt2-small + res-jb (fallback). Same forward-pass FRA score-edit harness as the confirmed in-context backdoor flip (ic3_fair.py / ic4_dom_conv.py). One GPU tranche.",
          "why_linear_steer_fails": "A content-gated steer must suppress one of two individually-legitimate things: the trigger direction (corrupts its benign meaning everywhere) or the label direction (every CLEAN demo writes the same label tokens, so this breaks ALL ICL classification — collateral straight onto clean accuracy). Even gated to test positions the residual write is read by every head's Q/K/V and the MLP there. FRA cuts only the (trigger x attacker-label) pairing; clean demos pair their label with a non-trigger query and fail the conjunction. reuse(label|eval) high, reuse(trigger x attacker-label|eval) ~0 -> A large.",
          "why_ranked": "Structurally IDENTICAL to the program's already-confirmed in-context-backdoor win (the FRA 0.07 vs DoM 1.83 result), now on a PUBLISHED, high-importance benchmark (ICLAttack ASR~100%) — the safety payoff is the highest in the set. Marginal reuse >> conjunction reuse by construction (planted normal tokens), so the separability angle is airtight. LBNR passes because no backup circuit re-supplies the ATTACKER's (semantically-wrong) label and the genuine-sentiment route is a separate surviving pathway. Below copy-suppression only because it is a NEW empirical run (the in-repo backdoor was synthetic, not the SST-2 benchmark) and carries one real risk: ICLAttack's trigger is a SENTENCE, so the query-content may smear across positions and delocalize the conjunction — mitigated by the highest-ASR single-phrase end-trigger and verifying the query feature concentrates."
        },
        {
          "rank": 3,
          "behavior": "RULER MK-NIAH distractor-resistant single-key retrieval (hard-distractor): haystack filled with same-format key-value distractor needles; the model must retrieve ONLY the queried key's value. FRA strengthens (or, for a poisoned distractor, severs) the (question-content query x target-key key) cell on causally-identified RETRIEVAL heads (Wu et al. retrieval-score, not 'induction heads by attention'), fixing distractor-confusion while leaving every other in-context pair retrievable.",
          "paper": "Wu et al. 2024 'Retrieval Head Mechanistically Explains Long-Context Factuality' (arXiv:2404.15574, ICLR 2025) for retrieval-score head-detection + masking-ablation LBNR; RULER (Hsieh et al. 2024, arXiv:2404.06654) MK-NIAH hard-distractor task.",
          "benchmark": "gemma-2-2b + GemmaScope res 65k on RULER MK-NIAH at short context (2-4K, small models >0.9, behavior elicited at base strength) with 3+ same-format distractors. Metric: target-value retrieval accuracy + distractor-emission rate; tune distractor count/length to push base acc into the contested 0.5-0.8 band. gpt2-small fallback: shortened K-V-list NIAH.",
          "score": 80,
          "predicted_verdict": "win",
          "attention_edge": "(queried-key-content)_q at the generation position x (matching key-token feature)_k at the needle. Differential-by-KEY-CONTENT (the distinctive queried-key string), NOT positional slot — so it ESCAPES the cycle-2 box/entity role-query failure. OV-transported content = the value token = the emitted answer (direct consumption).",
          "probe": "PRIMARY (separability): at matched on-target effect (target retrieval restored to fixed level for the boost arm, or distractor-emission cut by fixed amount for the poisoned-distractor cut arm), measure (1) distractor-emission/cross-needle collateral and (2) legit-content KL where the key/value strings appear in ordinary use, FRA-QK vs a context-faithfulness ActAdd (DeCoRe-style retrieval-head amplification), a target-key projection steer, and conv-SAE. SECONDARY (transfer): extract the cell-set + causal retrieval-head list on instance A, apply unchanged to held-out B (same template, different filler/positions/random value) — success = edit still fixes/severs at low collateral. LBNR pre-check: causal head-finding via retrieval-score + edge-cut; masking FRA-found heads collapses target retrieval, random heads inert. Reuses r2_fra_retrieval.py + the 2-needle harness; new code = Wu retrieval-score detector + RULER template generator.",
          "feasibility": "gemma-2-2b + GemmaScope 65k (RMSNorm -> FRA RMS correction exact, edge-ratio 1.07; single GQA KV head simplifies head-coverage). Short context keeps it in the small-model sweet spot. gpt2-small + res-jb fallback. Reuses the confirmed retrieval FRA-QK edit code. One GPU tranche.",
          "why_linear_steer_fails": "Purest separability test that exists: every distractor shares the target's key-value FORMAT and VALUE-TYPE (random alphanumerics), so content is maximally reused. A query-side steer changes scores through ONE fixed pullback direction over keys — it boosts/cuts the whole key ROW (every distractor is key-shaped), cannot express 'attend to the queried key, not the others'. A retrieve-more/be-faithful direction (DeCoRe baseline) deposited at the generation position is read by every head's Q/K/V + MLP and amplifies ALL needles equally, raising distractor-emission as much as target retrieval. FRA's cell fires only on (queried-key x matching-key), which by construction does NOT recur for distractor keys -> collateral ~0.",
          "why_ranked": "Best PUBLISHED LBNR evidence in the whole brainstorm: Wu et al. measure load-bearing/non-redundancy BEHAVIORALLY (retrieval heads 3-6% of heads, masking top ones drops NIAH <50%, random heads inert, ~12 non-redundant always-active heads), and NIAH guarantees the answer can ONLY come from copying the needle (no parametric/grammar backup) — the exact negation of IOI and delimiter. Differential-by-key-content escapes the cycle-2 role-query trap. Direct consumption holds (value token IS the answer). Below ICL-poisoning because: (a) it is the deployment-clothing of the ALREADY-confirmed two-needle retrieval win (lower novelty), (b) the boost arm needs base accuracy tuned into a contested band or there is no error to fix, (c) the paper's documented PARTIAL retrieval-head redundancy means LBNR passes only if ALL causally-ranked carriers are cut — a real execution risk. Real long-context benchmark, high importance."
        },
        {
          "rank": 4,
          "behavior": "Class-level in-context recall cut via set-algebra UNION (PII-class prerequisite): a prompt holds N (attribute->value) digit-string-CLASS pairs + M (attribute->word-value) pairs + arithmetic controls. Cut the UNION of every (any-attribute-query x digit-class-key) FRA cell in ONE edit so ALL digit-class lookups fail uniformly, while word-value lookups, out-of-retrieval digit use (arithmetic), and the attribute phrases' meaning are untouched. Class membership of the KEY is the only selector — no per-instance selection, no sibling separation.",
          "paper": "New synthetic (theory's cell-family-union setting). Structure = the confirmed in-context induction/retrieval win generalized to a key-feature FAMILY; selection by GemmaScope digit-class features. Validates the union prerequisite behind ProPILE PII blocking (Kim et al. 2023) and Tensor-Trust secret-extraction (Toyer et al. 2023).",
          "benchmark": "gemma-2-2b + GemmaScope res 65k. Synthetic in-context recall suite: per prompt N digit-class pairs + M word-value pairs + K arithmetic/date items using digits outside retrieval. Metrics: on-class removal mean AND across-instance variance (uniformity), non-class recall (preserved), arithmetic/date accuracy (preserved), legit-digit KL in arithmetic. gpt2-small res-jb fallback.",
          "score": 72,
          "predicted_verdict": "win",
          "attention_edge": "query = attribute-content feature at emit ('phone number'/'code' lexical feature — distinctive content, NOT a slot role) x key = digit-string CLASS feature (fires on any digit token). UNION over all attribute queries paired with the digit-class key, summed across causally-ranked retrieval/induction heads.",
          "probe": "Cut UNION of (attribute_i-query x digit-class-key) FRA cells across causally-ranked retrieval heads at faithful scale c~1.5-2. Report: (i) on-class removal mean AND across-instance variance (uniformity); (ii) non-class recall + arithmetic-accuracy deltas (preservation); (iii) A = reuse(digit-marginal|eval)/reuse(class-conjunction|eval); (iv) head-to-head vs digit-direction projection-removal (predict it wrecks arithmetic) and vs N enumerated position-patches (predict per-site enumeration, no held-out generalization). Reuses the in-context-backdoor edit harness; new code = digit-class feature identification + union-over-cells.",
          "feasibility": "gemma-2-2b + GemmaScope res 65k (clean digit-class features); gpt2-small + res-jb fallback. Pure forward-pass FRA score edit, no training. One GPU tranche.",
          "why_linear_steer_fails": "Categorical, not just quantitative: a linear steer is ONE direction and cannot encode 'attribute-query AND digit-valued-key', let alone a UNION over the attribute family — it imitates a row or column of W_QK, never a cell-set. Both single-direction collapses collateral: removing the digit direction breaks ALL numeracy (arithmetic/dates die); removing an attribute-phrase direction breaks its benign uses. An emit-position-gated steer still broadcasts to every head's Q/K/V + MLP. A position-patch hits one site, cannot express 'this class wherever it occurs'. FRA's union is the unique handle; collateral scales with reuse(class-conjunction|eval) ~ 0.",
          "why_ranked": "The UNIQUE expressive capability no baseline can touch — set-algebra UNION over a feature family — and the load-bearing prerequisite behind the high-importance class-level PII / secret-extraction bets. LBNR is structurally clean: each class-instance is carried by the SAME in-context retrieval heads already proven load-bearing, the digit-class value has no other in-context source (no delimiter-style cue-redundancy) and no parametric backup (planted in-context, unlike the failed gemma knowledge-conflict). Held back from the top tier because: (a) it is a NEW SYNTHETIC, not a published benchmark (importance is via the downstream bets it enables, not direct), (b) the real risk is REACH — a wide union spread across many tiny cells at fixed top-K may under-cover edges (the 1M-fragmentation regression; 65k is the matched sweet spot) — bounds completeness, and (c) whether a single clean 'digit-class' GemmaScope feature exists, or it fragments across many features, is unverified and gates the whole union construction."
        },
        {
          "rank": 5,
          "behavior": "In-context counterfactual override / context-faithfulness on gpt2-small ONLY (Ortu et al.): a planted in-context attribute overrides the parametric fact ('The capital of France is Rome. ... The capital of France is ___' -> 'Rome'). FRA cuts the (fact-frame query x in-context-attribute key) cells across the concentrated mover heads to restore parametric recall / enforce faithfulness per-fact, without corrupting the counterfactual entity elsewhere.",
          "paper": "Ortu et al. 2024 'Competition of Mechanisms' (gpt2-small primary); 'Tracing Facts or just Copies?' (2507.11809, heads are OV-copy/induction movers not MLP fact-computers); generalizability study (2506.22977: no robust self-repair on gpt2-small, specialization dilutes at scale).",
          "benchmark": "gpt2-small + Ortu CounterFact-derived subject-relation prompt set; metric P(in-context answer) vs P(parametric answer). res-jb residual SAEs + att-jb attention-output SAEs (L9-L11). Deliberately gpt2-small-only (gemma variant already screened out at R=0.24, distributed).",
          "score": 66,
          "predicted_verdict": "win",
          "attention_edge": "query = specific subject+relation content at the final 'is ___' position (distinctive fact-frame CONTENT, not a role) x key = the in-context counterfactual attribute token ('Rome', distinctive content). Carrying heads concentrated (L10H7 & L11H10 ~70% of suppression contribution; counterfactual promoters L9H6/L9H9/L10H0/L10H10). 2-head attention-modification already flips factual recall 4%->50% (~12.5x = load-bearing).",
          "probe": "Tier-1: CCF on the (fact-frame-query x counterfactual-attribute-key) edge over the mover heads (expect content-conj, BOS/positional killed). Tier-2: legit-content KL at MATCHED on-target removal vs a content-gated projection-removal steer on the 'Rome'-key direction: on-target = restore P(parametric); collateral = KL on held-out sentences where 'Rome' appears legitimately (fact-frame absent). Win = FRA legit-KL ~0.000 while matched steer >1 nat (predict ~10^3 by analogy to retrieval 1100x / acronym 26000x). LBNR head-finding: rank heads by causal edge-cut, cut top-k UNION (promoter heads may additively over-determine the copy — FRA addresses by union, a position-patch cannot), verify override collapses with no backup recovery. Reuses g_screen + acronym_steer3-style projection-removal baseline.",
          "feasibility": "gpt2-small (Ortu's primary model); res-jb 25k residual SAEs + att-jb 32k attention-output SAEs both public for L9-L11; Ortu CounterFact prompt set released. Directly runnable with the existing CCF/LBNR/Tier-2 harness.",
          "why_linear_steer_fails": "The counterfactual attribute 'Rome' is individually-legitimate content (a real city, present in the prompt, must stay represented). A projection-removal steer strong enough to stop the copy must suppress the 'Rome'-key direction (destroys that entity everywhere it legitimately appears — the isomorphic retrieval test paid 1.77 nats for exactly this) or a global context-faithfulness direction (trades faithfulness across ALL facts at once). The override is a PAIRING of two individually-legitimate contents; only the FRA cell severs fact-frame->attribute transport while leaving 'Rome' readable.",
          "why_ranked": "Strong on paper: content query (fact-frame), content key (counterfactual attribute), concentrated sparse mover heads with PUBLISHED direct-consumption evidence (OV-copy, MLP not required — 'Tracing Facts or just Copies?'), and a 2-head intervention already published as load-bearing (4%->50%). Structurally the in-context-retrieval win in CounterFact clothing, with the same ~1100x separability prediction. Held to mid-rank by a SPECIFIC measured caution: the program already got LBNR-R=+0.24 on the gemma-base variant and screened it out — the literature pins that to model-scale dilution (NOT to gpt2-small), so it is deliberately gpt2-only, and LBNR MUST be re-measured there; the additive counterfactual-promoter heads are a real IOI-style over-determination risk requiring a union cut. predicted_LBNR=uncertain in one brainstorm, pass in another — the honest read is pass-on-gpt2-pending-causal-head-cut, so it sits below the de-risked wins."
        },
        {
          "rank": 6,
          "behavior": "Repetition-loop break on gpt2-small: greedy decoding collapses into verbatim phrase loops; break the loop by cutting the model's SELF-copy induction cells for the looping phrase — (query = current loop-phrase token x key = token-after-previous-occurrence) — instead of a global frequency/repetition penalty that damages every legitimate reuse of those tokens.",
          "paper": "Holtzman et al. 2019 ('Curious Case of Neural Text Degeneration'); Xu et al. 2022 ('Learning to Break the Loop', NeurIPS/DITTO) — P(repeat) self-reinforces with prior in-context occurrences (induction signature); BUT same literature attributes loops to induction heads AND specialized MLP repetition neurons + logit self-reinforcement.",
          "benchmark": "gpt2-small greedy decoding on WebText/OpenWebText prompts; metrics rep-n, loop rate, distinct-n; fluency = held-out non-loop perplexity. res-jb SAEs all layers.",
          "score": 52,
          "predicted_verdict": "uncertain",
          "attention_edge": "(current loop-phrase token query — distinctive phrase CONTENT) x (token-after-previous-occurrence key). The loop is the induction conjunction applied to the model's own output; direct-consumption (looped token IS the attended token's OV write) is exactly what is in question.",
          "probe": "Generate greedy continuations until loops form (Xu setup), identify the looping phrase. FRA-ablate the UNION of (loop-token query x prior-occurrence-successor key) cells across the 5 induction heads (L5H5/L6H9/L5H1/L7H10/L7H2, already characterized), sweep c. Metrics: loop-break rate, rep-n, distinct-n, fluency (held-out non-loop perplexity) vs DoM(loop-direction) and a repetition penalty at MATCHED loop-break. CRITICAL LBNR control = ablation-completeness ladder: single offset -> union of offsets -> union + causal backup heads. If loops survive the full union but die under DoM -> verdict FAIL (MLP/logit-routed). If the union breaks loops at low fluency cost where the penalty hurts global fluency -> win. Reuses the induction-edit code (j*.py).",
          "feasibility": "gpt2-small + res-jb SAEs; the 5 induction heads already characterized in this project. One small GPU pod.",
          "why_linear_steer_fails": "IF edge-routed: the deployed fixes (frequency/repetition penalty, DITTO, token-direction suppression) are exactly marginal-endpoint penalties — they damage every legitimate reuse of the looped tokens (names, anaphora, technical terms legitimately repeat) and degrade fluency globally (the documented cost of repetition penalties). FRA would cut only the self-copy edge. But the advantage is CONDITIONAL on passing LBNR, not independent of it.",
          "why_ranked": "Genuine separability story and a real, important deployment problem with established metrics — but the literature flags TWO stacked LBNR risks the predictor weights heavily: (1) DOWNSTREAM/MLP CONSUMPTION (the greater-than failure mode) — loops are attributed to specialized MLP repetition neurons + logit self-reinforcement where P(token) rises each repeat independent of any edge, so if the loop is MLP/logit-sustained after the first repeat, cutting attendance does not stop it; (2) HEAD+CUE REDUNDANCY — after R loops, R parallel induction edges redundantly supply the next token. FRA's only shot is the UNION over all offsets+heads, and even then it may lose to a logit penalty. Honest uncertain: the ablation-completeness ladder decides it. Ranked above the screened-out negatives because the separability angle and benchmark are real and the experiment is cheap and decisive, but below the wins because LBNR is the most likely failure point."
        },
        {
          "rank": 7,
          "behavior": "RULER MV-NIAH cross-talk control: several needles share related keys or one key maps to several values; deleting ONE key-value association must not damage other in-use associations in the SAME prompt. FRA cuts the single (queried-key query x that-value's-key key) cell (with two-sided differential cells if a value endpoint is shared), forcing any linear steer to damage an entire row AND column of live associations.",
          "paper": "Wu et al. 2024 (retrieval heads, arXiv:2404.15574) + RULER MV/MK-NIAH (Hsieh et al. 2024); long-context-benchmark instantiation of MQAR (Arora et al. 2023) and the project's shared-endpoint sibling test.",
          "benchmark": "gemma-2-2b + GemmaScope 65k on RULER MV/MK-NIAH at 2-4K context; metric = per-association retrieval accuracy (target dropped, all siblings retained) + cross-association collateral. gpt2-small + res-jb fallback.",
          "score": 50,
          "predicted_verdict": "uncertain",
          "attention_edge": "(queried-key-content)_q x (target value's key-token)_k on causal retrieval heads, with the shared endpoint = the value-TYPE feature when two needles carry same-format values; differential cells = target-edge top-M minus sibling-edge top-M.",
          "probe": "At matched target-association removal, measure sibling-association retrieval retention and cross-association KL for FRA full-pair cells, FRA differential cells, and the linear/conv-SAE baselines. Sweep key-distinctiveness (distinctive lexical keys -> generic role keys) to trace A from the candidate-3 regime down to the ~1.9x sibling floor and locate where differential cells stop helping (no non-shared mass). LBNR: confirm cutting the target cell drops target retrieval, retrieval-head masking as the causal check. Shares head-detection + differential-cell code with candidate 3 and g5_s2gemma.py.",
          "feasibility": "Same stack as candidate 3; only extra machinery is two-sided differential-cell selection (already implemented for the sibling test) + an MV/MK template generator. One GPU tranche shared with candidate 3.",
          "why_linear_steer_fails": "The cell-vs-row-AND-column argument in its purest deployment form: deleting one association forces a linear steer to damage an entire ROW (all values sharing the queried key) AND COLUMN (all keys sharing the value type) of in-use associations within a single prompt, because its score effect is one pullback direction and its residual write is read by every consumer. Only a cell (or two-sided differential cell) edit spares the live siblings.",
          "why_ranked": "Deliberately probes the conjunction-recurrence BOUNDARY rather than assuming a win — and the program has ALREADY MEASURED that boundary: the shared-endpoint sibling test gave A=1.9x full-pair, 7.9x with differential cells, and the entity-PII sibling differential was a NO-OP at strong base (zero on-target effect, caught by the matched-removal guard). When needles share a value endpoint, the (query x value) conjunction partially recurs, so separability degrades toward the floor exactly where differential cells run out of non-shared mass. LBNR (cutting the edge) passes; what is uncertain is whether enough non-shared score mass survives for separability to clear baselines. Useful as the high-stress companion to candidate 3 and as a clean test of whether two-sided differential cells compose on a real benchmark — but its expected outcome is a curve from win to floor, not a clean win, so it ranks below candidate 3 and is worth running only co-scheduled with it."
        },
        {
          "rank": 8,
          "behavior": "In-context planted coreference backdoor (clean Type-2 syntactic resolution): a few-shot block establishes 'NAME ... <pronoun> -> resolves to NAME', then a triggered test item flips the model to copy the WRONG antecedent's attribute. Cut the (test-pronoun-content query x poisoned-antecedent key) cells so triggered items resolve correctly, while clean in-context coreference and the antecedent tokens' meaning survive. The trigger is engineered to FORCE a content query, deliberately passing clause-4 where natural coreference fails it.",
          "paper": "Builds on the confirmed in-context backdoor win (FRA 0.07 vs DoM 1.83 / conv-SAE 6.06) + WinoBias Type-2 (Zhao 2018, has syntactic cues a 2b model follows with few-shot scaffolding).",
          "benchmark": "gemma-2-2b + GemmaScope res 65k (RMSNorm exact) on few-shot WinoBias-Type-2 / planted-coref templates; metric = triggered-item correct-resolution rate + clean-item coref accuracy + antecedent-token meaning KL. gpt2-small fallback.",
          "score": 48,
          "predicted_verdict": "uncertain",
          "attention_edge": "query = the test pronoun's binding-cue content made DISTINCTIVE by the planted trigger phrase (not a bare 'pronoun-slot' role) x key = the (mis)bound antecedent/attribute token. The trigger forces a content query so the conjunction is unique to the attack — engineered to pass clause-4.",
          "probe": "Edge-cut LBNR on triggered correct-resolution rate (must restore toward clean accuracy) across all carrying retrieval heads; separability = legit-content KL on clean coref items + antecedent-token meaning at MATCHED triggered-removal, vs DoM and conv-SAE. Confirm reuse-flip: marginal antecedent-token reuse high, (trigger x antecedent) conjunction reuse ~0 on the eval support. CRITICAL pre-screen: verify the trigger query feature concentrates and does NOT collapse into the generic pronoun-slot role (the binding-distributed failure mode). Reuses ic*.py backdoor harness retargeted to coref templates.",
          "feasibility": "gemma-2-2b + GemmaScope 65k (or gpt2-small). Type-2 syntactic coref + few-shot scaffolding is executable at 2b base strength; the planted trigger makes it induction-routed — the same setup that already won.",
          "why_linear_steer_fails": "Suppressing the antecedent-token direction destroys that entity everywhere it legitimately appears (clean demos copy the same tokens); suppressing the trigger/pronoun direction breaks the pronoun and all benign coref. A content-gated steer at the emit position still broadcasts to every head's Q/K/V + MLP. FRA cuts only trigger->poison-antecedent transport.",
          "why_ranked": "The ENGINEERING move (planting a distinctive trigger to force a content query) is exactly what the cycle-2 clause-4 sharpening prescribes, and IF it works it is structurally the confirmed in-context backdoor win re-skinned. But coreference is BINDING-ADJACENT, and binding FAILED hard in the program (R=-0.89, distributed across query/key subspaces of multiple heads with a retrieval-conditioned rebinding/self-repair circuit). The whole bet rides on whether the planted trigger genuinely localizes the query to distinctive content rather than re-collapsing into the generic pronoun-slot role that made natural coreference non-separable. That is an empirical coin-flip the pre-screen must settle — so it is honestly uncertain and ranks below candidate 2 (which has no binding-adjacency risk) despite sharing the backdoor mechanism."
        },
        {
          "rank": 9,
          "behavior": "Occupational gender-pronoun stereotype edge (WinoBias Type-1 / Winogender): bare-occupation prompts ('The nurse said that ___' -> 'she') default to the stereotyped pronoun. Remove ONLY the occupation->stereotyped-pronoun edge while preserving gender for legitimate use (named antecedents, explicitly gendered subjects, factual gender).",
          "paper": "Vig et al. 2020 'Investigating Gender Bias in LMs Using Causal Mediation Analysis' (NeurIPS, arXiv:2004.12265) — bias mediated by a SPARSE but SYNERGISTIC set of heads (one stereotype-aligned, one following-token, one anti-stereotype); WinoBias (Zhao 2018) + Winogender (Rudinger 2018).",
          "benchmark": "gpt2-small + WinoBias Type-1 + Winogender; metric = P(stereotyped pronoun) on bare-occupation prompts vs gender accuracy on named-antecedent / explicit-gender controls. res-jb SAEs all layers.",
          "score": 38,
          "predicted_verdict": "uncertain",
          "attention_edge": "query = pronoun-slot / about-to-emit-pronoun position (RISK: plausibly a generic ROLE feature, the cycle-2 failure clause) x key = occupation token (nurse/doctor) carrying a stereotyped-gender component. The discriminating, distinctive-CONTENT endpoint is the occupation KEY, not the query.",
          "probe": "Causal LBNR first: rank heads by edge-cut effect on P(stereotyped pronoun) for (pronoun-emit-query x occupation-key) cells; cut across all carrying heads; must drop toward 50/50 with no synergistic/MLP backup restoring it. Separability metric (only if R>=0.8): legit-content KL on named-antecedent + explicit-gender controls (must stay ~0) and occupation-token usage KL, vs INLP/gender-subspace projection steer at MATCHED bias removal. Pre-screen: CCF>0.5 after sink-masking AND path-patching to confirm the EDGE (not the occupation-token direct path / MLP) carries the gender — kill the candidate cheaply if it is output-direction-routed.",
          "feasibility": "gpt2-small + res-jb SAEs; WinoBias/Winogender small public template sets; the stereotype-bias direction is the DEFAULT behavior (elicitable at base strength). Vig's heads published for gpt2. Cheap to screen.",
          "why_linear_steer_fails": "IF load-bearing: standard linear debiasing (INLP / gender-subspace projection) removes gender content EVERYWHERE — breaks named-antecedent coreference, explicit-gender subjects, factual gender (the documented collateral of direction-based debiasing). The bias is a spurious PAIRING of occupation content with pronoun selection; only a pair-level edit removes the pairing while keeping both contents readable. A win would be a clean pair-vs-direction demonstration on a socially-meaningful benchmark.",
          "why_ranked": "Two independent LBNR failure pressures the predictor weights heavily: (1) the query is plausibly a GENERIC pronoun-slot ROLE feature (cycle-2 clause-4 trap — A collapses toward 1 because the conjunction recurs across pronoun emissions); (2) Vig EXPLICITLY documents SYNERGISTIC multi-head mediation (the IOI redundancy signature, where additive cell-cutting under-removes), AND the bias may be OUTPUT-DIRECTION-ROUTED (if 'nurse' just carries a female-direction the unembedding reads, cutting the attention edge dents nothing — the greater-than/weight-baked failure). The only thing keeping it above the hard losses is that the discriminating endpoint is on the KEY side (occupation content, which does recur legitimately, giving a real separability story) — so it is a worthwhile CHEAP screen, but the honest expectation is LBNR-fail more often than win. Boundary-probe, not a Tier-2 spend."
        },
        {
          "rank": 10,
          "behavior": "Alias / definition-override jailbreak defense (payload smuggling / semantic anchoring): a prompt redefines a token ('From now on let ALIAS mean X') and later uses of ALIAS are treated as X. Cut the (ALIAS-query x X-referent-key) cells so downstream uses recover ordinary meaning, while the ALIAS word's normal sense and X's normal discussion survive.",
          "paper": "Novel (maps to the alias/redefinition jailbreak family; SoK Prompt Hacking arXiv:2410.13901; payload-smuggling). Mechanistically = the confirmed in-context induction/retrieval backdoor with a definition as the planted association.",
          "benchmark": "gpt2-small + res-jb (cheap induction-routed primary screen): neutral operationalization 'Let's call apples zorbs. A zorb is a kind of ___' -> P(fruit-meaning | ALIAS) as binding strength. gemma-2-2b + GemmaScope 65k for stronger definitions. Controls: ALIAS in ordinary sense; X discussed directly.",
          "score": 44,
          "predicted_verdict": "uncertain",
          "attention_edge": "query = ALIAS token-content feature at a usage position (distinctive: a specific often-rare alias token) x key = the X-referent/definition-payload feature in the redefinition clause. Carried by induction / in-context retrieval heads.",
          "probe": "Cut (ALIAS-query x X-referent-key) FRA cells across causally-ranked induction/retrieval heads at c~1.5-2. Behavioral: binding-broken rate = drop in P(X-meaning continuation | ALIAS). Separability: KL on ALIAS in its ordinary sense and on X discussed directly, FRA vs ActAdd suppressing the ALIAS direction and vs ActAdd suppressing the X direction, at matched binding-break. DECISIVE LBNR diagnostic: plot behavioral binding-break vs attendance-cut — tracking => direct consumption (win); plateau (like greater-than 0.98->0.87) => MLP re-derivation (lose). Reuses the in-context backdoor harness.",
          "feasibility": "gpt2-small + res-jb (primary cheap screen); gemma-2-2b + GemmaScope 65k. Forward-pass FRA score edit, same harness as the confirmed in-context backdoor flip.",
          "why_linear_steer_fails": "The smuggle is a PAIRING of two individually-benign contents (a common alias word + a legitimately-discussable referent). Suppressing the ALIAS direction corrupts the word's ordinary meaning everywhere; suppressing the X-referent direction blocks all legitimate discussion of X (over-refusal) and broadcasts to every reader. No single direction encodes 'ALIAS-query AND X-referent-key'.",
          "why_ranked": "Favorable on the discriminator (distinctive rare ALIAS token makes the conjunction unique, structurally like the confirmed backdoor) but two real risks keep it uncertain-leaning-lose: (1) semantic substitution may be re-derived DOWNSTREAM by an MLP from residual leftovers (the greater-than direct-consumption failure — cutting attendance may not stop a re-bound generation), and (2) meaning-override is BINDING-ADJACENT (binding R=-0.89, knowledge-conflict R=0.24 both failed as distributed). It is novel (no established benchmark, only a neutral proxy), which lowers importance/benchmark scores. Worth a cheap gpt2 LBNR screen with the tracking-vs-plateau diagnostic, but ranks below the gender-pronoun screen because it lacks an established benchmark and shares the same binding-adjacency risk without a measured-sparse-head prior like Vig's."
        },
        {
          "rank": 11,
          "behavior": "Relation-selective fact suppression (cell-vs-row stress in the recall domain): one subject carries TWO attributes via two relations sharing the subject KEY. FRA cuts ONLY the (relation-A-query x shared-subject-key) cell to suppress attribute A, while (relation-B-query x same-subject-key) and attribute B survive in the SAME prompt. Use the IN-CONTEXT planted-attribute arm to keep it OV-copy and dodge MLP re-derivation.",
          "paper": "Geva et al. 2023 (relation vs subject heads); Chughtai et al. 2024 (mixed heads carry separate subject- and relation-source contributions); Ortu et al. 2024 mover-head structure for the in-context variant.",
          "benchmark": "gpt2-small + a constructed two-relation/shared-subject template set; metric P(attr_A) and P(attr_B) jointly. res-jb + att-jb SAEs L8-L11.",
          "score": 42,
          "predicted_verdict": "uncertain",
          "attention_edge": "Two edges sharing the subject KEY: (relation-A content query x subject key) and (relation-B content query x subject key). DISCRIMINATING endpoint = the RELATION query ('capital-of' vs 'river-through'). FRA must cut one cell of the shared-key ROW while preserving the other — the literal cell-vs-row test. Differential cells if relation features are distinct content.",
          "probe": "FIRST measure FRA-mass overlap between the (relation-A x subject) and (relation-B x subject) edges (cheap query-specificity screen, the g5_s2gemma protocol): low overlap -> relation is content -> predict win; high overlap -> relation is role -> predict the 1.9x floor. Then Tier-2: cut (relation-A x subject) cells (or differential A-minus-B), on-target = P(attr_A) drop, collateral = P(attr_B) in the SAME prompt + legit subject KL; vs (i) subject-direction projection-removal (predict kills both attrs) and (ii) position-patch (predict fails, both at one position). Win iff differential-cell A drop large while B preserved and both baselines collateral. Reuses the shared-endpoint sibling + query-specificity-dial protocols.",
          "feasibility": "gpt2-small, fully feasible; templates cheap, res-jb + att-jb SAEs public. Reuses g5_s2gemma / shared_endpoint code retargeted from box/entity to relation/subject.",
          "why_linear_steer_fails": "Both relations query the SAME subject content at the SAME final position, subject heavily reused. A linear steer suppressing the subject-key direction kills BOTH attributes (the whole shared-subject row) and corrupts the subject everywhere; suppressing one attribute direction kills it in all its other uses. A position-patch cannot separate them (both read at the identical final position). Only the (relation-A x subject) vs (relation-B x subject) cell DIFFERENCE distinguishes them — inherently bilinear.",
          "why_ranked": "Directly tests clause-4 (distinctive-CONTENT discriminating endpoint) in the recall domain, and the purest recall-domain cell-vs-row instance. But it is a SHARED-ENDPOINT setup — exactly the configuration the program measured twice as a floor (box A=1.9x->7.9x partial; entity-PII differential NO-OP at strong base). The whole verdict hinges on whether a RELATION query localizes to distinctive content (win) or a generic 'queried-relation-slot' role (the 1.9x floor) — unknown until the cheap FRA-mass-overlap screen runs, and the prior on shared-endpoint setups is unfavorable. Also a constructed template, not a clean published benchmark. The cheap overlap screen is worth running as a clause-4 probe, but the expected outcome is the floor, so it ranks below the genuine wins and just above the hard losses."
        },
        {
          "rank": 12,
          "behavior": "Dyck deep-nesting innermost-closer (structural induction): at a deeply-nested close position where MULTIPLE opener types are open, emit the closer matching the INNERMOST opener. Cut the (close-slot-query x innermost-opener-key) cell to redirect the close. The one structural case where local cues underdetermine which open bracket to close.",
          "paper": "Dyck-k transformer studies (Yao et al. 2021 'Self-Attention Networks Can Process Bounded Hierarchical Languages'; Ebrahimi et al. 2020); induction framing (Olsson 2022) on structure.",
          "benchmark": "Synthetic Dyck-k with controlled nesting depth d and number of simultaneously-open distinct bracket types; metric = P(correct innermost closer) + stack-depth accuracy, stratified by depth. gpt2-small res-jb.",
          "score": 32,
          "predicted_verdict": "uncertain",
          "attention_edge": "query = close-slot at depth d carrying a 'pop-the-stack' structural feature (RISK: generic depth/role feature) x key = the innermost-still-open opener token feature. Cell = (close-slot-query x innermost-opener-key), competing against outer-opener cells.",
          "probe": "Build Dyck-k stimuli at increasing depth d with multiple open types; confirm base P(correct innermost closer) high. CCF on (close-slot x innermost-opener) after sink-masking. LBNR-R via causal edge-cut: does redirecting the cell to an outer opener flip the emitted closer? CRITICAL clause-4 discriminator: measure FRA-mass OVERLAP between the target close-edge and a sibling same-type close-edge at the same depth — low overlap => content query => separable (potential win at high d); high overlap => role/positional query => not separable (lose, like box/entity). Separability metric if it passes: legit-content KL on the redirected opener + accuracy on all OTHER same-type spans vs a bracket-type projection-removal steer at matched redirect.",
          "feasibility": "gpt2-small + res-jb on synthetic Dyck-k; cheap. Risk: gpt2-small may not robustly solve deep Dyck-k — calibrate depth to where base accuracy >~0.6, else behavior too weak (fact-recall failure mode).",
          "why_linear_steer_fails": "The bracket-TYPE feature of each opener is reused at every same-type span; a steer suppressing the '['-opener direction at the close slot corrupts every '[' for all readers and can only hit the entire '['-ROW of W_QK — cannot subtract the single (this-close-slot x this-innermost-'[') cell while preserving (this-close-slot x the-outer-'[') and (other-close-slots x this-'['). FRA's cell redirects exactly one pop. The crux: this only pays off if the query is distinctive CONTENT, not a generic depth-role feature.",
          "why_ranked": "The structural family's BEST shot at a non-redundant matching edge (deep nesting with multiple open types defeats the delimiter case's distributional redundancy by construction — depth disambiguation has no alternative cue), which is genuinely interesting. But it stacks the two failure modes the program is most wary of: (1) the query is most likely a generic 'top-of-stack' depth-ROLE feature (positionally resolved -> the cycle-2 clause-4 trap, conjunction recurs across same-type same-depth brackets, A->1), and (2) a depth-COUNTER MLP may maintain the stack with the edge only reading it (greater-than direct-consumption failure). Plus gpt2-small may not solve deep Dyck-k at all (behavior-too-weak). Synthetic, low importance. The FRA-mass-overlap screen is cheap and would resolve whether ANY structural-matching behavior is separable, but the prior is unfavorable — hence low rank, run-only-if-spare-cycles."
        },
        {
          "rank": 13,
          "behavior": "gemma-2-2b copy-suppression ANALOG: locate a whole-distribution copy-suppression/negative head in gemma-2-2b and attempt selective per-token release with GemmaScope 65k + the exact RMSNorm FRA correction. Cross-architecture generalization of the L10H7 win — flagged the SKEPTICAL bet.",
          "paper": "McDougall et al. 2024 (copy-suppression heads exist across scales but are WEAKER in larger models and do NOT cleanly use unembedding directions — 'no clean copies by projecting outputs onto unembedding directions'); GemmaScope (Lieberum 2024).",
          "benchmark": "gemma-2-2b + GemmaScope res 65k; synthetic copy-suppression probe ('The X was a T. The X was a' where the head lowers P(T)) for causal head-finding, then short natural completions. Metric = legit-content KL on NON-T tokens FRA vs content-gated projection-removal at matched release.",
          "score": 30,
          "predicted_verdict": "uncertain",
          "attention_edge": "query = 'about-to-predict-T' x key = 'T-in-context', IF a gemma head carrying this content x content conjunction is found and is non-sink. Open question: gemma's weaker, less-unembedding-aligned copy-suppression may be distributed/direction-routed, not a clean cell.",
          "probe": "Stage 0 (cheap gate): sweep gemma heads for negative copy-suppression score on the synthetic probe; require a head whose edge-cut materially raises P(T). Stage 1: CCF on that edge after sink-masking — content x content or sink/positional? Stage 2 (only if 0+1 pass): match on-target release, measure legit-content KL FRA vs content-gated projection-removal; report soft-cap headroom tanh'(s/50) to bound reach. Pre-register that low-CCF / no-head-found is a publishable cross-architecture NEGATIVE.",
          "feasibility": "gemma-2-2b + GemmaScope res 65k (RMSNorm-exact FRA pipeline validated on gemma retrieval, edge-ratio 1.07). One GPU pod. Main risk: head-finding may not surface a clean candidate at all.",
          "why_linear_steer_fails": "Conditional on the edge existing, identical separability to s3 (target-specific predict-T query makes the conjunction non-recurrent, steer must corrupt a marginal endpoint corpus-wide, FRA cuts only the cell, RMSNorm makes it exact). If the edge does NOT exist as a clean cell, NO method including FRA wins — that negative is itself the cross-architecture finding.",
          "why_ranked": "The published evidence cuts against a clean win on TWO checklist clauses, which is why predicted_CCF is LOW: (1) larger-model copy-suppressors do NOT use clean unembedding directions, so the (predict-T x T-key) conjunction may not dominate the score (CCF likely returns low/distributed — the gemma knowledge-conflict R=0.24 analog), and (2) 'weaker in larger models' means smaller edge margins, which combined with gemma's soft-cap attenuation and the 65k-vs-1M granularity ceiling may mean no matched-removal operating point exists (the documented Gemma backdoor 1/4->3/4 reach pattern — a REACH ceiling). RMSNorm-exact correction is the only upside. Honest prior: edge probably too smeared to be CCF-high. Resolves to a fast negative SCREEN, not a Tier-2 spend — valuable as a pre-registered cross-architecture negative but low expected win probability."
        },
        {
          "rank": 14,
          "behavior": "Selective ANTI-INDUCTION release on gpt2-small (distinct negative-head subtype): re-enable the induction continuation for ONE bigram (X->Y) on an anti-induction head (negative induction score), while the head's general anti-induction stays intact. Dissociates 'FRA can cut an edge' from 'FRA can selectively un-cut one cell of a head whose JOB is to cut'.",
          "paper": "McDougall et al. 2024 (anti-induction heads = second negative-head subtype; L10H7 has a general anti-induction effect) + Olsson 2022; in-repo induction win supplies the bilinear-induction-edit machinery.",
          "benchmark": "gpt2-small + a synthetic induction eval (random-token bigram-repeat 'A B C ... A ?' where the anti-induction head lowers P(B)) for causal head-finding, then natural repeated-bigram completions. res-jb SAEs. Metric = legit-content KL FRA vs content-gated projection-removal at matched on-target release.",
          "score": 34,
          "predicted_verdict": "uncertain",
          "attention_edge": "query = 'token-X-being-continued' (distinctive CONTENT, as in the confirmed induction win) x key = 'Y = token-after-the-previous-X'. Releasing this single cell of the anti-induction head's bilinear form restores induction for X->Y only.",
          "probe": "(1) Locate the anti-induction head: run the bigram-repeat synthetic, rank heads by NEGATIVE induction score (causal edge-cut on P(continuation), not raw attention). (2) Per-bigram LBNR screen: edge-cut oracle net P(Y) swing — keep large-swing bigrams (where the positive induction circuit was already pushing Y). (3) On survivors, match on-target release, measure legit-content KL (anti-induction change on all other bigrams + KL on normal text) FRA vs content-gated projection-removal. (4) Existence-proof arm: random off-edge cell un-cut (same head, wrong pair) should do nothing. Reuses the induction-edit code with a sign flip.",
          "feasibility": "gpt2-small; anti-induction head identified via the synthetic induction-score sweep; reuses the induction-edit code already in the repo. res-jb SAEs ship for all gpt2 layers. One small GPU pod.",
          "why_linear_steer_fails": "Same separability skeleton as the induction win, release direction. A content-gated steer re-enabling X->Y must inject the Y-prediction direction at X's continuation positions — fires for EVERY X in the corpus (high-reuse content), broadcasts into all heads' Q/K/V + MLP, and hits the entire Y-ROW of the bilinear form (re-enables induction toward Y from MANY queries). FRA un-cuts exactly the (X-query x Y-key) cell.",
          "why_ranked": "Clean content query and a nice dissociation (signed surgical edit on a suppressor head), and direct-consumption is favorable (induction continuation = the attended token's OV write). But the LBNR is genuinely uncertain by NET-CANCELLATION, not backup: the anti-induction head's effect is only VISIBLE relative to the competing POSITIVE induction circuit, so releasing its suppression of X->Y does something only if the positive heads were already pushing Y — net LBNR must be measured per-bigram and may be redundantly determined. It is also a SYNTHETIC mechanism-demonstration (low importance, no published benchmark — it is a methodological dissociation), so even a clean pass yields a capability-proof rather than a benchmark win. Ranks low: interesting as a theory dissociation, weak as a campaign deliverable."
        },
        {
          "rank": 15,
          "behavior": "Context-faithfulness on gemma-2-2b (the screened-out variant) — NEGATIVE CONTROL: knowledge-conflict where the in-context counterfactual competes with the PARAMETRIC answer. Already measured R=0.24, distributed.",
          "paper": "Ortu et al. 2024 gemma variant; already screened out in the program (R=0.24).",
          "benchmark": "gemma-2-2b + GemmaScope 65k; metric P(in-context) vs P(parametric). ALREADY RUN.",
          "score": 16,
          "predicted_verdict": "lose",
          "attention_edge": "(fact-frame query x counterfactual-attribute key) — but on gemma-base the answer is robustly retrieved/distributed, so the override rides a distributed task-direction across many weak edges, not a separable pair.",
          "probe": "Already measured: R=0.24. No further run needed except as the documented contrast to candidate 5 (gpt2 Ortu): same task, gpt2-small concentrated/separable (predict win) vs gemma-base distributed (measured lose) — isolates model-scale dilution of head specialization as the variable. Run ONLY as the paired contrast, not standalone.",
          "feasibility": "Already run; gemma-2-2b + GemmaScope 65k. Zero new cost.",
          "why_linear_steer_fails": "Moot — the behavior is distributed/direction-routed (the knowledge-conflict failure mode), so NO local intervention including FRA cleanly separates it. On gemma the answer is also parametrically backed up, giving a redundant override. There is no separable product term to cut.",
          "why_ranked": "Already measured as a LOSE (R=0.24, distributed) and explicitly screened out. Its only remaining value is as the paired contrast to candidate 5 (gpt2-small Ortu), demonstrating that the SAME behavior is separable at gpt2-scale and distributed at gemma-scale — the model-scale-dilution lesson. Not worth a standalone run; included for completeness as a documented negative."
        },
        {
          "rank": 16,
          "behavior": "Subject-verb number agreement under an attractor: in 'The key to the cabinets ___', reweight the verb-slot query's attention between head-noun-number and attractor-number keys so the verb takes the correct number. NEGATIVE — predicted lose.",
          "paper": "Finlayson et al. 2021 'Causal Analysis of Syntactic Agreement Mechanisms' (arXiv:2106.06087); 'Identifying a Circuit for Verb Conjugation in GPT-2' (arXiv:2506.22105); Linzen 2016 / Marvin & Linzen 2018.",
          "benchmark": "Marvin & Linzen 2018 attractor templates + Linzen 2016; metric = singular-vs-plural verb logit margin, attraction-error rate. gpt2-small res-jb.",
          "score": 18,
          "predicted_verdict": "lose",
          "attention_edge": "query = verb-slot 'about-to-emit-verb' position x key = number-marked noun feature. Cell = (verb-slot-query x attractor-number-key) on subject-anchor heads (gpt2 9.4/10.0/11.4-11.7).",
          "probe": "Rank subject-anchor heads by CAUSAL edge-cut, cut the (verb-slot-query x attractor-number-key) cells, measure LBNR-R = drop in attraction-error / drop in attention-to-attractor; pass iff R>~0.8 with no backup. Direct-consumption control: cut (verb-slot x head-noun-number) and check the verb-form logit margin moves the predicted amount — if attention fully reroutes but the verb form barely changes, MLP re-derivation confirmed (fail). Run as a fast negative control, not a campaign.",
          "feasibility": "gpt2-small + res-jb; subject-anchor heads published. Fully runnable but predicted to lose.",
          "why_linear_steer_fails": "IF the attraction edge were load-bearing, the separability is clean (the attractor noun reuses its number feature everywhere; a steer suppressing the plural direction at the verb slot corrupts the attractor for every reader and damages plural marking globally; a steer hits a row/column not the cell). But this is moot because the behavior fails direct-consumption + redundancy upstream of where separability pays off.",
          "why_ranked": "Predicted LOSE on TWO independent counts the literature pins directly: (1) DIRECT-CONSUMPTION — the verb FORM is MLP-computed from the attended noun-number (Finlayson: agreement NIEs peak in upper-middle layers, attention-only circuit hits 0.65 vs 0.70, PLURAL collapses to 0.53 vs 0.88, 'more diffusely encoded beyond attention heads') — the greater-than failure; (2) DISTRIBUTIONAL REDUNDANCY — the subject is also tracked through the residual/positional structure, no single load-bearing structural edge. Cutting the edge controls the attending, not the morphology. A clean negative control for the recall/structure boundary, not a win attempt."
        },
        {
          "rank": 17,
          "behavior": "Natural Winograd/Winogrande coreference (no planted trigger): bind 'IT' to the correct antecedent; attempt to redirect/remove one binding via a cell edit. LOSE ANCHOR.",
          "paper": "Davies/binding-circuit line (entity tracking, arXiv:2306.03882) + Winogrande (Sakaguchi 2019). The program's binding/entity-tracking failure class (binding R=-0.89, entity-PII sibling no-op).",
          "benchmark": "gemma-2-2b + GemmaScope 65k / gpt2-small on Winogrande/WSC273; metric = P(correct antecedent), per-antecedent swap rate.",
          "score": 12,
          "predicted_verdict": "lose",
          "attention_edge": "query = pronoun-slot 'queried-referent' GENERIC ROLE feature (resolved positionally; 'it' carries almost no disambiguating content) x key = antecedent entity token. The textbook positional-role-query the cycle-2 sharpening rules OUT.",
          "probe": "Run as the screened-out control: measure FRA-mass overlap between the two antecedent edges (predict HIGH overlap => non-separable), edge-cut R on P(correct antecedent) (predict low / backups rebind), A = target-vs-sibling separability (predict ~1-2). Confirms the clause-4 generic-role-query boundary + binding-distributed failure. Cheap; screen HARD before any Tier-2 spend.",
          "feasibility": "gpt2-small / gemma-2-2b + SAEs runnable, but CORRECT-resolution is near-chance on small base models (Winogrande noisy) — useful only as a negative/boundary control.",
          "why_linear_steer_fails": "It mostly doesn't — that is the point. Binding is direction/position-routed and the query is a generic role, so NEITHER FRA nor a linear steer cleanly separates the two antecedents; a position-patch is actually the more appropriate tool. There is no separable content product term whose support is disjoint from legitimate use.",
          "why_ranked": "The designated LOSE ANCHOR: generic-role query (positionally resolved) + distributed/self-repairing binding circuit (R=-0.89 measured) + near-chance base behavior on small models = a triple failure with no separability story FRA can exploit. Negation of edge-routing, LBNR, and conjunction-specificity at once. Run only as the cheap clause-4 boundary control."
        },
        {
          "rank": 18,
          "behavior": "Matching-delimiter / quote-type closing: cut the (close-slot-query x matching-opener-key) cell to flip which delimiter closes. ALREADY-RUN NEGATIVE (CCF 0.732, LBNR R=+0.23).",
          "paper": "ACDC / Conmy 2023 docstring-and-bracket; Dyck-language head analyses; the FRA campaign's own cycle-2 delimiter screen.",
          "benchmark": "Synthetic Dyck / nested-paren + quote-type templates (gpt2-small); metric = P(correct closer), matched-opener attention. ALREADY RUN.",
          "score": 14,
          "predicted_verdict": "lose",
          "attention_edge": "query = close-slot 'expecting-a-closer' structural feature x key = the specific opener token feature. Cell = (close-slot-query x matching-opener-key). A genuine content x content conjunction (CCF=0.732) that is NOT load-bearing.",
          "probe": "Re-confirm: CCF after sink-masking + causal edge-cut LBNR-R on P(correct closer). Add the redundancy control distinguishing cue- from head-redundancy: progressively REMOVE distributional cues (randomize local syntax / mean-ablate an MLP bracket-counter) and re-measure R — R should rise toward 1 only as alternative cues are stripped, proving 'the EDGE is not unique, the CONJUNCTION is not the sole carrier'. Operationalizes the redundancy-dial Arm B. Already largely run.",
          "feasibility": "gpt2-small + res-jb — already implemented and run (g6_delim.py). Cheapest possible to reconfirm.",
          "why_linear_steer_fails": "Moot — because LBNR fails, neither FRA nor any steer cleanly controls the behavior; there is no separability win. The value is as the NEGATIVE anchor defining the structural-redundancy boundary.",
          "why_ranked": "ALREADY MEASURED as the canonical CCF-high/LBNR-fail negative (CCF 0.732 but R=+0.23): the cleanest demonstration that a genuine content conjunction can be behaviorally inert by DISTRIBUTIONAL cue-redundancy (grammar provides many cues to close a paren). Defines the redundancy boundary. No new run needed except the cue-stripping dial as a methodological control. Pure negative anchor."
        },
        {
          "rank": 19,
          "behavior": "Pure PARAMETRIC factual recall (no in-context answer): attribute generated from weights ('The capital of France is ___' -> 'Paris', Paris nowhere in prompt). Cut the (relation-query x enriched-subject-key) extraction edge to suppress one fact. LOSE — negative control for the recall family.",
          "paper": "Geva et al. 2023 'Dissecting Recall of Factual Associations' (EMNLP); Chughtai et al. 2024 'Summing Up the Facts: Additive Mechanisms'; Lv et al. 2024 (L9H8/L10H0).",
          "benchmark": "gpt2-small / gemma-2-2b + CounterFact / PARAREL; metric P(correct attribute). res-jb / GemmaScope 65k.",
          "score": 14,
          "predicted_verdict": "lose",
          "attention_edge": "query = relation+last-subject content x key = enriched last-subject token ('France'). Geva: extraction by upper-layer MHSA spread over ~150 heads; only ~30% of events have a dedicated head; ~31% done by the MLP directly.",
          "probe": "Run as a NEGATIVE control alongside candidate 5: same CCF (expect high content-conj) but LBNR-R via causal edge-cut across the top-k subject-extraction heads should be LOW/partial (predict P-drop <60%, re-derived by MLP), and a direct-consumption check (does cutting attendance kill the attribute, or does logit-lens still recover Paris from the residual?) should show MLP re-derivation. Contrast with candidate 5's clean collapse to demonstrate in-context-copy (win) vs parametric-additive (lose).",
          "feasibility": "gpt2-small / gemma-2-2b + public CounterFact, res-jb / GemmaScope — fully feasible to run, predicted to lose. Worth running only as the calibrating negative.",
          "why_linear_steer_fails": "Largely doesn't NEED to — the attribute is weight/MLP-routed and distributed, so there is less of a clean bilinear gap for FRA to exploit; a direction on subject or attribute is comparably (im)precise. No separable product term whose support is disjoint from legitimate subject use AND alone carries the behavior.",
          "why_ranked": "Predicted LOSE three independent ways: (1) DISTRIBUTION/REDUNDANCY (Geva ~150 heads, blocking all subject-position attention drops P only ~60%, Chughtai's FOUR additive mechanisms = the IOI backup signature); (2) DIRECT-CONSUMPTION fail (~31% MLP-computed, Lv's deep MLP redirects the residual — the greater-than failure); (3) the attribute is not even in context to copy. The clean negative control that calibrates the recall-family boundary against candidate 5's in-context win — the discriminating variable is in-context-copy vs parametric-additive."
        },
        {
          "rank": 20,
          "behavior": "IOI S-inhibition / duplicate-token control: cut the (S2-query x S1-key) duplicate-detection edge to control whether the repeated name is suppressed. LOSE — the cleanest 'high-CCF, fails-LBNR' negative in the duplicate-token family.",
          "paper": "Wang et al. 2022 'Interpretability in the Wild: a Circuit for IOI in GPT-2 small' (arXiv:2211.00593) — S-Inhibition and Duplicate-Token head classes.",
          "benchmark": "IOI template set (the paper's own); metric = logit-diff(IO - S). gpt2-small.",
          "score": 10,
          "predicted_verdict": "lose",
          "attention_edge": "query = S2 (the repeated subject token, distinctive content) x key = S1 (its earlier occurrence). Cell = (duplicate-subject-query x same-subject-earlier-key) on duplicate-token/S-inhibition heads. A genuine content x content conjunction with a content query — which is WHY it is tempting and instructive that it still fails.",
          "probe": "Measure LBNR-R for the (S2 x S1) duplicate cell across duplicate-token + S-inhibition heads on IOI logit-diff, with backup-head monitoring (track name-mover and backup-name-mover attention before/after the cut). Predicted R<=0.2 with backup name-mover attention RISING on the cut — the IOI self-repair signature. Run as a 1-hour confirmation, not a campaign.",
          "feasibility": "gpt2-small + res-jb; IOI harness trivial (the program already ran IOI). Near-zero cost to confirm the predicted LBNR fail.",
          "why_linear_steer_fails": "Moot — the behavior is not removable by ANY local intervention (precise-but-inert: the edit lands but backups restore). FRA and a linear steer would TIE near zero behavioral effect — itself the diagnostic.",
          "why_ranked": "The cleanest instructive LOSE: a textbook content x content conjunction WITH a content query (so it passes the clause-4 query test) that STILL fails LBNR — because the IOI circuit is self-repairing (R=-0.39 measured in the program for the name-mover edge; backups overcompensate) on BOTH the detection side (induction + duplicate-token heads redundantly carry it) and the consumption side (the duplicate signal is a POINTER read downstream by name-movers, not the OV-transported content — direct-consumption fail). Three checklist factors negated at once. Confirms CCF-high is NOT sufficient. Lowest rank: pure 1-hour confirmation of a predicted fail, zero campaign value beyond validating the predictor's discrimination."
        }
      ],
      "shortlist_to_evaluate": [
        "Corpus-level selective copy-suppression RELEASE (L10H7 + L11H10 union) on gpt2-small — most de-risked (s3 already gave R=+0.95, FRA 0.022 vs head-ablate 0.503); the corpus/CSPA run + 2-head union is the external-validity deliverable. Probe: at matched edge-cut-oracle logit(T) release, legit-KL on non-T tokens FRA-union vs content-gated projection-removal of the T-direction across >=50 CSPA tokens; single-head-vs-union arm tests L11H10 self-repair. Reuses jobs/s3_copysupp_tier2.py + acronym_steer3.py.",
        "ICL data-poisoning label-flip (ICLAttack poisoned SST-2/AG-News) on gemma-2-2b/gpt2-small — published-benchmark instantiation of the confirmed in-context-backdoor win (FRA 0.07 vs DoM 1.83). Probe: plant end-trigger, confirm ASR>0.8; causal-rank label-copying heads by edge-cut; FRA-ablate (trigger-query x attacker-label-key) pairs to matched ASR-removal; measure clean ICL accuracy + legit-KL on trigger-phrase text vs content-gated projection-removal steer. Reuses ic*.py harness. Verify the sentence-trigger query feature concentrates.",
        "RULER MK-NIAH distractor-resistant retrieval on gemma-2-2b — best published LBNR evidence (Wu et al. retrieval heads, behavioral non-redundancy) + differential-by-key-content escapes the cycle-2 role-query trap. Probe: short context 2-4K with 3+ same-format distractors tuned to base acc 0.5-0.8; causal retrieval-head detection (retrieval-score + edge-cut); at matched on-target effect, distractor-emission + legit-KL FRA vs DeCoRe-style faithfulness ActAdd + target-key projection + conv-SAE; leave-one-out transfer to held-out instances. Reuses r2_fra_retrieval.py + Wu detector + RULER generator.",
        "Class-level set-algebra UNION (digit-class PII prerequisite) on gemma-2-2b synthetic — the UNIQUE expressive capability (union over a feature family) no linear steer or position-patch can express; load-bearing prerequisite for the class-level PII/secret bets. Probe: cut UNION of (attribute-query x digit-class-key) cells across causal retrieval heads at c~1.5-2; report on-class removal mean+variance (uniformity), non-class recall + arithmetic preservation, vs digit-direction projection-removal (predict wrecks arithmetic) + N position-patches. First verify a clean GemmaScope digit-class feature exists (gates the union).",
        "In-context counterfactual override / context-faithfulness on gpt2-small ONLY (Ortu CounterFact) — content query (fact-frame) x content key (counterfactual attribute), sparse mover heads with published direct-consumption evidence; the ~1100x retrieval-separability prediction in CounterFact clothing. Probe: CCF on (fact-frame-query x attribute-key) over the mover heads; causal edge-cut head-ranking + UNION cut over promoter heads (test additive over-determination); legit-KL on legit-'Rome' sentences vs content-gated projection-removal of the Rome-key at matched parametric-restoration. MUST re-measure LBNR on gpt2 (gemma variant already failed R=0.24 by scale-dilution)."
      ],
      "notes": "CONSOLIDATION: 21 brainstormed entries deduped to 20 distinct candidates. Three copy-suppression-RELEASE entries (rank-3 'most de-risked', the L10H7+L11H10-union corpus entry, and the 'misfire-repair' sign-variant) all target the SAME head-family/mechanism/eval-distribution and are merged into ranked #1. Two occupational-gender-pronoun entries merged into #9. The in-context-coreference-backdoor (#8) and natural-Winograd-coreference (#17, LOSE) are kept distinct (planted-trigger content-query vs generic-role-query — the clause-4 discriminator). Gemma-knowledge-conflict (#15) is kept as the measured-LOSE paired contrast to gpt2 Ortu (#5).\n\nRANKING ANCHORED ON MEASURED IN-REPO RESULTS (experiments/fra_win/CAMPAIGN_REPORT.md + multitrigger_sleeper/summary.md). CONFIRMED WINS: retrieval two-needle ~1100x, acronym ~26,000x, induction ~15x/235x, in-context-backdoor flip (FRA 0.07 vs DoM 1.83/conv-SAE 6.06), copy-suppression s3 single-prompt (R=+0.95, FRA 0.022 vs head-ablate 0.503, A=22.7x). CONFIRMED LOSSES: docstring R=0.08, delimiter CCF 0.732/R=0.23, shared-endpoint box A=1.9x->7.9x, entity-PII differential NO-OP at strong base, knowledge-conflict gemma R=0.24, many-shot jailbreak (direction-routed), weight-baked sleeper (output-direction, DoM wins), fact-recall (base P too weak + MLP). The multitrigger sprint adds a HARD lesson directly relevant here: even for a clean in-context backdoor, FRA's value was diagnostic/selectional/localizing, NOT a better steering direction, and detector-feature != payload — but the QK CELL EDIT (not OV ablation) is the load-bearing win, which the shortlist all target.\n\nKEY PREDICTOR APPLICATION (FRA wins iff CCF-high AND LBNR-high; unique value = separability vs a content-gated linear steer):\n- The 5 shortlisted all have (a) a genuine content x content conjunction with a DISTINCTIVE-CONTENT discriminating endpoint (clause-4 satisfied: copy-supp query=about-to-predict-T; ICL query=trigger-phrase; NIAH query=queried-key-string; class-union key=digit-class with content attribute-query; Ortu query=fact-frame, key=counterfactual attribute), (b) direct OV-consumption (the attended/written content IS the behavior), and (c) a real reuse gap so a content-gated steer collaterals.\n- WHERE MOST CANDIDATES DIE (heaviest weight): redundancy/distributed/direction-routed/MLP. Killed or down-ranked on this: repetition-loop (#6, MLP repetition neurons + logit self-reinforcement + R-fold edge redundancy), gemma-gender (#9, synergistic multi-head + possible output-direction), alias-jailbreak (#10, MLP re-derivation + binding-adjacency), relation-selective recall (#11, shared-endpoint -> measured 1.9x floor prior), Dyck (#12, depth-role query + counter-MLP), gemma copy-supp (#13, published evidence of distributed/no-clean-unembedding + REACH ceiling), anti-induction (#14, net-cancellation LBNR + synthetic-only), and the four hard LOSES (#16 agreement = MLP morphology + redundancy; #17 Winograd = generic-role + distributed binding; #19 parametric recall = ~150 heads additive + MLP; #20 IOI duplicate = self-repair + pointer-not-OV).\n\nREACH vs SEPARABILITY caveat threaded throughout: the gemma soft-cap + SAE granularity (65k sweet spot, 1M fragments at fixed K) + GPT-2 LN-centering bound REMOVAL COMPLETENESS, not the separability verdict — they can make a matched-removal operating point hard to hit (the candidate-13 risk) but never flip a win to a lose once that point exists.\n\nFEASIBILITY NOW: all 5 shortlisted reuse existing harness code (s3_copysupp_tier2.py, ic*.py, r2_fra_retrieval.py, g5_s2gemma.py differential cells, acronym_steer3.py / retrieval_steer3.py projection-removal baseline, g_screen.py CCF, s2_lbnr.py). #1 and #5 are gpt2-small (cheapest, res-jb SAEs already loaded); #2/#3/#4 are gemma-2-2b + GemmaScope 65k (RMSNorm-exact FRA correction). Each fits one RunPod GPU tranche. Per user MEMORY: run on RunPod not local; rank heads by CAUSAL edge-cut not raw attention (raw attention picks sink/positional heads); standard fair baseline = content-gated PROJECTION-REMOVAL steer (not SAE-feature-subtraction, which nan'd on gemma / didn't fire on gpt2) compared on legit-content KL at MATCHED on-target removal; train/eval split (extraction/selection disjoint from eval).\n\nTOP RECOMMENDATION: spend GPU first on #1 (copy-suppression corpus, lowest-lift highest-confidence, a true external-validity upgrade of a measured win) and #2 (ICL-poisoning, highest safety importance, published benchmark, same mechanism as a measured win), then #3 (NIAH, best published LBNR evidence) — #4 and #5 are higher-variance (synthetic-prerequisite / scale-dilution-re-measure respectively) but high-value if the first three land."
    }
  }
}